# Bimoteur modélisé sous Tinkercad (projet "Fantastic Kasi-Curcan"), converti depuis le STL.
# Unités : mm (échelle 0,1 dans data/objet.csv -> envergure 13,5 m). Nez vers -X, posé sur y = 0.
mtllib bimoteur.mtl
o bimoteur
v -54.0 23.0 0.0
v -53.914 22.346 0.0
v -53.914 22.368 0.169
v -53.914 22.434 0.327
v -53.914 22.538 0.462
v -53.914 22.673 0.566
v -53.914 22.831 0.632
v -53.914 23.0 0.654
v -53.914 23.169 0.632
v -53.914 23.327 0.566
v -53.914 23.462 0.462
v -53.914 23.566 0.327
v -53.914 23.632 0.169
v -53.914 23.654 0.0
v -53.914 23.632 -0.169
v -53.914 23.566 -0.327
v -53.914 23.462 -0.462
v -53.914 23.327 -0.566
v -53.914 23.169 -0.632
v -53.914 23.0 -0.654
v -53.914 22.831 -0.632
v -53.914 22.673 -0.566
v -53.914 22.538 -0.462
v -53.914 22.434 -0.327
v -53.914 22.368 -0.169
v -53.659 21.739 0.338
v -53.659 21.695 0.0
v -53.659 21.87 0.653
v -53.659 22.077 0.923
v -53.659 22.347 1.13
v -53.659 22.662 1.261
v -53.659 23.0 1.305
v -53.659 23.338 1.261
v -53.659 23.653 1.13
v -53.659 23.923 0.923
v -53.659 24.13 0.653
v -53.659 24.261 0.338
v -53.659 24.305 0.0
v -53.659 24.261 -0.338
v -53.659 24.13 -0.653
v -53.659 23.923 -0.923
v -53.659 23.653 -1.13
v -53.659 23.338 -1.261
v -53.659 23.0 -1.305
v -53.659 22.662 -1.261
v -53.659 22.347 -1.13
v -53.659 22.077 -0.923
v -53.659 21.87 -0.653
v -53.659 21.739 -0.338
v -53.239 21.116 0.505
v -53.239 21.049 0.0
v -53.239 21.31 0.975
v -53.239 21.621 1.379
v -53.239 22.025 1.69
v -53.239 22.495 1.884
v -53.239 23.0 1.951
v -53.239 23.505 1.884
v -53.239 23.975 1.69
v -53.239 24.379 1.379
v -53.239 24.69 0.975
v -53.239 24.884 0.505
v -53.239 24.951 0.0
v -53.239 24.884 -0.505
v -53.239 24.69 -0.975
v -53.239 24.379 -1.379
v -53.239 23.975 -1.69
v -53.239 23.505 -1.884
v -53.239 23.0 -1.951
v -53.239 22.495 -1.884
v -53.239 22.025 -1.69
v -53.239 21.621 -1.379
v -53.239 21.31 -0.975
v -53.239 21.116 -0.505
v -52.66 20.5 0.67
v -52.66 20.412 0.0
v -52.66 20.759 1.294
v -52.66 21.17 1.83
v -52.66 21.706 2.241
v -52.66 22.33 2.5
v -52.66 23.0 2.588
v -52.66 23.67 2.5
v -52.66 24.294 2.241
v -52.66 24.83 1.83
v -52.66 25.241 1.294
v -52.66 25.5 0.67
v -52.66 25.588 0.0
v -52.66 25.5 -0.67
v -52.66 25.241 -1.294
v -52.66 24.83 -1.83
v -52.66 24.294 -2.241
v -52.66 23.67 -2.5
v -52.66 23.0 -2.588
v -52.66 22.33 -2.5
v -52.66 21.706 -2.241
v -52.66 21.17 -1.83
v -52.66 20.759 -1.294
v -52.66 20.5 -0.67
v -51.934 19.895 0.832
v -51.934 19.786 0.0
v -51.934 20.216 1.607
v -51.934 20.727 2.273
v -51.934 21.393 2.784
v -51.934 22.168 3.105
v -51.934 23.0 3.214
v -51.934 23.832 3.105
v -51.934 24.607 2.784
v -51.934 25.273 2.273
v -51.934 25.784 1.607
v -51.934 26.105 0.832
v -51.934 26.214 0.0
v -51.934 26.105 -0.832
v -51.934 25.784 -1.607
v -51.934 25.273 -2.273
v -51.934 24.607 -2.784
v -51.934 23.832 -3.105
v -51.934 23.0 -3.214
v -51.934 22.168 -3.105
v -51.934 21.393 -2.784
v -51.934 20.727 -2.273
v -51.934 20.216 -1.607
v -51.934 19.895 -0.832
v -51.071 19.304 0.99
v -51.071 19.173 0.0
v -51.071 19.686 1.913
v -51.071 20.294 2.706
v -51.071 21.087 3.314
v -51.071 22.01 3.696
v -51.071 23.0 3.827
v -51.071 23.99 3.696
v -51.071 24.913 3.314
v -51.071 25.706 2.706
v -51.071 26.314 1.913
v -51.071 26.696 0.99
v -51.071 26.827 0.0
v -51.071 26.696 -0.99
v -51.071 26.314 -1.913
v -51.071 25.706 -2.706
v -51.071 24.913 -3.314
v -51.071 23.99 -3.696
v -51.071 23.0 -3.827
v -51.071 22.01 -3.696
v -51.071 21.087 -3.314
v -51.071 20.294 -2.706
v -51.071 19.686 -1.913
v -51.071 19.304 -0.99
v -50.088 18.728 1.145
v -50.088 18.577 0.0
v -50.088 19.17 2.211
v -50.088 19.873 3.127
v -50.088 20.789 3.83
v -50.088 21.855 4.272
v -50.088 23.0 4.423
v -50.088 24.145 4.272
v -50.088 25.211 3.83
v -50.088 26.127 3.127
v -50.088 26.83 2.211
v -50.088 27.272 1.145
v -50.088 27.423 0.0
v -50.088 27.272 -1.145
v -50.088 26.83 -2.211
v -50.088 26.127 -3.127
v -50.088 25.211 -3.83
v -50.088 24.145 -4.272
v -50.088 23.0 -4.423
v -50.088 21.855 -4.272
v -50.088 20.789 -3.83
v -50.088 19.873 -3.127
v -50.088 19.17 -2.211
v -50.088 18.728 -1.145
v -49.0 18.17 1.294
v -49.0 18.0 0.0
v -49.0 18.67 2.5
v -49.0 19.464 3.536
v -49.0 20.5 4.33
v -49.0 21.706 4.83
v -49.0 23.0 5.0
v -49.0 24.294 4.83
v -49.0 25.5 4.33
v -49.0 26.536 3.536
v -49.0 27.33 2.5
v -49.0 27.83 1.294
v -49.0 28.0 0.0
v -49.0 27.83 -1.294
v -49.0 27.33 -2.5
v -49.0 26.536 -3.536
v -49.0 25.5 -4.33
v -49.0 24.294 -4.83
v -49.0 23.0 -5.0
v -49.0 21.706 -4.83
v -49.0 20.5 -4.33
v -49.0 19.464 -3.536
v -49.0 18.67 -2.5
v -49.0 18.17 -1.294
v -47.827 17.634 1.438
v -47.827 17.444 0.0
v -47.827 18.189 2.778
v -47.827 19.072 3.928
v -47.827 20.222 4.811
v -47.827 21.562 5.366
v -47.827 23.0 5.556
v -47.827 24.438 5.366
v -47.827 25.778 4.811
v -47.827 26.928 3.928
v -47.827 27.811 2.778
v -47.827 28.366 1.438
v -47.827 28.556 0.0
v -47.827 28.366 -1.438
v -47.827 27.811 -2.778
v -47.827 26.928 -3.928
v -47.827 25.778 -4.811
v -47.827 24.438 -5.366
v -47.827 23.0 -5.556
v -47.827 21.562 -5.366
v -47.827 20.222 -4.811
v -47.827 19.072 -3.928
v -47.827 18.189 -2.778
v -47.827 17.634 -1.438
v -46.588 17.12 1.576
v -46.588 16.912 0.0
v -46.588 17.728 3.044
v -46.588 18.695 4.305
v -46.588 19.956 5.272
v -46.588 21.424 5.88
v -46.588 23.0 6.088
v -46.588 24.576 5.88
v -46.588 26.044 5.272
v -46.588 27.305 4.305
v -46.588 28.272 3.044
v -46.588 28.88 1.576
v -46.588 29.088 0.0
v -46.588 28.88 -1.576
v -46.588 28.272 -3.044
v -46.588 27.305 -4.305
v -46.588 26.044 -5.272
v -46.588 24.576 -5.88
v -46.588 23.0 -6.088
v -46.588 21.424 -5.88
v -46.588 19.956 -5.272
v -46.588 18.695 -4.305
v -46.588 17.728 -3.044
v -46.588 17.12 -1.576
v -45.305 16.631 1.707
v -45.305 16.407 0.0
v -45.305 17.29 3.297
v -45.305 18.338 4.662
v -45.305 19.703 5.71
v -45.305 21.293 6.369
v -45.305 23.0 6.593
v -45.305 24.707 6.369
v -45.305 26.297 5.71
v -45.305 27.662 4.662
v -45.305 28.71 3.297
v -45.305 29.369 1.707
v -45.305 29.593 0.0
v -45.305 29.369 -1.707
v -45.305 28.71 -3.297
v -45.305 27.662 -4.662
v -45.305 26.297 -5.71
v -45.305 24.707 -6.369
v -45.305 23.0 -6.593
v -45.305 21.293 -6.369
v -45.305 19.703 -5.71
v -45.305 18.338 -4.662
v -45.305 17.29 -3.297
v -45.305 16.631 -1.707
v -44.0 16.17 1.83
v -44.0 15.929 0.0
v -44.0 16.876 3.536
v -44.0 18.0 5.0
v -44.0 19.464 6.124
v -44.0 21.17 6.83
v -44.0 23.0 7.071
v -44.0 24.83 6.83
v -44.0 26.536 6.124
v -44.0 28.0 5.0
v -44.0 29.124 3.536
v -44.0 29.83 1.83
v -44.0 30.071 0.0
v -44.0 29.83 -1.83
v -44.0 29.124 -3.536
v -44.0 28.0 -5.0
v -44.0 26.536 -6.124
v -44.0 24.83 -6.83
v -44.0 23.0 -7.071
v -44.0 21.17 -6.83
v -44.0 19.464 -6.124
v -44.0 18.0 -5.0
v -44.0 16.876 -3.536
v -44.0 16.17 -1.83
v -42.695 15.738 1.946
v -42.695 15.482 0.0
v -42.695 16.489 3.759
v -42.695 17.684 5.316
v -42.695 19.241 6.511
v -42.695 21.054 7.262
v -42.695 23.0 7.518
v -42.695 24.946 7.262
v -42.695 26.759 6.511
v -42.695 28.316 5.316
v -42.695 29.511 3.759
v -42.695 30.262 1.946
v -42.695 30.518 0.0
v -42.695 30.262 -1.946
v -42.695 29.511 -3.759
v -42.695 28.316 -5.316
v -42.695 26.759 -6.511
v -42.695 24.946 -7.262
v -42.695 23.0 -7.518
v -42.695 21.054 -7.262
v -42.695 19.241 -6.511
v -42.695 17.684 -5.316
v -42.695 16.489 -3.759
v -42.695 15.738 -1.946
v -41.412 15.337 2.053
v -41.412 15.066 0.0
v -41.412 16.129 3.967
v -41.412 17.39 5.61
v -41.412 19.033 6.871
v -41.412 20.947 7.663
v -41.412 23.0 7.934
v -41.412 25.053 7.663
v -41.412 26.967 6.871
v -41.412 28.61 5.61
v -41.412 29.871 3.967
v -41.412 30.663 2.053
v -41.412 30.934 0.0
v -41.412 30.663 -2.053
v -41.412 29.871 -3.967
v -41.412 28.61 -5.61
v -41.412 26.967 -6.871
v -41.412 25.053 -7.663
v -41.412 23.0 -7.934
v -41.412 20.947 -7.663
v -41.412 19.033 -6.871
v -41.412 17.39 -5.61
v -41.412 16.129 -3.967
v -41.412 15.337 -2.053
v -40.173 14.969 2.152
v -40.173 14.685 0.0
v -40.173 15.799 4.157
v -40.173 17.121 5.879
v -40.173 18.843 7.201
v -40.173 20.848 8.031
v -40.173 23.0 8.315
v -40.173 25.152 8.031
v -40.173 27.157 7.201
v -40.173 28.879 5.879
v -40.173 30.201 4.157
v -40.173 31.031 2.152
v -40.173 31.315 0.0
v -40.173 31.031 -2.152
v -40.173 30.201 -4.157
v -40.173 28.879 -5.879
v -40.173 27.157 -7.201
v -40.173 25.152 -8.031
v -40.173 23.0 -8.315
v -40.173 20.848 -8.031
v -40.173 18.843 -7.201
v -40.173 17.121 -5.879
v -40.173 15.799 -4.157
v -40.173 14.969 -2.152
v -39.0 14.635 2.241
v -39.0 14.34 0.0
v -39.0 15.5 4.33
v -39.0 16.876 6.124
v -39.0 18.67 7.5
v -39.0 20.759 8.365
v -39.0 23.0 8.66
v -39.0 25.241 8.365
v -39.0 27.33 7.5
v -39.0 29.124 6.124
v -39.0 30.5 4.33
v -39.0 31.365 2.241
v -39.0 31.66 0.0
v -39.0 31.365 -2.241
v -39.0 30.5 -4.33
v -39.0 29.124 -6.124
v -39.0 27.33 -7.5
v -39.0 25.241 -8.365
v -39.0 23.0 -8.66
v -39.0 20.759 -8.365
v -39.0 18.67 -7.5
v -39.0 16.876 -6.124
v -39.0 15.5 -4.33
v -39.0 14.635 -2.241
v -37.912 14.337 2.321
v -37.912 14.031 0.0
v -37.912 15.233 4.484
v -37.912 16.658 6.342
v -37.912 18.516 7.767
v -37.912 20.679 8.663
v -37.912 23.0 8.969
v -37.912 25.321 8.663
v -37.912 27.484 7.767
v -37.912 29.342 6.342
v -37.912 30.767 4.484
v -37.912 31.663 2.321
v -37.912 31.969 0.0
v -37.912 31.663 -2.321
v -37.912 30.767 -4.484
v -37.912 29.342 -6.342
v -37.912 27.484 -7.767
v -37.912 25.321 -8.663
v -37.912 23.0 -8.969
v -37.912 20.679 -8.663
v -37.912 18.516 -7.767
v -37.912 16.658 -6.342
v -37.912 15.233 -4.484
v -37.912 14.337 -2.321
v -36.929 14.076 2.391
v -36.929 13.761 0.0
v -36.929 14.999 4.619
v -36.929 16.467 6.533
v -36.929 18.381 8.001
v -36.929 20.609 8.924
v -36.929 23.0 9.239
v -36.929 25.391 8.924
v -36.929 27.619 8.001
v -36.929 29.533 6.533
v -36.929 31.001 4.619
v -36.929 31.924 2.391
v -36.929 32.239 0.0
v -36.929 31.924 -2.391
v -36.929 31.001 -4.619
v -36.929 29.533 -6.533
v -36.929 27.619 -8.001
v -36.929 25.391 -8.924
v -36.929 23.0 -9.239
v -36.929 20.609 -8.924
v -36.929 18.381 -8.001
v -36.929 16.467 -6.533
v -36.929 14.999 -4.619
v -36.929 14.076 -2.391
v -36.066 13.853 2.451
v -36.066 13.531 0.0
v -36.066 14.799 4.735
v -36.066 16.304 6.696
v -36.066 18.265 8.201
v -36.066 20.549 9.147
v -36.066 23.0 9.469
v -36.066 25.451 9.147
v -36.066 27.735 8.201
v -36.066 29.696 6.696
v -36.066 31.201 4.735
v -36.066 32.147 2.451
v -36.066 32.469 0.0
v -36.066 32.147 -2.451
v -36.066 31.201 -4.735
v -36.066 29.696 -6.696
v -36.066 27.735 -8.201
v -36.066 25.451 -9.147
v -36.066 23.0 -9.469
v -36.066 20.549 -9.147
v -36.066 18.265 -8.201
v -36.066 16.304 -6.696
v -36.066 14.799 -4.735
v -36.066 13.853 -2.451
v -35.34 13.67 2.5
v -35.34 13.341 0.0
v -35.34 14.635 4.83
v -35.34 16.17 6.83
v -35.34 18.17 8.365
v -35.34 20.5 9.33
v -35.34 23.0 9.659
v -35.34 25.5 9.33
v -35.34 27.83 8.365
v -35.34 29.83 6.83
v -35.34 31.365 4.83
v -35.34 32.33 2.5
v -35.34 32.659 0.0
v -35.34 32.33 -2.5
v -35.34 31.365 -4.83
v -35.34 29.83 -6.83
v -35.34 27.83 -8.365
v -35.34 25.5 -9.33
v -35.34 23.0 -9.659
v -35.34 20.5 -9.33
v -35.34 18.17 -8.365
v -35.34 16.17 -6.83
v -35.34 14.635 -4.83
v -35.34 13.67 -2.5
v -34.761 13.526 2.538
v -34.761 13.192 0.0
v -34.761 14.506 4.904
v -34.761 16.065 6.935
v -34.761 18.096 8.494
v -34.761 20.462 9.474
v -34.761 23.0 9.808
v -34.761 25.538 9.474
v -34.761 27.904 8.494
v -34.761 29.935 6.935
v -34.761 31.494 4.904
v -34.761 32.474 2.538
v -34.761 32.808 0.0
v -34.761 32.474 -2.538
v -34.761 31.494 -4.904
v -34.761 29.935 -6.935
v -34.761 27.904 -8.494
v -34.761 25.538 -9.474
v -34.761 23.0 -9.808
v -34.761 20.462 -9.474
v -34.761 18.096 -8.494
v -34.761 16.065 -6.935
v -34.761 14.506 -4.904
v -34.761 13.526 -2.538
v -34.341 13.423 2.566
v -34.341 13.086 0.0
v -34.341 14.414 4.957
v -34.341 15.989 7.011
v -34.341 18.043 8.586
v -34.341 20.434 9.577
v -34.341 23.0 9.914
v -34.341 25.566 9.577
v -34.341 27.957 8.586
v -34.341 30.011 7.011
v -34.341 31.586 4.957
v -34.341 32.577 2.566
v -34.341 32.914 0.0
v -34.341 32.577 -2.566
v -34.341 31.586 -4.957
v -34.341 30.011 -7.011
v -34.341 27.957 -8.586
v -34.341 25.566 -9.577
v -34.341 23.0 -9.914
v -34.341 20.434 -9.577
v -34.341 18.043 -8.586
v -34.341 15.989 -7.011
v -34.341 14.414 -4.957
v -34.341 13.423 -2.566
v -34.086 13.361 2.583
v -34.086 13.021 0.0
v -34.086 14.358 4.989
v -34.086 15.944 7.056
v -34.086 18.011 8.642
v -34.086 20.417 9.639
v -34.086 23.0 9.979
v -34.086 25.583 9.639
v -34.086 27.989 8.642
v -34.086 30.056 7.056
v -34.086 31.642 4.989
v -34.086 32.639 2.583
v -34.086 32.979 0.0
v -34.086 32.639 -2.583
v -34.086 31.642 -4.989
v -34.086 30.056 -7.056
v -34.086 27.989 -8.642
v -34.086 25.583 -9.639
v -34.086 23.0 -9.979
v -34.086 20.417 -9.639
v -34.086 18.011 -8.642
v -34.086 15.944 -7.056
v -34.086 14.358 -4.989
v -34.086 13.361 -2.583
v -34.0 13.341 2.588
v -34.0 13.0 0.0
v -34.0 14.34 5.0
v -34.0 15.929 7.071
v -34.0 18.0 8.66
v -34.0 20.412 9.659
v -34.0 23.0 10.0
v -34.0 25.588 9.659
v -34.0 28.0 8.66
v -34.0 30.071 7.071
v -34.0 31.66 5.0
v -34.0 32.659 2.588
v -34.0 33.0 0.0
v -34.0 32.659 -2.588
v -34.0 31.66 -5.0
v -34.0 30.071 -7.071
v -34.0 28.0 -8.66
v -34.0 25.588 -9.659
v -34.0 23.0 -10.0
v -34.0 20.412 -9.659
v -34.0 18.0 -8.66
v -34.0 15.929 -7.071
v -34.0 14.34 -5.0
v -34.0 13.341 -2.588
v -34.0 23.0 0.0
v 39.171 25.0 25.655
v 39.0 25.0 25.5
v 42.5 25.0 25.5
v 39.668 25.0 25.794
v 40.443 25.0 25.905
v 41.418 25.0 25.976
v 42.5 25.0 26.0
v 43.582 25.0 25.976
v 44.557 25.0 25.905
v 45.332 25.0 25.794
v 45.829 25.0 25.655
v 46.0 25.0 25.5
v 45.829 25.0 25.345
v 45.332 25.0 25.206
v 44.557 25.0 25.095
v 43.582 25.0 25.024
v 42.5 25.0 25.0
v 41.418 25.0 25.024
v 40.443 25.0 25.095
v 39.668 25.0 25.206
v 39.171 25.0 25.345
v 39.0 35.5 25.5
v 39.171 35.5 25.655
v 42.5 35.5 25.5
v 39.668 35.5 25.794
v 40.443 35.5 25.905
v 41.418 35.5 25.976
v 42.5 35.5 26.0
v 43.582 35.5 25.976
v 44.557 35.5 25.905
v 45.332 35.5 25.794
v 45.829 35.5 25.655
v 46.0 35.5 25.5
v 45.829 35.5 25.345
v 45.332 35.5 25.206
v 44.557 35.5 25.095
v 43.582 35.5 25.024
v 42.5 35.5 25.0
v 41.418 35.5 25.024
v 40.443 35.5 25.095
v 39.668 35.5 25.206
v 39.171 35.5 25.345
v 38.196 25.0 -24.345
v 38.0 25.0 -24.5
v 42.0 25.0 -24.5
v 38.764 25.0 -24.206
v 39.649 25.0 -24.095
v 40.764 25.0 -24.024
v 42.0 25.0 -24.0
v 43.236 25.0 -24.024
v 44.351 25.0 -24.095
v 45.236 25.0 -24.206
v 45.804 25.0 -24.345
v 46.0 25.0 -24.5
v 45.804 25.0 -24.655
v 45.236 25.0 -24.794
v 44.351 25.0 -24.905
v 43.236 25.0 -24.976
v 42.0 25.0 -25.0
v 40.764 25.0 -24.976
v 39.649 25.0 -24.905
v 38.764 25.0 -24.794
v 38.196 25.0 -24.655
v 38.0 35.5 -24.5
v 38.196 35.5 -24.345
v 42.0 35.5 -24.5
v 38.764 35.5 -24.206
v 39.649 35.5 -24.095
v 40.764 35.5 -24.024
v 42.0 35.5 -24.0
v 43.236 35.5 -24.024
v 44.351 35.5 -24.095
v 45.236 35.5 -24.206
v 45.804 35.5 -24.345
v 46.0 35.5 -24.5
v 45.804 35.5 -24.655
v 45.236 35.5 -24.794
v 44.351 35.5 -24.905
v 43.236 35.5 -24.976
v 42.0 35.5 -25.0
v 40.764 35.5 -24.976
v 39.649 35.5 -24.905
v 38.764 35.5 -24.794
v 38.196 35.5 -24.655
v 38.0 28.5 -5.5
v 38.0 18.5 -5.5
v 46.0 28.5 -5.5
v 46.0 18.5 -5.5
v 46.0 28.5 -6.0
v 46.0 18.5 -6.0
v 38.0 28.5 -6.0
v 38.0 18.5 -6.0
v 42.5 22.0 -6.0
v 42.345 22.024 -6.0
v 42.5 22.5 -6.0
v 42.206 22.095 -6.0
v 42.095 22.206 -6.0
v 42.024 22.345 -6.0
v 42.0 22.5 -6.0
v 42.024 22.655 -6.0
v 42.095 22.794 -6.0
v 42.206 22.905 -6.0
v 42.345 22.976 -6.0
v 42.5 23.0 -6.0
v 42.655 22.976 -6.0
v 42.794 22.905 -6.0
v 42.905 22.794 -6.0
v 42.976 22.655 -6.0
v 43.0 22.5 -6.0
v 42.976 22.345 -6.0
v 42.905 22.206 -6.0
v 42.794 22.095 -6.0
v 42.655 22.024 -6.0
v 42.345 22.024 -4.0
v 42.5 22.0 -4.0
v 42.5 22.5 -4.0
v 42.206 22.095 -4.0
v 42.095 22.206 -4.0
v 42.024 22.345 -4.0
v 42.0 22.5 -4.0
v 42.024 22.655 -4.0
v 42.095 22.794 -4.0
v 42.206 22.905 -4.0
v 42.345 22.976 -4.0
v 42.5 23.0 -4.0
v 42.655 22.976 -4.0
v 42.794 22.905 -4.0
v 42.905 22.794 -4.0
v 42.976 22.655 -4.0
v 43.0 22.5 -4.0
v 42.976 22.345 -4.0
v 42.905 22.206 -4.0
v 42.794 22.095 -4.0
v 42.655 22.024 -4.0
v 50.732 39.396 1.811
v 50.771 39.398 1.798
v 49.914 4.702 -0.494
v 49.931 4.146 -0.532
v 49.639 4.671 0.1
v 50.67 39.393 1.835
v 50.731 39.396 1.811
v 50.691 39.393 1.829
v 52.497 23.706 -0.575
v 52.497 23.846 -0.249
v 52.824 23.69 -0.209
v 52.497 22.5 -1.25
v 52.143 22.099 -1.349
v 52.143 22.5 -1.4
v 52.143 23.84 -0.65
v 52.143 21.726 -1.199
v 52.497 22.14 -1.204
v 52.143 23.995 -0.288
v 51.771 21.652 -1.323
v 52.497 21.804 -1.069
v 53.379 22.5 -0.768
v 53.12 22.5 -0.933
v 53.379 22.732 -0.738
v 48.932 4.749 1.632
v 49.1 4.731 1.269
v 48.987 4.186 1.514
v 49.392 4.141 0.636
v 49.639 4.114 0.1
v 51.771 22.061 -1.488
v 51.771 22.5 -1.543
v 49.198 4.19 1.594
v 49.084 4.752 1.69
v 49.354 4.141 0.623
v 49.023 4.177 1.34
v 49.061 4.178 1.353
v 48.948 4.185 1.502
v 50.683 28.807 2.363
v 50.942 28.807 2.266
v 50.736 32.25 2.477
v 50.995 32.25 2.38
v 48.088 25.168 -0.593
v 48.012 25.185 -0.597
v 48.088 25.262 0.1
v 49.987 4.114 0.1
v 49.921 4.117 0.148
v 49.688 4.147 0.746
v 49.282 4.192 1.627
v 49.358 4.183 1.463
v 49.245 4.191 1.612
v 47.986 25.191 -0.599
v 48.012 25.28 0.1
v 47.986 25.286 0.1
v 49.596 4.114 0.1
v 49.321 4.183 1.449
v 49.651 4.146 0.732
v 49.851 39.465 0.652
v 50.165 39.435 1.239
v 50.128 39.434 1.253
v 49.943 4.114 0.1
v 49.01 4.187 1.525
v 49.596 39.493 0.1
v 49.754 39.48 0.348
v 51.771 21.301 -1.062
v 50.732 39.411 1.715
v 50.688 39.411 1.715
v 50.462 39.441 1.13
v 50.424 39.44 1.143
v 51.386 21.201 -1.159
v 51.386 21.582 -1.442
v 50.185 39.471 0.528
v 49.326 3.733 1.532
v 49.888 39.466 0.638
v 50.341 39.411 1.715
v 51.386 22.025 -1.619
v 50.384 39.411 1.715
v 49.661 39.49 0.148
v 49.639 39.493 0.1
v 49.49 21.875 2.359
v 49.162 21.853 2.439
v 49.49 21.294 2.125
v 49.987 3.0 0.1
v 49.653 3.037 0.822
v 49.596 3.0 0.1
v 49.319 3.03 0.698
v 50.147 39.47 0.542
v 49.943 39.493 0.1
v 49.987 39.493 0.1
v 53.12 22.776 -0.898
v 52.824 22.5 -1.094
v 49.121 3.052 1.128
v 49.453 3.059 1.255
v 48.992 3.733 1.407
v 54.0 22.5 0.1
v 53.974 22.453 -0.071
v 53.974 22.5 -0.077
v 49.914 40.298 0.695
v 49.772 40.871 0.387
v 49.764 40.315 0.371
v 53.974 22.409 -0.053
v 53.974 22.371 -0.025
v 48.215 25.232 0.1
v 50.337 40.809 1.612
v 50.342 40.756 1.623
v 50.385 40.81 1.594
v 50.392 40.246 1.729
v 50.498 40.248 1.69
v 53.974 22.342 0.012
v 53.974 22.324 0.055
v 53.974 22.318 0.1
v 50.65 40.251 1.632
v 50.595 40.814 1.515
v 52.143 23.594 -0.961
v 53.898 22.318 -0.205
v 50.648 40.251 1.633
v 52.497 23.485 -0.854
v 53.898 22.243 -0.149
v 49.49 24.912 0.1
v 49.162 24.998 0.1
v 49.49 24.831 0.705
v 50.355 40.245 1.745
v 50.391 40.246 1.73
v 50.186 40.264 1.379
v 50.223 40.264 1.365
v 49.877 40.298 0.709
v 53.898 22.185 -0.076
v 49.943 40.329 0.1
v 50.173 40.303 0.599
v 49.987 40.329 0.1
v 50.211 40.304 0.585
v 49.596 40.329 0.1
v 51.771 23.699 -1.062
v 49.843 21.901 2.269
v 49.843 21.342 2.045
v 50.215 21.395 1.955
v 49.661 40.326 0.148
v 49.639 40.329 0.1
v 53.898 22.149 0.009
v 51.386 22.5 -1.68
v 51.771 23.348 -1.323
v 50.215 21.928 2.169
v 53.771 21.975 -0.036
v 50.215 22.5 2.242
v 49.843 22.5 2.345
v 53.898 22.136 0.1
v 50.52 40.27 1.256
v 50.688 40.252 1.62
v 50.482 40.269 1.269
v 49.162 24.914 0.727
v 48.866 25.073 0.1
v 53.771 22.029 -0.163
v 53.771 22.116 -0.272
v 50.649 40.251 1.632
v 50.993 21.99 -1.744
v 48.866 24.986 0.746
v 49.49 22.5 2.438
v 50.993 21.515 -1.553
v 50.493 40.248 1.693
v 52.497 22.86 -1.204
v 52.824 22.819 -1.053
v 52.143 23.274 -1.199
v 50.439 39.379 1.926
v 52.497 23.196 -1.069
v 52.143 22.901 -1.349
v 51.386 20.909 -0.79
v 50.993 20.794 -0.854
v 48.607 25.138 0.1
v 50.138 20.567 -0.981
v 49.843 20.494 -1.022
v 50.15 20.591 -1.006
v 48.607 25.048 0.762
v 53.771 21.957 0.1
v 49.905 20.28 -0.476
v 49.843 20.263 -0.481
v 49.906 20.28 -0.477
v 50.008 20.406 -0.699
v 49.843 20.243 -0.34
v 49.897 20.275 -0.459
v 48.389 25.099 0.775
v 48.389 25.191 0.1
v 49.823 20.232 -0.298
v 50.6 23.547 1.858
v 50.36 23.929 1.662
v 50.215 24.063 1.615
v 50.327 24.039 1.592
v 50.328 24.038 1.592
v 47.986 23.059 0.642
v 47.986 21.941 0.642
v 47.986 22.5 2.8
v 53.597 21.779 0.1
v 53.898 22.406 -0.24
v 53.898 22.5 -0.252
v 50.215 23.605 1.955
v 51.771 22.939 -1.488
v 50.221 24.261 1.361
v 47.986 21.779 2.708
v 53.771 22.36 -0.409
v 53.771 22.5 -0.427
v 48.088 24.892 -1.238
v 48.215 25.139 -0.585
v 49.843 24.506 1.223
v 49.843 24.138 1.688
v 53.771 22.228 -0.356
v 49.49 24.589 1.269
v 49.49 24.206 1.753
v 50.262 4.183 -1.249
v 50.223 4.735 -1.165
v 50.337 4.191 -1.412
v 50.596 4.186 -1.314
v 50.512 4.734 -1.134
v 50.553 4.181 -1.222
v 53.597 21.99 -0.394
v 49.943 4.671 0.1
v 49.162 24.664 1.311
v 53.379 21.867 -0.513
v 53.597 22.14 -0.505
v 49.162 24.267 1.812
v 47.986 20.088 1.45
v 47.986 19.809 0.799
v 53.597 21.875 -0.249
v 53.597 21.804 -0.081
v 49.162 21.251 2.197
v 50.138 24.433 1.182
v 50.008 24.594 0.899
v 49.843 24.737 0.681
v 53.379 21.724 -0.334
v 51.596 21.941 0.642
v 51.596 23.059 -0.441
v 51.596 21.941 -0.441
v 53.379 21.635 -0.125
v 48.215 22.5 2.748
v 48.215 21.793 2.658
v 48.389 21.804 2.619
v 53.379 21.605 0.1
v 48.088 22.5 2.777
v 48.088 21.785 2.686
v 51.386 23.418 -1.442
v 51.386 23.799 -1.159
v 53.12 21.47 -0.167
v 51.386 22.975 -1.619
v 48.389 22.5 2.708
v 53.12 21.577 -0.416
v 53.12 21.434 0.1
v 50.993 23.01 -1.744
v 50.993 23.485 -1.553
v 48.866 24.729 1.347
v 48.866 24.32 1.864
v 53.597 22.313 -0.575
v 53.597 22.5 -0.599
v 48.012 22.5 2.795
v 48.012 21.781 2.703
v 50.993 23.893 -1.25
v 50.993 22.5 2.009
v 50.6 22.5 2.13
v 50.993 21.99 1.944
v 50.993 22.5 -1.809
v 53.379 22.268 -0.738
v 50.449 4.17 -0.996
v 50.521 4.178 -1.153
v 50.482 4.731 -1.069
v 50.19 4.141 -0.436
v 50.415 4.723 -0.923
v 53.379 22.052 -0.652
v 50.392 4.754 -1.529
v 48.607 24.784 1.379
v 48.607 24.365 1.908
v 49.894 4.147 -0.546
v 48.389 24.831 1.404
v 50.193 21.941 0.642
v 50.225 4.183 -1.263
v 50.301 4.192 -1.427
v 53.12 22.224 -0.898
v 50.993 21.107 1.45
v 50.993 21.515 1.753
v 50.6 21.453 1.858
v 50.634 4.185 -1.302
v 50.559 4.177 -1.14
v 53.12 21.967 -0.795
v 50.228 4.141 -0.423
v 50.6 21.019 1.535
v 50.6 21.958 2.061
v 53.12 21.746 -0.631
v 52.824 21.433 -0.497
v 49.661 32.25 0.148
v 50.531 25.7 2.032
v 48.389 21.154 2.359
v 48.215 21.134 2.393
v 49.797 24.782 0.443
v 49.661 24.859 0.148
v 50.215 24.274 1.347
v 50.204 24.297 1.324
v 50.149 24.41 1.206
v 52.824 21.884 -0.934
v 52.824 21.629 -0.744
v 48.389 20.597 1.944
v 49.906 24.72 0.677
v 49.905 24.72 0.677
v 47.986 23.059 -0.441
v 49.389 23.059 0.642
v 49.897 24.725 0.659
v 49.827 24.765 0.508
v 49.843 24.756 0.541
v 48.215 20.568 1.973
v 48.088 21.119 2.418
v 48.012 21.11 2.433
v 49.889 21.941 0.642
v 49.791 21.941 0.43
v 49.943 21.941 0.101
v 49.39 23.059 -0.441
v 49.39 21.941 -0.441
v 49.693 23.059 -0.441
v 52.824 22.819 1.253
v 52.497 22.86 1.404
v 52.824 22.5 1.294
v 49.639 23.059 0.1
v 49.791 23.059 -0.229
v 52.497 22.5 1.45
v 49.639 24.872 0.1
v 50.595 4.186 -1.315
v 49.929 3.037 -0.622
v 49.687 20.217 0.655
v 49.825 20.214 0.355
v 49.843 20.263 0.681
v 50.263 3.03 -0.498
v 50.461 3.052 -0.928
v 50.129 3.059 -1.055
v 50.256 3.733 -1.332
v 47.986 21.107 2.438
v 48.012 20.534 2.005
v 50.59 3.733 -1.207
v 49.693 21.941 0.642
v 52.824 23.69 0.409
v 52.824 23.567 0.697
v 53.12 23.423 0.617
v 50.262 40.817 1.449
v 49.791 21.941 0.429
v 48.215 24.866 -1.224
v 48.389 25.099 -0.575
v 48.389 24.831 -1.204
v 49.943 21.941 0.1
v 49.639 21.941 0.1
v 48.012 24.907 -1.247
v 50.596 40.814 1.515
v 49.49 20.411 1.269
v 49.162 20.733 1.812
v 49.185 20.685 1.742
v 47.986 24.912 -1.25
v 49.668 20.218 0.697
v 49.49 20.331 1.083
v 49.894 40.853 0.746
v 50.225 40.817 1.463
v 49.596 40.886 0.1
v 47.986 24.47 -1.809
v 50.634 40.815 1.502
v 50.596 40.814 1.514
v 50.559 40.823 1.34
v 50.228 40.859 0.623
v 50.521 40.822 1.353
v 49.931 40.854 0.732
v 49.797 20.218 -0.243
v 50.301 40.808 1.627
v 50.363 40.809 1.604
v 49.661 40.883 0.148
v 49.639 40.886 0.1
v 50.6 21.453 -1.658
v 50.36 21.071 -1.461
v 50.215 20.937 -1.415
v 50.328 20.961 -1.391
v 50.328 20.962 -1.392
v 50.19 40.859 0.636
v 49.987 40.886 0.1
v 49.943 40.886 0.1
v 50.6 23.989 1.525
v 50.993 23.893 1.45
v 50.6 24.314 1.115
v 48.088 24.453 -1.793
v 50.221 20.739 -1.161
v 50.215 20.726 -1.147
v 50.129 41.941 1.255
v 50.461 41.948 1.128
v 49.929 41.963 0.822
v 49.987 42.0 0.1
v 50.263 41.97 0.698
v 50.6 24.523 0.625
v 50.993 24.206 1.055
v 49.596 42.0 0.1
v 50.256 41.267 1.532
v 48.215 24.432 -1.772
v 48.389 24.403 -1.744
v 49.843 20.862 -1.487
v 48.012 24.466 -1.805
v 50.59 41.267 1.407
v 50.993 24.47 0.1
v 50.6 24.594 0.1
v 50.993 24.403 0.594
v 49.49 20.411 -1.069
v 49.49 20.794 -1.553
v 49.49 20.169 -0.505
v 49.162 20.336 -1.111
v 49.843 23.099 -2.068
v 49.843 23.658 -1.844
v 50.215 23.605 -1.755
v 50.215 24.635 0.655
v 50.215 24.71 0.1
v 49.162 20.086 -0.526
v 49.162 20.733 -1.612
v 49.49 21.294 -1.925
v 50.453 24.297 1.206
v 50.482 24.237 1.268
v 47.986 23.893 -2.238
v 50.215 23.072 -1.969
v 48.088 23.881 -2.218
v 50.215 22.5 -2.042
v 49.843 22.5 -2.145
v 49.49 23.125 -2.158
v 49.49 23.706 -1.925
v 48.607 23.819 -2.114
v 48.389 23.196 -2.419
v 48.389 23.846 -2.158
v 48.088 20.108 1.439
v 48.088 20.547 1.993
v 48.866 20.271 -1.147
v 47.986 20.53 2.009
v 48.866 20.68 -1.664
v 48.215 23.866 -2.193
v 48.866 20.014 -0.545
v 48.215 20.134 1.424
v 48.215 23.207 -2.457
v 49.943 20.212 0.1
v 50.215 20.29 0.1
v 49.921 20.213 0.148
v 49.843 20.213 0.318
v 52.824 22.181 1.253
v 48.607 20.216 -1.178
v 48.607 20.635 -1.708
v 49.669 20.217 0.693
v 49.389 21.941 0.642
v 52.824 21.884 1.134
v 53.12 21.967 0.995
v 52.497 22.14 1.404
v 48.088 23.215 -2.486
v 49.639 20.128 0.1
v 49.49 20.088 0.1
v 50.199 24.639 0.656
v 52.497 21.515 1.055
v 52.824 21.433 0.697
v 52.824 21.629 0.945
v 49.162 20.002 0.1
v 48.012 23.89 -2.233
v 50.619 23.931 1.566
v 50.993 23.485 1.753
v 50.619 23.931 1.565
v 50.605 23.98 1.534
v 50.607 23.973 1.539
v 49.398 20.39 1.281
v 49.384 20.409 1.311
v 50.449 24.305 1.197
v 50.423 24.36 1.141
v 50.215 24.62 0.689
v 48.866 19.927 0.1
v 48.607 19.862 0.1
v 48.607 19.952 -0.562
v 50.79 25.7 1.935
v 52.143 24.048 0.1
v 52.497 23.893 0.1
v 48.987 40.814 -1.314
v 49.061 40.822 -1.153
v 49.023 40.823 -1.14
v 48.948 40.815 -1.302
v 49.354 40.859 -0.423
v 49.392 40.859 -0.436
v 49.921 32.25 0.052
v 49.321 40.817 -1.249
v 49.245 40.809 -1.412
v 49.358 40.817 -1.263
v 49.282 40.808 -1.427
v 49.688 40.853 -0.546
v 49.651 40.854 -0.532
v 51.771 24.138 -0.325
v 51.771 24.196 0.1
v 48.389 20.169 1.404
v 51.771 23.969 -0.722
v 49.326 41.267 -1.332
v 49.653 41.963 -0.622
v 49.319 41.97 -0.498
v 49.921 12.75 0.148
v 49.121 41.948 -0.928
v 49.453 41.941 -1.055
v 49.398 20.39 1.28
v 48.992 41.267 -1.207
v 48.932 40.251 -1.432
v 49.1 40.269 -1.069
v 49.433 20.368 1.206
v 48.933 40.251 -1.432
v 51.386 24.091 -0.79
v 48.012 20.093 1.447
v 48.088 19.832 0.793
v 49.359 40.264 -1.165
v 51.386 24.274 -0.361
v 51.386 24.337 0.1
v 53.12 22.5 1.134
v 53.12 23.53 0.368
v 48.389 20.597 -1.744
v 48.607 21.181 -2.114
v 52.824 23.732 0.1
v 48.866 20.68 1.864
v 49.152 20.668 1.734
v 49.693 21.941 -0.441
v 49.791 21.941 -0.229
v 53.379 22.732 0.939
v 53.379 22.5 0.968
v 53.597 22.5 0.799
v 53.597 22.687 0.775
v 53.379 22.948 0.852
v 49.052 19.3 2.032
v 48.895 39.411 -1.514
v 48.792 38.8 -1.735
v 49.158 39.44 -0.943
v 48.85 39.396 -1.611
v 48.389 19.901 0.775
v 48.389 19.809 0.1
v 48.607 19.952 0.762
v 49.052 38.8 -1.832
v 49.108 39.381 -1.71
v 49.198 39.411 -1.514
v 49.417 39.435 -1.039
v 48.215 19.861 0.786
v 48.215 19.768 0.1
v 50.215 21.928 -1.969
v 49.843 21.901 -2.068
v 52.824 23.567 -0.497
v 49.843 21.342 -1.844
v 52.824 23.371 -0.744
v 48.012 19.815 0.798
v 48.088 19.738 0.1
v 52.824 23.116 -0.934
v 48.012 19.72 0.1
v 47.986 19.714 0.1
v 50.215 21.395 -1.755
v 48.9 35.693 -2.163
v 48.64 35.693 -2.066
v 49.952 24.782 0.12
v 49.943 24.788 0.1
v 50.164 24.66 0.579
v 50.158 24.663 0.567
v 49.49 21.875 -2.158
v 49.162 21.251 -1.997
v 49.162 22.5 2.522
v 48.866 21.834 2.509
v 48.866 21.213 2.261
v 49.162 21.853 -2.239
v 48.607 21.817 2.57
v 48.866 22.5 2.595
v 49.695 39.466 -0.438
v 53.597 22.86 0.705
v 53.379 23.133 0.714
v 49.49 22.5 -2.238
v 48.607 22.5 2.657
v 53.12 22.776 1.098
v 49.162 20.673 1.737
v 53.12 23.033 0.995
v 49.162 22.5 -2.321
v 48.847 32.25 -2.277
v 48.587 32.25 -2.18
v 53.12 23.254 0.831
v 49.889 21.941 -0.441
v 52.143 22.099 1.549
v 52.497 21.804 1.269
v 52.143 22.5 1.6
v 52.824 23.116 1.134
v 52.143 21.726 1.399
v 52.824 23.371 0.945
v 51.771 22.5 1.744
v 48.64 28.807 -2.066
v 51.771 22.061 1.688
v 48.866 21.213 -2.06
v 49.052 25.7 -1.832
v 48.9 28.807 -2.163
v 51.771 21.652 1.523
v 48.961 20.57 1.687
v 49.04 20.611 1.706
v 53.379 23.365 0.325
v 53.379 23.276 0.534
v 53.597 23.125 0.449
v 53.597 23.196 0.281
v 48.866 21.834 -2.309
v 53.597 23.221 0.1
v 53.379 23.395 0.1
v 53.12 23.566 0.1
v 49.661 12.75 0.052
v 52.497 21.294 0.775
v 48.913 20.545 1.675
v 48.792 19.3 1.935
v 53.771 22.5 0.627
v 53.898 22.5 0.453
v 53.771 22.64 0.609
v 49.162 24.914 -0.526
v 48.866 24.986 -0.545
v 52.143 21.406 1.161
v 50.193 21.941 -0.441
v 51.771 21.301 1.263
v 48.607 25.048 -0.562
v 50.531 19.3 -1.832
v 52.497 21.154 0.449
v 52.497 21.107 0.1
v 52.824 21.268 0.1
v 52.143 21.005 0.488
v 52.143 20.952 0.1
v 52.824 21.31 0.409
v 48.607 24.784 -1.178
v 50.6 21.958 -1.861
v 53.898 22.594 0.441
v 53.771 22.772 0.556
v 52.143 21.16 0.85
v 50.449 21.07 -1.428
v 53.898 22.682 0.406
v 53.771 22.884 0.473
v 53.12 23.033 -0.795
v 51.771 20.862 0.526
v 49.218 24.775 -0.814
v 49.201 24.764 -0.85
v 49.134 24.721 -0.995
v 48.866 24.729 -1.147
v 49.162 24.74 -0.934
v 51.771 20.804 0.1
v 51.386 20.726 -0.361
v 50.993 20.597 -0.394
v 49.162 23.147 -2.239
v 51.771 21.031 0.922
v 48.9 16.193 2.363
v 49.162 23.749 -1.997
v 50.993 20.53 0.1
v 50.6 20.406 0.1
v 48.866 22.5 -2.394
v 51.386 20.663 0.1
v 51.386 20.726 0.561
v 50.6 20.477 -0.425
v 50.6 20.686 -0.915
v 48.607 24.365 -1.708
v 49.792 23.059 -0.23
v 51.386 21.582 1.642
v 51.386 22.025 1.82
v 51.386 22.5 1.88
v 50.453 20.703 -1.006
v 50.482 20.763 -1.068
v 49.889 23.059 -0.441
v 50.546 23.93 1.593
v 50.449 23.93 1.629
v 48.847 12.75 2.477
v 48.64 16.193 2.266
v 48.587 12.75 2.38
v 52.497 21.515 -0.854
v 50.993 21.107 -1.25
v 49.484 24.868 -0.237
v 49.49 24.868 -0.225
v 49.43 24.867 -0.353
v 50.607 21.027 -1.339
v 50.619 21.07 -1.366
v 49.228 24.782 -0.791
v 52.824 22.181 -1.053
v 49.129 24.718 -1.006
v 50.6 23.931 1.573
v 50.598 23.931 1.573
v 51.386 21.201 1.359
v 49.076 24.683 -1.121
v 48.913 24.454 -1.475
v 48.866 24.32 -1.664
v 52.824 21.31 -0.209
v 50.605 21.02 -1.334
v 51.386 20.909 0.99
v 52.497 21.154 -0.249
v 50.6 21.011 -1.325
v 50.423 20.64 -0.94
v 50.449 20.695 -0.997
v 50.215 20.365 -0.454
v 50.215 20.38 -0.489
v 49.104 24.702 -1.059
v 50.993 20.597 0.594
v 53.597 23.01 0.594
v 50.993 20.794 1.055
v 48.792 25.7 -1.735
v 49.052 6.2 2.032
v 49.417 5.565 1.239
v 49.695 5.534 0.638
v 50.6 21.069 -1.373
v 49.921 5.51 0.148
v 49.943 5.507 0.1
v 53.974 22.547 0.271
v 53.974 22.5 0.277
v 50.79 6.2 -1.735
v 50.942 9.307 -2.066
v 47.986 23.893 2.438
v 47.986 23.221 2.708
v 48.9 9.307 2.363
v 49.356 24.864 -0.514
v 48.64 9.307 2.266
v 48.607 21.181 2.315
v 49.952 20.218 0.08
v 53.974 22.591 0.253
v 53.974 22.629 0.225
v 50.79 19.3 -1.735
v 53.974 22.658 0.189
v 53.974 22.676 0.146
v 48.866 20.271 1.347
v 48.607 20.635 1.908
v 53.974 22.682 0.1
v 48.607 20.216 1.379
v 48.85 5.604 1.811
v 48.792 6.2 1.935
v 48.894 5.589 1.715
v 49.158 5.56 1.143
v 53.898 22.757 0.349
v 49.108 5.619 1.91
v 49.198 5.589 1.715
v 53.898 22.815 0.277
v 48.607 23.183 -2.369
v 48.866 23.787 -2.06
v 53.898 22.851 0.191
v 48.866 23.166 -2.309
v 50.199 20.361 -0.455
v 53.771 23.025 0.237
v 50.163 20.34 -0.377
v 50.158 20.337 -0.367
v 53.898 22.864 0.1
v 50.193 23.059 -0.441
v 49.134 20.279 1.195
v 49.162 20.26 1.134
v 53.771 22.971 0.364
v 50.147 5.53 -0.342
v 49.49 20.131 0.425
v 49.487 20.132 0.43
v 48.912 5.607 1.835
v 49.43 20.133 0.553
v 49.162 20.086 0.727
v 49.356 20.136 0.714
v 49.943 23.059 0.1
v 53.771 23.043 0.1
v 48.85 5.589 1.715
v 49.12 5.559 1.13
v 49.398 5.529 0.528
v 49.987 5.507 0.1
v 49.732 5.535 0.652
v 49.596 5.507 0.1
v 49.435 5.53 0.542
v 49.639 5.507 0.1
v 49.454 5.566 1.253
v 49.241 5.589 1.715
v 48.866 23.166 2.509
v 49.162 23.147 2.439
v 48.607 23.183 2.57
v 48.812 5.602 1.798
v 49.143 5.621 1.926
v 49.065 5.617 1.896
v 50.6 23.042 -1.861
v 50.6 22.5 -1.93
v 52.497 23.196 1.269
v 48.894 4.748 1.62
v 49.062 4.73 1.256
v 52.143 23.274 1.399
v 52.143 22.901 1.549
v 49.372 4.696 0.585
v 51.596 23.059 0.642
v 50.193 23.059 0.642
v 49.706 4.702 0.709
v 49.032 4.751 1.671
v 47.986 25.191 0.799
v 47.986 24.912 1.45
v 49.409 4.697 0.599
v 49.228 20.218 0.991
v 50.6 23.547 -1.658
v 47.986 24.47 2.009
v 48.866 20.014 0.746
v 49.921 4.674 0.148
v 49.669 4.702 0.695
v 49.596 4.671 0.1
v 48.389 23.846 2.359
v 48.215 23.866 2.393
v 48.389 23.196 2.619
v 49.987 4.671 0.1
v 49.396 4.736 1.379
v 49.12 39.441 -0.93
v 48.85 39.411 -1.514
v 49.398 39.471 -0.328
v 49.435 39.47 -0.342
v 49.359 4.736 1.365
v 49.191 4.754 1.73
v 48.088 24.453 1.993
v 48.088 23.881 2.418
v 53.597 22.313 0.775
v 53.379 22.268 0.939
v 53.597 22.14 0.705
v 53.379 22.052 0.852
v 49.191 4.754 1.729
v 48.933 4.749 1.632
v 49.241 39.411 -1.514
v 49.454 39.434 -1.053
v 49.732 39.465 -0.452
v 49.372 40.304 -0.385
v 49.655 4.703 0.724
v 48.012 23.219 2.703
v 48.012 23.89 2.433
v 53.12 21.746 0.831
v 53.379 21.867 0.714
v 53.12 22.224 1.098
v 48.914 24.454 -1.475
v 49.227 4.755 1.745
v 48.215 23.207 2.658
v 49.075 20.317 1.322
v 49.143 39.379 -1.726
v 48.812 39.398 -1.598
v 53.12 21.577 0.617
v 49.218 20.225 1.014
v 49.129 20.282 1.206
v 48.088 23.215 2.686
v 48.961 24.43 -1.487
v 48.894 40.252 -1.42
v 49.227 40.245 -1.545
v 49.706 40.298 -0.509
v 49.396 40.264 -1.179
v 53.898 22.406 0.441
v 53.974 22.453 0.271
v 49.409 40.303 -0.399
v 50.993 24.403 -0.394
v 50.995 12.75 -2.18
v 50.736 12.75 -2.277
v 50.942 16.193 -2.066
v 50.683 16.193 -2.163
v 50.993 24.206 -0.854
v 53.771 22.228 0.556
v 53.771 22.116 0.473
v 49.351 40.297 -0.524
v 53.771 22.36 0.609
v 53.898 22.318 0.406
v 49.669 40.298 -0.494
v 49.062 40.27 -1.056
v 50.6 24.523 -0.425
v 50.6 24.314 -0.915
v 50.683 9.307 -2.163
v 50.531 6.2 -1.832
v 53.597 21.99 0.594
v 53.771 22.029 0.364
v 49.191 40.246 -1.529
v 50.215 24.414 -0.971
v 49.655 40.297 -0.524
v 48.012 23.219 -2.502
v 50.6 23.981 -1.335
v 50.165 5.565 -1.039
v 51.771 23.348 1.523
v 51.771 22.939 1.688
v 49.888 5.534 -0.438
v 50.215 24.063 -1.415
v 51.771 23.699 1.263
v 50.215 24.635 -0.454
v 51.386 22.975 1.82
v 51.386 23.799 1.359
v 48.215 25.139 0.786
v 48.215 24.866 1.424
v 49.843 24.737 -0.481
v 48.607 21.817 -2.369
v 48.607 22.5 -2.456
v 52.497 23.846 0.449
v 48.088 24.892 1.439
v 48.012 24.907 1.447
v 48.389 21.804 -2.419
v 49.843 24.138 -1.487
v 49.843 24.506 -1.022
v 53.974 22.324 0.146
v 53.974 22.342 0.189
v 48.389 22.5 -2.508
v 49.669 24.783 -0.493
v 49.687 24.783 -0.455
v 48.012 25.185 0.798
v 52.143 23.84 0.85
v 52.497 23.485 1.055
v 52.497 23.706 0.775
v 48.215 21.793 -2.457
v 48.215 22.5 -2.548
v 48.215 24.432 1.973
v 52.143 23.995 0.488
v 48.088 21.785 -2.486
v 48.914 20.546 1.676
v 49.49 24.589 -1.069
v 48.088 22.5 -2.577
v 50.424 5.56 -0.943
v 50.451 5.563 -1.001
v 53.974 22.371 0.225
v 53.974 22.409 0.253
v 48.088 25.168 0.793
v 50.475 5.619 -1.71
v 50.441 5.608 -1.637
v 50.384 5.589 -1.514
v 48.215 21.134 -2.193
v 48.012 21.11 -2.233
v 48.012 21.781 -2.502
v 53.898 22.243 0.349
v 48.012 22.5 -2.594
v 47.986 21.779 -2.508
v 50.364 5.553 -0.812
v 47.986 22.5 -2.6
v 50.732 5.604 -1.611
v 50.688 5.589 -1.514
v 50.731 5.604 -1.611
v 53.898 22.149 0.191
v 53.771 21.975 0.237
v 47.986 23.221 -2.508
v 53.898 22.185 0.277
v 47.986 21.941 -0.441
v 47.986 20.088 -1.25
v 47.986 19.809 -0.599
v 50.341 5.589 -1.514
v 50.439 5.621 -1.726
v 53.597 21.804 0.281
v 53.379 21.635 0.325
v 53.597 21.875 0.449
v 50.771 5.602 -1.598
v 50.732 5.589 -1.514
v 47.986 20.53 -1.809
v 53.379 21.724 0.534
v 47.986 21.107 -2.238
v 48.389 21.154 -2.158
v 48.215 20.568 -1.772
v 50.462 5.559 -0.93
v 49.851 5.535 -0.452
v 50.128 5.566 -1.053
v 48.012 20.093 -1.247
v 48.012 20.534 -1.805
v 48.088 20.547 -1.793
v 50.185 5.529 -0.328
v 53.12 21.47 0.368
v 50.391 4.754 -1.529
v 50.648 4.749 -1.433
v 50.173 4.697 -0.399
v 48.088 20.108 -1.238
v 50.65 4.749 -1.432
v 48.389 19.901 -0.575
v 50.355 4.755 -1.545
v 50.186 4.736 -1.179
v 49.877 4.702 -0.509
v 48.215 19.861 -0.585
v 50.211 4.696 -0.385
v 48.012 19.815 -0.597
v 50.52 4.73 -1.056
v 53.379 23.365 -0.125
v 50.688 4.748 -1.42
v 52.143 23.594 1.161
v 53.597 23.196 -0.081
v 53.597 23.125 -0.249
v 53.379 23.276 -0.334
v 48.088 19.832 -0.593
v 53.379 23.133 -0.513
v 48.389 20.169 -1.204
v 53.12 23.53 -0.167
v 53.12 23.423 -0.416
v 48.215 20.134 -1.224
v 51.771 23.969 0.922
v 49.49 24.206 -1.553
v 51.386 23.418 1.642
v 53.898 22.851 0.009
v 53.771 23.025 -0.036
v 53.898 22.815 -0.076
v 53.771 22.971 -0.163
v 49.162 24.267 -1.612
v 49.843 24.787 -0.117
v 49.668 24.782 -0.496
v 53.974 22.676 0.055
v 53.974 22.658 0.012
v 53.974 22.629 -0.025
v 53.974 22.591 -0.053
v 53.974 22.547 -0.071
v 48.389 24.403 1.944
v 48.607 23.819 2.315
v 53.898 22.757 -0.149
v 49.49 24.669 -0.882
v 49.398 24.61 -1.081
v 49.384 24.591 -1.111
v 53.898 22.682 -0.205
v 53.898 22.594 -0.24
v 49.49 23.125 2.359
v 53.771 22.884 -0.272
v 53.771 22.772 -0.356
v 53.771 22.64 -0.409
v 49.185 24.315 -1.542
v 49.843 23.658 2.045
v 49.49 23.706 2.125
v 50.6 20.477 0.625
v 53.597 23.01 -0.394
v 50.6 20.686 1.115
v 49.162 23.749 2.197
v 50.6 23.042 2.061
v 50.215 23.072 2.169
v 53.597 22.687 -0.575
v 49.843 23.099 2.269
v 50.215 20.586 1.171
v 50.215 20.937 1.615
v 53.379 22.948 -0.652
v 53.597 22.86 -0.505
v 49.843 20.862 1.688
v 49.49 20.794 1.753
v 49.843 20.494 1.223
v 53.12 23.254 -0.631
v 50.215 20.365 0.655
v 48.012 24.466 2.005
v 48.088 21.119 -2.218
v 49.162 24.327 -1.536
v 49.159 24.328 -1.536
v 52.143 21.406 -0.961
v 51.771 24.138 0.526
v 52.497 21.294 -0.575
v 52.143 21.005 -0.288
v 52.143 21.16 -0.65
v 51.386 24.091 0.99
v 51.386 24.274 0.561
v 51.771 21.031 -0.722
v 51.771 20.862 -0.325
v 50.475 39.381 1.91
v 50.531 38.8 2.032
v 50.79 38.8 1.935
v 50.702 39.406 1.745
v 50.942 35.693 2.266
v 50.683 35.693 2.363
v 49.693 23.059 0.642
v 49.789 23.059 0.433
v 49.889 23.059 0.642
v 49.791 23.059 0.429
v 50.993 23.01 1.944
v 48.866 23.787 2.261
v 40.896 24.031 0.408
v 40.896 24.061 0.128
v 40.641 24.061 0.128
v 40.641 24.031 0.408
v 40.896 22.884 3.352
v 40.896 24.222 3.941
v 40.896 23.095 1.454
v 40.896 22.496 -1.308
v 40.896 22.304 -3.275
v 40.896 22.191 -1.28
v 40.896 20.778 -3.686
v 40.896 20.0 -3.305
v 40.896 21.897 -1.199
v 40.896 22.801 1.536
v 50.0 22.484 0.443
v 50.0 22.054 0.404
v 50.0 22.577 0.382
v 50.0 22.684 0.198
v 46.794 26.217 0.128
v 46.794 27.0 0.128
v 46.794 26.146 0.793
v 46.794 25.934 1.432
v 46.794 26.913 0.933
v 40.641 23.366 1.321
v 40.641 23.095 1.454
v 40.896 23.366 1.321
v 50.0 22.187 0.47
v 50.0 22.339 0.483
v 50.0 21.975 0.327
v 50.0 21.917 0.198
v 50.0 21.917 0.058
v 40.896 20.931 0.128
v 40.641 20.931 0.128
v 40.641 20.961 -0.152
v 40.896 20.961 -0.152
v 40.641 22.801 1.536
v 50.0 22.692 0.128
v 50.0 22.339 -0.228
v 50.0 22.662 -0.01
v 40.641 21.05 -0.422
v 40.896 21.05 -0.422
v 47.819 19.409 2.022
v 47.819 19.066 1.432
v 47.819 22.0 0.354
v 47.819 19.871 2.539
v 47.819 20.435 2.963
v 47.819 22.262 0.483
v 40.896 23.797 -0.67
v 40.896 23.942 -0.422
v 40.896 26.241 -2.166
v 40.896 25.682 -2.791
v 40.641 21.194 -0.67
v 40.896 21.194 -0.67
v 50.0 22.187 -0.214
v 50.0 22.083 -0.171
v 50.0 21.957 -0.041
v 50.0 22.577 -0.126
v 40.641 22.496 1.563
v 40.896 22.496 1.563
v 40.0 22.888 3.531
v 40.0 22.884 3.352
v 40.0 22.496 3.537
v 40.0 22.492 3.358
v 46.794 20.778 -3.686
v 46.794 21.622 -3.92
v 46.794 21.774 -3.216
v 40.0 22.692 -3.462
v 40.0 22.3 -3.456
v 40.0 22.695 -3.282
v 40.896 22.5 4.255
v 46.794 22.5 4.255
v 46.794 23.378 4.176
v 47.819 23.225 3.472
v 47.819 22.5 3.537
v 47.819 22.377 0.48
v 46.794 26.241 -2.166
v 46.794 25.591 -1.767
v 46.794 25.682 -2.791
v 46.794 26.657 -1.452
v 40.0 22.304 -3.275
v 46.794 25.0 -3.305
v 46.794 25.129 -2.283
v 47.819 23.922 3.278
v 40.896 18.342 -1.452
v 40.896 18.087 -0.678
v 40.896 21.39 -0.888
v 40.896 19.318 -2.791
v 40.896 26.657 -1.452
v 47.819 24.565 2.963
v 46.794 24.565 2.963
v 46.794 23.922 3.278
v 40.896 21.627 -1.066
v 40.896 25.0 -3.305
v 46.794 25.129 2.539
v 46.794 21.077 -3.023
v 46.794 20.435 -2.707
v 46.794 20.0 -3.305
v 47.819 21.774 -3.216
v 47.819 21.077 -3.023
v 40.641 23.603 -0.888
v 40.641 23.797 -0.67
v 40.896 23.603 -0.888
v 46.794 24.222 -3.686
v 46.794 25.0 3.56
v 46.794 24.222 3.941
v 40.896 23.378 4.176
v 40.896 22.888 3.531
v 40.896 22.3 -3.456
v 47.819 20.435 -2.707
v 40.641 24.031 -0.152
v 40.641 23.942 -0.422
v 47.819 22.664 0.009
v 47.819 22.547 -0.148
v 47.819 25.591 -1.767
v 47.819 22.413 -0.214
v 47.819 22.244 -0.223
v 47.819 22.5 -3.282
v 47.819 25.129 -2.283
v 40.896 24.031 -0.152
v 46.794 25.682 3.046
v 40.896 25.682 3.046
v 40.896 25.0 3.56
v 40.896 21.622 -3.92
v 40.896 26.241 2.421
v 46.794 26.657 1.707
v 40.896 26.657 1.707
v 46.794 22.5 3.537
v 46.794 23.225 3.472
v 40.896 26.913 -0.678
v 40.896 26.913 0.933
v 40.896 23.942 0.677
v 40.896 23.797 0.925
v 40.896 27.0 0.128
v 40.896 22.496 3.537
v 47.819 21.774 3.472
v 46.794 21.774 3.472
v 40.896 22.492 3.358
v 47.819 19.066 -1.177
v 47.819 21.952 -0.024
v 47.819 18.854 -0.537
v 47.819 22.054 -0.148
v 47.819 19.409 -1.767
v 40.641 22.496 -1.308
v 40.896 18.758 -2.166
v 40.896 18.087 0.933
v 40.896 18.342 1.707
v 40.896 21.05 0.677
v 40.641 22.801 -1.28
v 40.896 22.801 -1.28
v 47.819 21.077 3.278
v 46.794 18.758 2.421
v 46.794 19.409 2.022
v 46.794 19.318 3.046
v 46.794 19.871 2.539
v 46.794 20.435 2.963
v 46.794 21.077 3.278
v 46.794 20.0 3.56
v 46.794 19.066 -1.177
v 46.794 19.409 -1.767
v 40.641 23.095 -1.199
v 40.896 23.095 -1.199
v 46.794 18.854 -0.537
v 40.641 23.366 -1.066
v 40.896 23.366 -1.066
v 40.896 23.603 1.143
v 47.819 18.783 0.128
v 46.794 18.783 0.128
v 40.896 22.191 1.536
v 40.896 20.778 3.941
v 40.896 21.622 4.176
v 46.794 20.778 3.941
v 46.794 21.622 4.176
v 47.819 22.499 0.432
v 47.819 25.934 1.432
v 47.819 25.591 2.022
v 47.819 22.666 0.23
v 46.794 18.342 -1.452
v 47.819 25.934 -1.177
v 47.819 26.146 -0.537
v 47.819 24.565 -2.707
v 47.819 23.922 -3.023
v 46.794 18.087 -0.678
v 40.896 18.0 0.128
v 46.794 18.0 0.128
v 40.896 20.0 3.56
v 40.896 21.897 1.454
v 40.641 22.191 1.536
v 40.896 22.5 -4.0
v 40.896 21.627 1.321
v 40.641 21.897 1.454
v 46.794 19.318 -2.791
v 40.641 21.627 1.321
v 46.794 18.758 -2.166
v 40.896 21.39 1.143
v 46.794 19.871 -2.283
v 47.819 19.871 -2.283
v 40.641 21.39 1.143
v 40.641 23.603 1.143
v 40.641 21.194 0.925
v 40.896 21.194 0.925
v 40.641 21.05 0.677
v 40.641 23.797 0.925
v 40.641 20.961 0.408
v 40.896 20.961 0.408
v 40.896 24.222 -3.686
v 46.794 26.913 -0.678
v 46.794 18.087 0.933
v 46.794 18.342 1.707
v 40.896 22.695 -3.282
v 40.896 22.692 -3.462
v 40.896 19.318 3.046
v 46.794 18.854 0.793
v 46.794 19.066 1.432
v 47.819 25.129 2.539
v 47.819 18.854 0.793
v 40.896 23.378 -3.92
v 47.819 21.918 0.18
v 46.794 25.591 2.022
v 40.641 23.942 0.677
v 40.896 18.758 2.421
v 46.794 26.241 2.421
v 47.819 26.146 0.793
v 46.794 24.565 -2.707
v 47.819 26.217 0.128
v 46.794 23.922 -3.023
v 46.794 26.146 -0.537
v 46.794 25.934 -1.177
v 40.641 21.897 -1.199
v 40.641 22.191 -1.28
v 46.794 23.225 -3.216
v 40.641 21.39 -0.888
v 40.641 21.627 -1.066
v 46.794 23.378 -3.92
v 46.794 22.5 -3.282
v 46.794 22.5 -4.0
v 47.819 23.225 -3.216
v 46.0 28.5 5.5
v 46.0 18.5 5.5
v 38.014 28.5 5.5
v 38.014 18.5 5.5
v 38.014 28.5 6.0
v 38.014 18.5 6.0
v 46.0 28.5 6.0
v 46.0 18.5 6.0
v 42.014 22.0 6.0
v 42.169 22.024 6.0
v 42.014 22.5 6.0
v 42.308 22.095 6.0
v 42.419 22.206 6.0
v 42.49 22.345 6.0
v 42.514 22.5 6.0
v 42.49 22.655 6.0
v 42.419 22.794 6.0
v 42.308 22.905 6.0
v 42.169 22.976 6.0
v 42.014 23.0 6.0
v 41.859 22.976 6.0
v 41.72 22.905 6.0
v 41.609 22.794 6.0
v 41.538 22.655 6.0
v 41.514 22.5 6.0
v 41.538 22.345 6.0
v 41.609 22.206 6.0
v 41.72 22.095 6.0
v 41.859 22.024 6.0
v 42.169 22.024 4.0
v 42.014 22.0 4.0
v 42.014 22.5 4.0
v 42.308 22.095 4.0
v 42.419 22.206 4.0
v 42.49 22.345 4.0
v 42.514 22.5 4.0
v 42.49 22.655 4.0
v 42.419 22.794 4.0
v 42.308 22.905 4.0
v 42.169 22.976 4.0
v 42.014 23.0 4.0
v 41.859 22.976 4.0
v 41.72 22.905 4.0
v 41.609 22.794 4.0
v 41.538 22.655 4.0
v 41.514 22.5 4.0
v 41.538 22.345 4.0
v 41.609 22.206 4.0
v 41.72 22.095 4.0
v 41.859 22.024 4.0
v 45.0 27.003 0.127
v 45.0 27.404 1.031
v 45.0 26.916 0.933
v 45.0 22.5 4.258
v 45.0 22.5 4.755
v 45.0 21.621 4.178
v 45.0 21.524 4.666
v 45.0 26.243 -2.167
v 45.0 26.657 -2.443
v 45.0 26.659 -1.453
v 39.692 24.413 4.403
v 39.692 24.222 3.943
v 39.692 23.475 4.666
v 39.692 23.378 4.178
v 39.692 27.5 0.127
v 39.692 27.003 0.127
v 39.692 27.404 1.031
v 39.692 26.916 0.933
v 45.0 26.916 -0.678
v 45.0 27.404 -0.776
v 45.0 27.119 -1.643
v 45.0 27.5 0.127
v 45.0 26.035 3.4
v 45.0 25.278 3.975
v 45.0 25.684 3.048
v 45.0 26.243 2.422
v 45.0 25.001 3.562
v 39.692 20.587 -4.148
v 39.692 20.777 -3.688
v 39.692 21.524 -4.411
v 39.692 21.621 -3.923
v 39.692 22.5 -4.5
v 45.0 26.657 2.698
v 45.0 26.659 1.708
v 45.0 27.119 1.898
v 39.692 22.5 4.755
v 39.692 22.5 4.258
v 45.0 24.413 4.403
v 45.0 23.378 -3.923
v 45.0 23.475 -4.411
v 45.0 24.222 -3.688
v 39.692 27.404 -0.776
v 39.692 26.035 3.4
v 39.692 27.119 -1.643
v 39.692 26.657 -2.443
v 39.692 26.659 -1.453
v 45.0 24.413 -4.148
v 45.0 20.777 3.943
v 39.692 20.777 3.943
v 39.692 26.916 -0.678
v 39.692 23.475 -4.411
v 45.0 21.524 -4.411
v 39.692 17.5 0.127
v 39.692 17.596 1.031
v 39.692 17.998 0.127
v 39.692 17.88 1.898
v 39.692 18.084 0.933
v 39.692 26.659 1.708
v 45.0 17.5 0.127
v 39.692 24.413 -4.148
v 39.692 20.587 4.403
v 39.692 21.524 4.666
v 45.0 19.316 3.048
v 45.0 18.965 3.4
v 45.0 18.756 2.422
v 45.0 18.343 2.698
v 45.0 18.34 1.708
v 39.692 21.621 4.178
v 39.692 26.657 2.698
v 39.692 26.243 -2.167
v 45.0 22.5 -4.5
v 45.0 25.684 -2.793
v 45.0 26.035 -3.145
v 45.0 19.999 3.562
v 45.0 19.722 3.975
v 45.0 23.475 4.666
v 45.0 25.001 -3.307
v 45.0 25.278 -3.72
v 45.0 20.587 4.403
v 39.692 26.035 -3.145
v 39.692 25.278 -3.72
v 39.692 25.684 -2.793
v 39.692 25.001 -3.307
v 39.692 24.222 -3.688
v 39.692 18.084 -0.678
v 39.692 17.596 -0.776
v 45.0 22.5 -4.003
v 45.0 20.587 -4.148
v 45.0 20.777 -3.688
v 45.0 21.621 -3.923
v 39.692 19.999 3.562
v 39.692 19.722 3.975
v 45.0 18.965 -3.145
v 39.692 18.965 -3.145
v 45.0 19.722 -3.72
v 39.692 18.756 -2.167
v 39.692 18.343 -2.443
v 39.692 18.34 -1.453
v 39.692 17.88 -1.643
v 45.0 17.88 1.898
v 39.692 22.5 -4.003
v 39.692 25.278 3.975
v 45.0 17.596 -0.776
v 45.0 19.316 -2.793
v 39.692 19.316 -2.793
v 45.0 17.998 0.127
v 45.0 18.084 -0.678
v 39.692 25.001 3.562
v 39.692 25.684 3.048
v 39.692 26.243 2.422
v 39.692 18.34 1.708
v 45.0 23.378 4.178
v 45.0 24.222 3.943
v 39.692 18.343 2.698
v 39.692 18.756 2.422
v 45.0 18.34 -1.453
v 39.692 18.965 3.4
v 39.692 19.316 3.048
v 45.0 18.343 -2.443
v 45.0 18.756 -2.167
v 39.692 19.999 -3.307
v 39.692 19.722 -3.72
v 45.0 17.88 -1.643
v 39.692 27.119 1.898
v 45.0 18.084 0.933
v 45.0 17.596 1.031
v 45.0 19.999 -3.307
v 39.692 23.378 -3.923
v -3.127 22.679 2.0
v -3.127 19.101 2.0
v -10.467 19.101 2.0
v -10.467 22.679 2.0
v -0.034 20.295 12.39
v -0.663 20.671 12.39
v -0.749 20.62 12.39
v -0.851 20.614 12.39
v -5.055 19.101 9.44
v -4.46 19.189 9.44
v -5.055 19.101 10.751
v -3.127 19.101 9.44
v -3.924 19.443 9.44
v -0.294 20.649 12.39
v -0.165 20.609 12.39
v -5.544 18.73 11.735
v -5.521 18.595 11.735
v -5.521 18.595 12.39
v -5.544 18.73 12.39
v -3.498 19.839 9.44
v -5.452 18.468 11.735
v -12.0 21.092 8.031
v -12.0 22.679 8.031
v -12.0 21.092 7.211
v -12.0 22.679 7.211
v -5.65 19.189 10.751
v -5.828 19.826 10.751
v -6.186 19.443 10.751
v -0.358 20.723 12.39
v -0.385 20.815 12.39
v -0.608 20.751 12.39
v -0.602 20.847 12.39
v -5.65 19.189 9.44
v -3.225 20.337 9.44
v -12.0 20.697 8.031
v -12.0 20.697 7.211
v -12.0 19.101 8.031
v -12.0 19.101 7.211
v -4.787 20.648 12.141
v -4.741 20.62 12.113
v -4.722 20.649 12.113
v -10.818 20.815 12.39
v -10.792 20.907 12.39
v -11.086 20.955 12.39
v -4.717 20.647 12.093
v -3.127 19.101 7.211
v -3.127 19.101 8.031
v -10.467 19.101 7.211
v -3.127 22.679 9.44
v -3.13 20.89 9.44
v -4.76 20.589 12.105
v -7.926 20.89 9.44
v -7.886 20.656 9.44
v -7.886 20.656 10.751
v -7.77 20.444 10.751
v -7.77 20.444 9.44
v -7.59 20.277 9.44
v -5.428 20.866 12.113
v -5.435 20.867 12.093
v -5.432 20.798 12.113
v -5.395 20.67 12.113
v -5.436 20.771 12.093
v -2.657 20.796 8.031
v -3.127 20.89 8.031
v -2.611 20.711 8.031
v -10.139 20.907 12.39
v -10.075 20.981 12.39
v -10.42 20.935 12.39
v -5.406 20.67 12.093
v 0.556 21.01 12.39
v 0.687 21.236 12.39
v 0.389 20.995 12.39
v -10.632 21.015 12.39
v -10.499 20.995 12.39
v -10.798 21.236 12.39
v -10.467 22.679 9.44
v -10.467 19.101 9.44
v -10.798 20.394 11.735
v -10.798 20.394 12.39
v -10.908 20.446 11.735
v -10.908 20.446 12.39
v -0.155 21.352 12.39
v 0.31 20.935 12.39
v -0.096 21.01 12.39
v 0.014 20.935 12.39
v 0.274 20.847 12.39
v -10.908 21.183 12.39
v -10.727 20.981 12.39
v -11.017 21.082 12.39
v -7.362 20.169 9.44
v -6.858 20.169 9.44
v -7.11 20.132 9.44
v -6.612 19.839 9.44
v 0.798 21.183 12.39
v 0.642 20.958 12.39
v 0.906 21.082 12.39
v -6.186 19.443 9.44
v -4.878 21.123 12.114
v -4.916 21.125 12.126
v -4.899 21.053 12.144
v -4.813 20.62 12.141
v -0.066 20.634 12.39
v -4.972 21.098 12.141
v -10.013 21.01 12.39
v 0.014 20.694 12.39
v -6.806 20.194 9.44
v -11.017 20.547 11.735
v -11.086 20.674 11.735
v -10.792 20.723 11.735
v -9.508 21.413 12.39
v -9.911 21.015 12.39
v -9.816 20.981 12.39
v -6.806 20.194 10.751
v 0.31 20.694 12.39
v 0.687 20.394 12.39
v 0.42 20.62 12.39
v -10.697 20.634 11.735
v -10.598 20.609 11.735
v -10.467 19.101 8.031
v -2.566 20.751 11.735
v -2.301 20.694 11.735
v -2.676 20.634 11.735
v -10.467 22.679 8.031
v 0.279 20.751 12.39
v 0.056 20.815 12.39
v -10.776 20.694 12.39
v -9.293 21.02 12.39
v -9.422 20.981 12.39
v 0.698 20.878 12.39
v -2.56 20.847 11.735
v -2.337 20.783 11.735
v -10.727 20.649 12.39
v -9.471 20.935 12.39
v -2.667 19.931 11.735
v -2.775 20.609 11.735
v -2.843 20.62 11.735
v -2.775 20.609 12.39
v -2.646 20.649 12.39
v -11.349 21.181 7.211
v -11.248 21.194 7.211
v -11.441 21.139 7.211
v -11.502 21.084 7.211
v -9.751 20.907 12.39
v -9.194 20.995 12.39
v -9.099 20.907 12.39
v -8.818 20.935 12.39
v 0.798 20.446 12.39
v 0.618 20.649 12.39
v -10.598 20.609 12.39
v -10.467 22.679 7.211
v -11.057 21.133 7.211
v -11.148 21.177 7.211
v -2.566 20.751 12.39
v 0.906 20.547 12.39
v 0.976 20.674 12.39
v 0.703 20.783 12.39
v -10.942 20.979 7.211
v -10.986 21.064 7.211
v -10.813 20.847 11.735
v -2.56 20.847 12.39
v 1.0 20.815 12.39
v 0.976 20.955 12.39
v 0.522 20.614 12.39
v -11.349 21.181 8.031
v -4.811 20.538 12.093
v -10.908 21.183 11.735
v -10.776 20.935 11.735
v -11.017 21.082 11.735
v -11.086 20.955 11.735
v -8.77 20.981 12.39
v -11.11 20.815 12.39
v -5.362 21.027 11.8
v -5.156 21.159 11.8
v -5.528 21.424 11.8
v -11.441 21.139 8.031
v -5.662 21.3 11.8
v -5.769 21.105 11.8
v -2.332 20.878 11.735
v -8.64 21.02 12.39
v -10.42 20.694 11.735
v -10.124 20.694 11.735
v -10.499 20.634 11.735
v -8.541 20.995 12.39
v -7.504 21.69 12.39
v -8.202 20.847 12.39
v -8.165 20.935 12.39
v -8.446 20.907 12.39
v -10.942 20.979 8.031
v -11.148 21.177 8.031
v -11.248 21.194 8.031
v -2.221 20.634 11.735
v -11.502 21.084 8.031
v -10.389 20.751 11.735
v -10.044 20.634 11.735
v -5.227 20.84 11.98
v -5.227 20.788 12.144
v -5.227 20.84 12.144
v -8.086 20.995 12.39
v -11.057 21.133 8.031
v -10.986 21.064 8.031
v -2.316 20.723 12.39
v -2.221 20.634 12.39
v -11.36 20.603 7.211
v -11.26 20.586 7.211
v -10.927 20.885 8.031
v -11.45 20.647 7.211
v -11.493 20.689 7.211
v -10.404 20.723 12.39
v -7.987 21.02 12.39
v -2.343 20.815 12.39
v -7.858 20.981 12.39
v -10.468 20.649 12.39
v -4.883 20.788 12.144
v -7.403 21.01 12.39
v -7.513 20.935 12.39
v -7.794 20.907 12.39
v -5.228 20.788 12.144
v -5.29 20.635 12.144
v -10.383 20.847 11.735
v -10.378 20.815 12.39
v -10.42 20.935 11.735
v -11.067 20.641 7.211
v -11.158 20.6 7.211
v -7.301 21.015 12.39
v -10.927 20.885 7.211
v -10.945 20.791 7.211
v -11.11 20.815 11.735
v -4.715 20.701 12.126
v -4.775 20.684 12.143
v -11.086 20.674 12.39
v -11.017 20.547 12.39
v -7.205 20.981 12.39
v -7.156 20.935 12.39
v -6.859 20.935 12.39
v -10.993 20.707 7.211
v -10.993 20.707 8.031
v -11.493 20.689 8.031
v -10.945 20.791 8.031
v -11.36 20.603 8.031
v -11.26 20.586 8.031
v -11.45 20.647 8.031
v -6.78 20.995 12.39
v -6.681 21.02 12.39
v -5.824 21.047 12.39
v -5.709 21.256 12.39
v -6.503 20.935 12.39
v -6.466 20.847 12.39
v -5.544 21.96 12.39
v -5.027 20.975 12.144
v -5.027 20.975 11.98
v -5.027 20.974 11.98
v -11.158 20.6 8.031
v -5.055 23.5 11.735
v -5.055 23.145 11.735
v -5.206 23.479 11.735
v -4.904 23.479 11.735
v -4.767 23.414 11.735
v -4.925 23.106 11.735
v -4.904 23.479 12.39
v -4.767 23.414 12.39
v -11.067 20.641 8.031
v -5.055 23.5 12.39
v -5.53 21.423 12.39
v -10.124 20.694 12.39
v -10.044 20.634 12.39
v -4.658 23.314 12.39
v -5.343 23.414 11.735
v -5.343 23.414 12.39
v -5.206 23.479 12.39
v -2.055 20.62 11.735
v -1.569 20.634 11.735
v -9.945 20.609 12.39
v -4.861 21.123 11.8
v -5.012 21.169 11.8
v -5.017 21.171 12.093
v -4.67 20.815 12.093
v -2.122 20.609 11.735
v -10.16 20.783 11.735
v -1.907 20.847 11.735
v -1.685 20.783 11.735
v -1.913 20.751 11.735
v -1.648 20.694 11.735
v -1.993 20.649 11.735
v -2.089 20.614 12.39
v -4.786 20.565 12.109
v -1.968 20.671 12.39
v -9.293 20.609 11.735
v -8.84 20.124 11.735
v -9.422 20.649 11.735
v -9.911 20.614 11.735
v -1.913 20.751 12.39
v -5.055 21.567 11.8
v -1.913 20.878 12.39
v -10.166 20.815 12.39
v -4.723 20.634 11.8
v -5.249 22.849 12.39
v -5.276 22.94 11.735
v -5.276 22.94 12.39
v -5.325 20.564 12.105
v -9.791 20.671 12.39
v -5.234 23.061 12.39
v -9.422 20.649 12.39
v -4.805 21.53 11.8
v -9.725 20.815 12.39
v -9.736 20.751 12.39
v -9.487 20.723 12.39
v -4.925 23.106 12.39
v -5.021 23.14 12.39
v -1.968 20.958 11.735
v -1.679 20.878 11.735
v -10.798 21.236 11.735
v -10.697 20.995 11.735
v -7.504 19.94 12.39
v -9.816 20.649 11.735
v -1.679 20.878 12.39
v -1.69 20.815 12.39
v -10.499 20.995 11.735
v -10.067 21.336 11.735
v -10.139 20.907 11.735
v -4.684 20.728 11.8
v -9.327 20.614 12.39
v -9.508 20.847 12.39
v -1.664 20.723 12.39
v -1.569 20.634 12.39
v -10.598 21.02 11.735
v -10.044 20.995 11.735
v -9.73 20.847 11.735
v -9.508 20.847 11.735
v -9.751 20.723 11.735
v -5.452 23.314 11.735
v -4.792 20.555 11.8
v -5.305 21.53 11.8
v -5.299 20.538 12.093
v -5.249 22.849 11.735
v -5.544 23.051 11.735
v -4.805 21.53 12.39
v -5.154 23.12 11.735
v -5.249 23.032 11.735
v -4.566 21.96 11.735
v -1.546 21.544 11.735
v -4.282 21.803 11.735
v -9.225 20.62 12.39
v -4.448 20.48 11.8
v -4.614 20.326 11.8
v -4.649 21.977 11.735
v -5.185 22.775 12.39
v -5.185 22.775 11.735
v -4.868 20.503 11.8
v -5.219 20.491 12.093
v -5.207 20.516 12.129
v -9.139 20.671 12.39
v -8.794 20.671 12.39
v -9.083 20.751 12.39
v -9.072 20.815 12.39
v -8.86 20.815 12.39
v -4.342 20.674 11.8
v -4.671 20.827 11.8
v -8.64 20.609 12.39
v -4.282 21.803 10.751
v -4.649 21.977 10.751
v -5.452 23.314 12.39
v -9.114 20.694 11.735
v -9.194 20.634 11.735
v -8.197 20.751 12.39
v -8.42 20.815 12.39
v -3.991 21.533 11.735
v -4.401 20.373 11.735
v -4.614 20.326 11.735
v -4.512 20.269 11.735
v -4.734 20.269 11.735
v -4.582 21.424 11.8
v -4.579 21.423 12.39
v -4.448 20.48 11.735
v -9.767 20.935 11.735
v -9.911 21.015 11.735
v -9.471 20.935 11.735
v -4.579 20.207 12.39
v -4.401 20.373 12.39
v -9.487 20.723 11.735
v -4.246 20.815 12.39
v -4.246 20.815 11.735
v -4.286 20.583 12.39
v -5.264 20.578 12.139
v -0.947 20.649 12.39
v -0.851 20.614 11.735
v -5.295 20.592 12.137
v -5.123 23.135 12.39
v -5.231 20.589 12.144
v -1.255 20.783 11.735
v -1.027 20.751 11.735
v -1.316 20.671 11.735
v -5.186 20.544 12.14
v -4.286 20.583 11.735
v -8.541 20.634 12.39
v -9.078 20.847 11.735
v -4.861 23.032 12.39
v -8.056 20.62 12.39
v -8.165 20.694 12.39
v -8.462 20.694 12.39
v -1.341 20.649 12.39
v -1.47 20.609 11.735
v -4.342 20.674 11.735
v -1.436 20.614 12.39
v -1.292 20.694 12.39
v -1.255 20.783 12.39
v -4.791 20.949 12.144
v -4.706 20.949 12.113
v -4.741 21.009 12.113
v -7.555 20.815 12.39
v -4.305 20.89 11.735
v -1.26 20.878 12.39
v -4.861 22.849 11.735
v -4.876 22.453 11.735
v -4.925 22.775 11.735
v -4.305 20.89 11.8
v -5.31 20.549 11.8
v -4.834 22.94 11.735
v -4.861 23.032 11.735
v -4.566 23.051 11.735
v -4.658 23.314 11.735
v -7.888 20.634 12.39
v -7.987 20.609 12.39
v -5.027 20.84 12.144
v -5.083 20.84 12.144
v -9.422 20.981 11.735
v -7.772 20.783 12.39
v -7.809 20.694 12.39
v -7.513 20.694 12.39
v -4.804 21.026 12.137
v -5.083 20.974 12.144
v -5.021 22.741 11.735
v -4.925 22.775 12.39
v -4.83 21.014 12.143
v -9.225 21.01 11.735
v -8.84 21.505 11.735
v -9.114 20.935 11.735
v -9.327 21.015 11.735
v -8.818 20.935 11.735
v -1.276 20.907 11.735
v -1.032 20.847 11.735
v -0.947 20.649 11.735
v -4.707 20.968 12.093
v -6.37 21.846 11.735
v -4.832 20.096 11.735
v -5.055 20.063 12.39
v -4.805 20.1 12.39
v -5.027 20.84 11.98
v -6.89 20.878 12.39
v -1.027 20.751 12.39
v -4.834 22.94 12.39
v -5.083 20.84 11.986
v -6.89 20.751 12.39
v -7.125 20.878 12.39
v -4.841 21.112 12.093
v -4.821 21.08 12.12
v -4.845 22.877 12.39
v -5.228 20.84 11.98
v -5.228 20.84 12.144
v -7.403 20.62 12.39
v -4.579 20.207 11.735
v -1.032 20.847 12.39
v -7.301 20.614 12.39
v -7.205 20.649 12.39
v -4.811 21.091 12.093
v -4.805 20.1 11.735
v -4.832 20.225 11.735
v -4.823 20.227 11.735
v -8.855 20.847 11.735
v -8.834 20.723 11.735
v -9.083 20.751 11.735
v -5.083 20.654 12.144
v -5.083 20.655 12.144
v -4.282 19.826 11.735
v -4.566 19.67 11.735
v -4.649 19.653 11.735
v -8.77 20.649 11.735
v -8.541 20.634 11.735
v -8.674 20.614 11.735
v -6.859 20.694 12.39
v -7.125 20.751 12.39
v -0.688 20.649 11.735
v -4.759 20.828 12.144
v -6.78 20.634 12.39
v -4.823 20.227 11.8
v -5.027 20.655 12.144
v -0.602 20.847 11.735
v -0.035 20.649 11.735
v -0.165 20.609 11.735
v -6.681 20.609 12.39
v -5.544 19.67 12.39
v -5.027 20.654 12.144
v -6.613 20.62 12.39
v -4.77 21.055 12.093
v -5.824 20.583 12.39
v -6.471 20.751 12.39
v -5.864 20.815 12.39
v -4.649 19.653 10.751
v -5.709 20.373 12.39
v -8.77 20.981 11.735
v -5.144 20.541 12.143
v -0.379 20.783 11.735
v -5.462 19.653 10.751
v -5.276 19.296 12.39
v -5.53 20.207 12.39
v -8.202 20.783 11.735
v -5.008 20.52 12.141
v -5.185 19.461 12.39
v -5.305 20.1 12.39
v -4.282 19.826 10.751
v -0.749 20.62 11.735
v -0.263 20.634 11.735
v -0.608 20.751 11.735
v -0.343 20.694 11.735
v -4.701 20.915 12.12
v -4.46 19.189 10.751
v -8.674 21.015 11.735
v -5.021 22.533 11.735
v -4.987 22.528 12.39
v -5.089 22.533 12.39
v -5.083 20.655 11.98
v -5.027 20.655 11.98
v -0.639 20.935 12.39
v -0.639 20.935 11.735
v -5.544 23.051 12.39
v -5.209 22.476 12.39
v -5.123 22.746 12.39
v -4.401 21.256 12.39
v -4.286 21.047 11.735
v -4.286 21.047 12.39
v -5.021 22.741 12.39
v -5.249 19.204 12.39
v -5.276 19.296 11.735
v -8.431 20.751 11.735
v -5.027 20.654 11.98
v -8.541 20.995 11.735
v -7.987 21.02 11.735
v -4.448 21.3 11.735
v -4.582 21.424 11.735
v -4.448 21.3 11.8
v -5.521 23.187 12.39
v -8.462 20.694 11.735
v 0.687 20.394 11.735
v -4.401 21.256 11.735
v -4.579 21.423 11.735
v -5.249 19.387 12.39
v -4.589 23.187 12.39
v -5.123 22.528 11.735
v -5.209 22.476 11.735
v -5.271 22.364 11.735
v -5.249 22.241 11.735
v -5.462 21.977 11.735
v -4.566 23.051 12.39
v -4.987 19.49 12.39
v -4.925 19.461 11.735
v -4.925 19.461 12.39
v -5.265 22.396 12.39
v -5.265 22.27 12.39
v -4.882 20.788 11.98
v -4.883 20.788 11.98
v -4.882 20.788 12.144
v -5.154 22.153 12.39
v -5.185 22.167 11.735
v -5.234 22.213 12.39
v -8.462 20.935 11.735
v -5.305 21.53 12.39
v -4.75 21.028 11.8
v -4.882 20.84 12.144
v -4.882 20.84 11.98
v -5.055 22.679 9.44
v -4.701 20.955 11.8
v -5.249 19.387 11.735
v -5.462 19.653 11.735
v -5.185 19.461 11.735
v -8.086 20.995 11.735
v -4.845 22.27 12.39
v -4.566 21.96 12.39
v -4.845 22.396 12.39
v -2.347 20.586 8.031
v -1.594 19.101 8.031
v -2.246 20.601 8.031
v -4.926 20.524 12.136
v -4.953 20.502 12.132
v -8.165 20.694 11.735
v -2.539 20.644 8.031
v -2.448 20.601 8.031
v -4.925 22.498 11.735
v -4.342 21.105 11.8
v -5.249 19.204 11.735
v -8.197 20.878 11.735
v -8.425 20.847 11.735
v -2.673 20.89 8.031
v -5.185 19.13 12.39
v -5.185 19.13 11.735
v -4.883 20.84 12.144
v -4.901 22.476 12.39
v -5.089 19.096 12.39
v -4.342 21.105 11.735
v -4.956 22.153 12.39
v -5.055 22.128 12.39
v -5.055 21.567 12.39
v -7.919 21.01 11.735
v -2.657 20.796 7.211
v -4.883 20.84 11.98
v -2.611 20.711 7.211
v -5.123 19.49 11.735
v -4.876 22.213 12.39
v -5.055 19.593 11.735
v -8.165 20.935 11.735
v -2.155 20.644 8.031
v -2.103 20.693 8.031
v -1.594 20.693 8.031
v -5.021 19.495 11.735
v -5.089 19.495 12.39
v -2.155 20.644 7.211
v -4.839 22.364 11.735
v -3.528 20.995 12.39
v -1.594 20.693 7.211
v -4.956 22.153 11.735
v -4.876 22.213 11.735
v -4.845 19.359 12.39
v -5.16 20.493 12.126
v -5.055 20.49 12.132
v -3.649 20.815 12.39
v -5.055 22.128 11.735
v -5.055 22.679 10.751
v -5.65 22.591 10.751
v -5.055 22.037 10.751
v -3.429 21.02 12.39
v -5.111 20.461 12.093
v -3.623 20.907 12.39
v -7.809 20.694 11.735
v -7.888 20.634 11.735
v -0.066 20.995 11.735
v 0.31 20.935 11.735
v 0.014 20.935 11.735
v 0.05 20.847 11.735
v 0.687 21.236 11.735
v 0.42 21.01 11.735
v 0.274 20.847 11.735
v -3.924 22.337 10.751
v -4.46 22.591 10.751
v -7.433 20.995 11.735
v -4.834 19.296 11.735
v -7.55 20.847 11.735
v -7.778 20.878 11.735
v -7.513 20.935 11.735
v -7.833 20.958 11.735
v -2.775 21.02 12.39
v -2.905 20.981 12.39
v -5.021 19.096 11.735
v -4.589 23.187 11.735
v -4.925 19.13 11.735
v -4.925 19.13 12.39
v -4.987 19.101 12.39
v -5.055 20.457 12.093
v -2.969 20.907 12.39
v -3.299 20.981 12.39
v -3.219 20.878 12.39
v -4.861 19.204 12.39
v -4.861 19.204 11.735
v -4.834 19.296 12.39
v -5.462 21.977 10.751
v -1.576 21.548 12.39
v -4.46 22.591 9.44
v -8.056 20.62 11.735
v -7.205 20.981 11.735
v -7.301 21.015 11.735
v -7.987 20.609 11.735
v -2.676 20.995 12.39
v -2.221 20.995 12.39
v -2.301 20.935 12.39
v -2.597 20.935 12.39
v -3.623 20.907 11.735
v -3.804 21.193 11.735
v -3.558 20.981 11.735
v -3.497 21.01 11.735
v 0.976 20.955 11.735
v 0.703 20.847 11.735
v 0.906 21.082 11.735
v 0.642 20.958 11.735
v 0.798 21.183 11.735
v 0.522 21.015 11.735
v -3.395 21.015 11.735
v -2.775 21.02 11.735
v -2.122 21.02 12.39
v -3.275 20.958 11.735
v -2.874 20.995 11.735
v -4.944 20.475 12.105
v -5.063 20.46 11.8
v -7.529 20.723 11.735
v -7.433 20.634 11.735
v -7.767 20.815 11.735
v -2.969 20.907 11.735
v -5.055 22.037 11.735
v -1.538 21.01 12.39
v -1.624 20.958 12.39
v -1.968 20.958 12.39
v -2.99 20.783 11.735
v -3.214 20.847 11.735
v -7.156 20.935 11.735
v -7.12 20.847 11.735
v 0.279 20.751 11.735
v 0.31 20.694 11.735
v 0.029 20.723 11.735
v -2.055 21.01 12.39
v -7.926 20.89 10.751
v -7.362 20.169 10.751
v -7.886 21.124 10.751
v -7.77 21.335 10.751
v -6.858 21.611 10.751
v -7.11 21.648 10.751
v -7.362 21.611 10.751
v -7.59 21.503 10.751
v -7.11 21.648 9.44
v -4.908 20.484 12.093
v -1.341 20.981 12.39
v -0.971 20.958 12.39
v -1.436 21.015 12.39
v -5.828 21.803 10.751
v 0.389 20.634 11.735
v -0.851 21.015 12.39
v -0.749 21.01 12.39
v -5.521 23.187 11.735
v -5.452 18.468 12.39
v -6.859 20.694 11.735
v -0.358 20.907 12.39
v -3.804 21.193 10.751
v -3.991 21.533 10.751
v -6.835 20.958 11.735
v -3.225 21.443 10.751
v -3.498 21.941 10.751
v -5.367 20.902 12.14
v -5.408 20.951 12.105
v -4.566 19.67 12.39
v -6.186 22.337 10.751
v -3.13 20.89 10.751
v -0.294 20.981 12.39
v -6.186 22.337 9.44
v -6.612 21.941 10.751
v -3.498 21.941 9.44
v -3.225 21.443 9.44
v -0.165 21.02 12.39
v -7.181 20.671 11.735
v -5.417 20.935 12.093
v -5.417 20.935 11.8
v -3.924 22.337 9.44
v -5.227 20.788 11.98
v -3.127 22.679 8.031
v -5.363 21.026 12.093
v -5.185 18.523 11.735
v -5.249 18.596 11.735
v -5.228 20.788 11.98
v -6.89 20.878 11.735
v -3.558 20.649 12.39
v -6.749 21.01 11.735
v -6.681 21.02 11.735
v -5.083 20.788 11.98
v -5.65 22.591 9.44
v -5.209 18.831 11.735
v -5.271 18.72 11.735
v -5.271 18.72 12.39
v -5.265 18.625 12.39
v -6.613 21.01 11.735
v -6.503 20.935 11.735
v -6.306 21.193 11.735
v -7.335 20.609 11.735
v -1.594 22.679 7.211
v -3.127 22.679 7.211
v -5.209 18.545 12.39
v -5.083 20.84 11.98
v -6.896 20.783 11.735
v -7.125 20.751 11.735
v -7.267 20.62 11.735
v -6.37 19.784 11.735
v -6.466 20.847 11.735
v -2.191 21.01 11.735
v -2.676 20.995 11.735
v -2.301 20.935 11.735
v -5.433 20.778 11.8
v -5.805 20.89 11.8
v -2.597 20.935 11.735
v -5.234 18.808 12.39
v -5.275 21.019 12.142
v -5.343 18.367 12.39
v -5.343 18.367 11.735
v 0.798 20.446 11.735
v -5.308 21.074 12.113
v -5.269 21.112 12.093
v 0.642 20.671 11.735
v 0.698 20.751 11.735
v 0.906 20.547 11.735
v -5.123 18.883 12.39
v -5.828 21.803 11.735
v -5.544 21.96 11.735
v 0.522 20.614 11.735
v -4.925 18.854 12.39
v -4.566 18.73 12.39
v -6.119 21.533 11.735
v -5.206 21.056 12.143
v -5.193 21.125 12.126
v -5.123 18.883 11.735
v -5.021 18.888 11.735
v -6.78 20.634 11.735
v 0.976 20.674 11.735
v 1.0 20.815 11.735
v -4.901 18.831 11.735
v -4.566 18.73 11.735
v -5.769 20.674 11.8
v -5.383 20.629 11.8
v -5.864 20.815 11.735
v -5.53 21.423 11.735
v -5.021 18.888 12.39
v -5.123 18.493 12.39
v -5.824 21.047 11.735
v -4.845 18.751 12.39
v -5.496 20.326 11.8
v -5.662 20.48 11.8
v -5.496 20.326 11.735
v -5.093 21.171 12.093
v -5.709 21.256 11.735
v -5.662 21.3 11.735
v -5.528 21.424 11.735
v -5.377 20.269 11.735
v -5.206 18.302 12.39
v -1.599 20.981 11.735
v -4.839 18.72 11.735
v -5.287 20.227 11.8
v -5.204 20.487 11.8
v -5.805 20.89 11.735
v -5.769 21.105 11.735
v -1.538 21.01 11.735
v -4.904 18.302 11.735
v -5.055 18.28 11.735
v -5.021 18.489 11.735
v -5.206 18.302 11.735
v -5.123 18.493 11.735
v -2.089 21.015 11.735
v -5.055 18.28 12.39
v -5.055 18.483 12.39
v -7.59 20.277 10.751
v -6.858 20.169 10.751
v -6.807 21.586 10.751
v -3.127 20.89 7.211
v -2.611 21.069 7.211
v -4.658 18.468 11.735
v -4.767 18.367 11.735
v -4.925 18.523 11.735
v -4.861 18.596 11.735
v -5.089 21.139 12.131
v -5.055 21.165 12.112
v -4.589 18.595 11.735
v -1.594 21.088 7.211
v -2.104 21.088 7.211
v -4.904 18.302 12.39
v -7.11 20.132 10.751
v -4.956 18.508 12.39
v -4.767 18.367 12.39
v -4.861 18.596 12.39
v -4.658 18.468 12.39
v -4.834 18.688 12.39
v -4.589 18.595 12.39
v -6.37 20.815 11.735
v -6.37 20.815 10.751
v -6.306 20.437 11.735
v -2.657 20.984 7.211
v -2.673 20.89 7.211
v -2.539 21.136 7.211
v -2.448 21.179 7.211
v -2.347 21.194 7.211
v -2.246 21.179 7.211
v -5.104 21.095 12.143
v -2.539 21.136 8.031
v -3.623 20.723 12.39
v -6.613 20.62 11.735
v -5.083 20.975 11.98
v -5.027 20.788 11.98
v -6.119 21.533 10.751
v -2.155 21.136 7.211
v -2.246 21.179 8.031
v -3.497 20.62 12.39
v -0.823 21.444 11.735
v -1.341 20.981 11.735
v -1.436 21.015 11.735
v -6.681 20.609 11.735
v -5.083 20.974 11.98
v -2.657 20.984 8.031
v -6.551 20.649 11.735
v -6.471 20.751 11.735
v -4.984 21.145 12.126
v -5.021 21.139 12.131
v -6.306 21.193 10.751
v -0.995 20.935 11.735
v -0.947 20.981 11.735
v -3.219 20.751 12.39
v -2.99 20.783 12.39
v -1.594 22.679 8.031
v -1.594 21.088 8.031
v -2.953 20.694 12.39
v -3.299 20.649 12.39
v -2.843 20.62 12.39
v -3.395 20.614 12.39
v -5.055 19.593 10.751
v -3.924 19.443 10.751
v -6.119 20.096 11.735
v -2.246 20.601 7.211
v -1.594 19.101 7.211
v -0.817 21.02 11.735
v -2.347 20.586 7.211
v -3.623 20.723 11.735
v -6.612 21.941 9.44
v -7.362 21.611 9.44
v -6.858 21.611 9.44
v -0.718 20.995 11.735
v -5.824 20.583 11.735
v -2.539 20.644 7.211
v -7.59 21.503 9.44
v -7.77 21.335 9.44
v -0.358 20.907 11.735
v -2.448 20.601 7.211
v -5.598 20.269 11.735
v -5.662 20.48 11.735
v -5.709 20.373 11.735
v -0.263 20.995 11.735
v -5.027 20.974 12.144
v -7.886 21.124 9.44
v -3.804 20.437 11.735
v -3.74 20.815 11.735
v -3.649 20.815 11.735
v -3.558 20.649 11.735
v -5.769 20.674 11.735
v -2.103 20.693 7.211
v -5.083 20.654 11.98
v -3.497 20.62 11.735
v -5.083 20.975 12.144
v -6.807 21.586 9.44
v -5.828 19.826 11.735
v -3.74 20.815 10.751
v -5.544 19.67 11.735
v -3.991 20.096 10.751
v -5.53 20.207 11.735
v -5.305 20.1 11.735
v -3.991 20.096 11.735
v -2.611 21.069 8.031
v -5.055 20.193 11.8
v -3.219 20.751 11.735
v -2.953 20.694 11.735
v -2.448 21.179 8.031
v -2.347 21.194 8.031
v -6.306 20.437 10.751
v -6.119 20.096 10.751
v -3.275 20.671 11.735
v -6.612 19.839 10.751
v -3.395 20.614 11.735
v -5.166 20.079 11.735
v -5.287 20.227 11.735
v -5.166 20.209 11.735
v -2.155 21.136 8.031
v -2.104 21.088 8.031
v -5.055 20.193 11.735
v -5.055 20.063 11.735
v -3.804 20.437 10.751
v -4.704 20.815 12.132
v -4.695 20.848 12.126
v -4.698 20.765 12.125
v -3.498 19.839 10.751
v -3.225 20.337 10.751
v -29.045 0.0 7.576
v -29.2 0.0 7.6
v -29.2 0.0 7.1
v -28.906 0.0 7.505
v -28.795 0.0 7.394
v -28.724 0.0 7.255
v -28.7 0.0 7.1
v -28.724 0.0 6.945
v -28.795 0.0 6.806
v -28.906 0.0 6.695
v -29.045 0.0 6.624
v -29.2 0.0 6.6
v -29.355 0.0 6.624
v -29.494 0.0 6.695
v -29.605 0.0 6.806
v -29.676 0.0 6.945
v -29.7 0.0 7.1
v -29.676 0.0 7.255
v -29.605 0.0 7.394
v -29.494 0.0 7.505
v -29.355 0.0 7.576
v -29.2 16.0 7.6
v -29.045 16.0 7.576
v -29.2 16.0 7.1
v -28.906 16.0 7.505
v -28.795 16.0 7.394
v -28.724 16.0 7.255
v -28.7 16.0 7.1
v -28.724 16.0 6.945
v -28.795 16.0 6.806
v -28.906 16.0 6.695
v -29.045 16.0 6.624
v -29.2 16.0 6.6
v -29.355 16.0 6.624
v -29.494 16.0 6.695
v -29.605 16.0 6.806
v -29.676 16.0 6.945
v -29.7 16.0 7.1
v -29.676 16.0 7.255
v -29.605 16.0 7.394
v -29.494 16.0 7.505
v -29.355 16.0 7.576
v -25.497 25.831 9.653
v -25.606 26.034 9.617
v -25.461 25.611 9.692
v -25.788 26.218 9.585
v -26.029 26.384 9.556
v -26.33 26.532 9.53
v -26.69 26.661 9.507
v -27.108 26.769 9.488
v -27.581 26.858 9.472
v -28.109 26.927 9.46
v -28.686 26.979 9.451
v -29.307 27.009 9.445
v -29.973 27.02 9.444
v -32.7 24.149 9.95
v -31.45 24.459 9.895
v -32.7 27.02 9.444
v -30.37 24.459 9.895
v -30.241 24.149 9.95
v -29.519 24.159 9.948
v -28.848 24.189 9.943
v -28.228 24.239 9.934
v -27.663 24.311 9.921
v -27.161 24.404 9.905
v -26.72 24.517 9.885
v -26.348 24.649 9.862
v -26.037 24.801 9.835
v -25.788 24.974 9.804
v -25.606 25.166 9.771
v -25.497 25.378 9.733
v -31.45 26.707 9.499
v -29.283 24.491 9.889
v -30.102 26.707 9.499
v -28.391 24.587 9.872
v -29.598 26.7 9.5
v -27.692 24.748 9.844
v -29.132 26.678 9.504
v -27.191 24.97 9.805
v -28.704 26.641 9.51
v -28.31 26.589 9.52
v -26.89 25.254 9.755
v -27.963 26.521 9.532
v -26.79 25.599 9.694
v -27.662 26.438 9.546
v -26.814 25.781 9.662
v -27.4 26.339 9.564
v -26.887 25.946 9.633
v -27.008 26.094 9.607
v -27.182 26.225 9.584
v -25.497 25.659 8.678
v -25.461 25.439 8.717
v -25.606 25.862 8.643
v -25.788 26.046 8.61
v -26.029 26.213 8.581
v -26.33 26.36 8.555
v -26.69 26.489 8.532
v -27.108 26.597 8.513
v -27.581 26.686 8.497
v -28.109 26.755 8.485
v -28.686 26.807 8.476
v -29.307 26.838 8.47
v -29.973 26.848 8.469
v -32.7 23.977 8.975
v -32.7 26.848 8.469
v -31.45 24.287 8.92
v -30.37 24.287 8.92
v -30.241 23.977 8.975
v -29.519 23.987 8.973
v -28.848 24.017 8.968
v -28.228 24.067 8.959
v -27.663 24.139 8.946
v -27.161 24.232 8.93
v -26.72 24.345 8.91
v -26.348 24.477 8.887
v -26.037 24.629 8.86
v -25.788 24.802 8.829
v -25.606 24.994 8.796
v -25.497 25.206 8.758
v -31.45 26.535 8.524
v -29.283 24.319 8.915
v -30.102 26.535 8.524
v -28.391 24.416 8.898
v -29.598 26.528 8.525
v -27.692 24.576 8.869
v -29.132 26.506 8.529
v -27.191 24.798 8.83
v -28.704 26.469 8.535
v -28.31 26.417 8.545
v -26.89 25.082 8.78
v -27.963 26.349 8.557
v -26.79 25.427 8.719
v -27.662 26.266 8.571
v -26.814 25.609 8.687
v -27.4 26.168 8.589
v -26.887 25.774 8.658
v -27.008 25.922 8.632
v -27.182 26.053 8.609
v -18.132 24.149 9.95
v -16.655 24.149 9.95
v -20.492 25.336 9.741
v -19.09 25.463 9.718
v -18.852 25.497 9.712
v -19.332 25.434 9.723
v -18.618 25.535 9.705
v -18.395 25.579 9.698
v -18.186 25.629 9.689
v -17.993 25.686 9.679
v -17.826 25.751 9.667
v -17.681 25.825 9.654
v -17.557 25.906 9.64
v -17.463 25.995 9.624
v -17.407 26.095 9.607
v -17.389 26.204 9.587
v -17.484 26.455 9.543
v -17.772 26.659 9.507
v -18.251 26.817 9.479
v -18.923 26.93 9.459
v -19.803 26.997 9.448
v -20.889 27.02 9.444
v -23.279 24.149 9.95
v -22.03 25.645 9.686
v -23.279 27.02 9.444
v -22.03 24.149 9.95
v -22.03 25.336 9.741
v -22.03 26.707 9.499
v -20.939 25.645 9.686
v -20.968 26.707 9.499
v -20.562 25.649 9.685
v -20.602 26.704 9.499
v -20.225 25.661 9.683
v -20.268 26.694 9.501
v -19.927 25.68 9.68
v -19.967 26.678 9.504
v -19.661 25.707 9.675
v -19.699 26.655 9.508
v -19.429 25.74 9.669
v -19.464 26.624 9.513
v -19.263 26.586 9.52
v -19.233 25.781 9.662
v -19.099 26.541 9.528
v -19.071 25.831 9.653
v -18.963 26.488 9.537
v -18.942 25.888 9.643
v -18.846 25.952 9.632
v -18.856 26.427 9.548
v -18.775 26.023 9.619
v -18.779 26.356 9.561
v -18.732 26.101 9.606
v -18.733 26.276 9.575
v -18.717 26.186 9.591
v -18.132 23.977 8.975
v -20.492 25.164 8.766
v -16.655 23.977 8.975
v -19.09 25.291 8.743
v -19.332 25.262 8.748
v -18.852 25.325 8.737
v -18.618 25.363 8.73
v -18.395 25.407 8.723
v -18.186 25.457 8.714
v -17.993 25.514 8.704
v -17.826 25.579 8.692
v -17.681 25.653 8.679
v -17.557 25.734 8.665
v -17.463 25.823 8.649
v -17.407 25.923 8.632
v -17.389 26.032 8.613
v -17.484 26.283 8.568
v -17.772 26.487 8.532
v -18.251 26.645 8.504
v -18.923 26.758 8.485
v -19.803 26.825 8.473
v -20.889 26.848 8.469
v -23.279 23.977 8.975
v -23.279 26.848 8.469
v -22.03 25.473 8.711
v -22.03 23.977 8.975
v -22.03 25.164 8.766
v -22.03 26.535 8.524
v -20.939 25.473 8.711
v -20.968 26.535 8.524
v -20.562 25.477 8.71
v -20.602 26.532 8.524
v -20.225 25.489 8.708
v -20.268 26.522 8.526
v -19.927 25.508 8.705
v -19.967 26.506 8.529
v -19.661 25.535 8.7
v -19.699 26.483 8.533
v -19.429 25.569 8.694
v -19.464 26.452 8.538
v -19.263 26.414 8.545
v -19.233 25.609 8.687
v -19.099 26.369 8.553
v -19.071 25.659 8.678
v -18.963 26.316 8.562
v -18.942 25.716 8.668
v -18.846 25.78 8.657
v -18.856 26.255 8.573
v -18.775 25.851 8.644
v -18.779 26.184 8.586
v -18.732 25.929 8.631
v -18.733 26.104 8.6
v -18.717 26.014 8.616
v -8.126 24.149 9.95
v -11.746 27.031 9.442
v -9.406 24.149 9.95
v -12.886 27.031 9.442
v -16.496 24.149 9.95
v -13.749 25.362 9.736
v -12.767 26.192 9.59
v -12.668 26.276 9.575
v -12.634 26.31 9.569
v -12.706 26.245 9.58
v -12.598 26.347 9.562
v -12.559 26.386 9.555
v -12.514 26.427 9.548
v -12.471 26.468 9.541
v -12.43 26.51 9.533
v -12.392 26.554 9.526
v -12.355 26.597 9.518
v -12.321 26.638 9.511
v -12.287 26.597 9.518
v -12.251 26.555 9.525
v -12.212 26.513 9.533
v -12.172 26.471 9.54
v -12.133 26.43 9.548
v -12.093 26.389 9.555
v -12.053 26.351 9.562
v -12.014 26.314 9.568
v -11.974 26.279 9.574
v -11.936 26.247 9.58
v -11.875 26.192 9.59
v -10.883 25.362 9.736
v -11.903 26.219 9.585
v -15.237 24.149 9.95
v -10.486 25.038 9.793
v -12.739 26.217 9.585
v -14.146 25.038 9.793
v -8.126 23.977 8.975
v -9.406 23.977 8.975
v -11.746 26.859 8.467
v -12.886 26.859 8.467
v -16.496 23.977 8.975
v -13.749 25.19 8.761
v -12.767 26.02 8.615
v -12.668 26.104 8.6
v -12.706 26.073 8.605
v -12.634 26.138 8.594
v -12.598 26.175 8.587
v -12.559 26.214 8.58
v -12.514 26.255 8.573
v -12.471 26.296 8.566
v -12.43 26.339 8.558
v -12.392 26.382 8.551
v -12.355 26.425 8.543
v -12.321 26.466 8.536
v -12.287 26.425 8.543
v -12.251 26.384 8.551
v -12.212 26.341 8.558
v -12.172 26.299 8.565
v -12.133 26.258 8.573
v -12.093 26.217 8.58
v -12.053 26.179 8.587
v -12.014 26.142 8.593
v -11.974 26.107 8.599
v -11.936 26.076 8.605
v -11.875 26.02 8.615
v -11.903 26.047 8.61
v -10.883 25.19 8.761
v -15.237 23.977 8.975
v -10.486 24.866 8.818
v -12.739 26.045 8.61
v -14.146 24.866 8.818
v -1.641 27.02 9.444
v -3.614 25.211 9.763
v -0.302 27.02 9.444
v -3.746 25.086 9.785
v -3.865 24.967 9.806
v -3.971 24.852 9.826
v -4.07 24.745 9.845
v -4.156 24.641 9.863
v -4.229 24.543 9.88
v -4.31 24.641 9.863
v -4.396 24.745 9.845
v -4.487 24.852 9.826
v -4.586 24.965 9.806
v -4.698 25.08 9.786
v -4.824 25.197 9.765
v -6.807 27.02 9.444
v -8.126 27.02 9.444
v -3.594 24.149 9.95
v -4.854 24.149 9.95
v -1.641 26.848 8.469
v -0.302 26.848 8.469
v -3.614 25.039 8.788
v -3.746 24.915 8.81
v -3.865 24.795 8.831
v -3.971 24.681 8.851
v -4.07 24.573 8.87
v -4.156 24.47 8.888
v -4.229 24.371 8.905
v -4.31 24.47 8.888
v -4.396 24.573 8.87
v -4.487 24.681 8.851
v -4.586 24.793 8.831
v -4.698 24.908 8.811
v -4.824 25.025 8.79
v -6.807 26.848 8.469
v -8.126 26.848 8.469
v -3.594 23.977 8.975
v -4.854 23.977 8.975
v 3.804 24.149 9.95
v 3.804 24.349 9.915
v 0.244 24.149 9.95
v 3.804 26.817 9.479
v 3.804 27.02 9.444
v 2.653 26.739 9.493
v 0.244 27.02 9.444
v 0.244 26.817 9.479
v 0.244 24.349 9.915
v 1.404 24.427 9.901
v 2.653 24.427 9.901
v 1.404 26.739 9.493
v 3.804 23.977 8.975
v 0.244 23.977 8.975
v 3.804 24.177 8.94
v 3.804 26.645 8.504
v 2.653 26.567 8.518
v 3.804 26.848 8.469
v 0.244 26.848 8.469
v 0.244 26.645 8.504
v 0.244 24.177 8.94
v 1.404 24.255 8.926
v 2.653 24.255 8.926
v 1.404 26.567 8.518
v 13.709 25.801 9.658
v 13.617 26.004 9.623
v 13.74 25.585 9.697
v 13.463 26.192 9.59
v 13.253 26.365 9.559
v 12.982 26.52 9.532
v 12.649 26.658 9.507
v 12.264 26.777 9.486
v 11.821 26.877 9.469
v 11.321 26.956 9.455
v 10.77 27.016 9.444
v 10.161 27.051 9.438
v 9.496 27.063 9.436
v 8.795 27.051 9.438
v 8.16 27.016 9.444
v 7.592 26.956 9.455
v 7.082 26.877 9.469
v 6.635 26.777 9.486
v 6.253 26.658 9.507
v 5.927 26.522 9.531
v 5.662 26.367 9.559
v 5.46 26.195 9.589
v 5.322 26.007 9.622
v 5.239 25.805 9.658
v 5.212 25.59 9.696
v 6.531 25.587 9.696
v 6.551 25.761 9.666
v 6.551 25.414 9.727
v 5.239 25.374 9.734
v 5.322 25.171 9.77
v 5.46 24.983 9.803
v 5.661 24.808 9.834
v 5.923 24.652 9.861
v 6.243 24.514 9.885
v 6.63 24.394 9.907
v 7.076 24.294 9.924
v 7.582 24.213 9.939
v 8.149 24.155 9.949
v 8.781 24.12 9.955
v 9.476 24.109 9.957
v 10.144 24.12 9.955
v 10.759 24.155 9.949
v 11.321 24.213 9.939
v 11.821 24.294 9.924
v 12.264 24.394 9.907
v 12.649 24.514 9.885
v 12.982 24.652 9.861
v 13.253 24.807 9.834
v 13.463 24.98 9.803
v 13.617 25.169 9.77
v 13.709 25.371 9.734
v 6.61 25.922 9.637
v 6.61 25.253 9.755
v 6.709 26.071 9.611
v 6.709 25.104 9.781
v 6.844 24.967 9.806
v 6.844 26.206 9.587
v 7.022 24.846 9.827
v 7.022 26.327 9.566
v 7.245 24.74 9.846
v 7.245 26.432 9.547
v 7.51 26.523 9.531
v 7.505 24.647 9.862
v 7.818 26.6 9.518
v 7.809 24.57 9.876
v 8.167 26.661 9.507
v 8.157 24.508 9.886
v 8.561 26.704 9.499
v 8.55 24.465 9.894
v 9.004 26.73 9.495
v 8.99 24.439 9.899
v 9.476 24.43 9.9
v 9.496 26.739 9.493
v 9.966 24.439 9.899
v 9.981 26.73 9.495
v 10.417 26.704 9.499
v 10.406 24.465 9.894
v 10.805 26.661 9.507
v 10.795 24.508 9.886
v 11.153 26.6 9.518
v 11.144 24.57 9.876
v 11.457 26.523 9.531
v 11.452 24.647 9.862
v 11.717 26.432 9.547
v 11.717 24.74 9.846
v 11.934 24.846 9.827
v 11.934 26.327 9.566
v 12.109 24.967 9.806
v 12.109 26.206 9.587
v 12.243 25.104 9.781
v 12.243 26.071 9.611
v 12.336 25.253 9.755
v 12.336 25.922 9.637
v 12.393 25.761 9.666
v 12.393 25.414 9.727
v 12.411 25.587 9.696
v 13.709 25.629 8.684
v 13.74 25.413 8.722
v 13.617 25.832 8.648
v 13.463 26.02 8.615
v 13.253 26.193 8.584
v 12.982 26.348 8.557
v 12.649 26.486 8.532
v 12.264 26.605 8.511
v 11.821 26.705 8.494
v 11.321 26.784 8.48
v 10.77 26.844 8.469
v 10.161 26.879 8.463
v 9.496 26.891 8.461
v 8.795 26.879 8.463
v 8.16 26.844 8.469
v 7.592 26.784 8.48
v 7.082 26.705 8.494
v 6.635 26.605 8.511
v 6.253 26.486 8.532
v 5.927 26.35 8.556
v 5.662 26.195 8.584
v 5.46 26.023 8.614
v 5.322 25.835 8.647
v 5.239 25.633 8.683
v 5.212 25.418 8.721
v 6.531 25.415 8.721
v 6.551 25.589 8.691
v 6.551 25.242 8.752
v 5.239 25.202 8.759
v 5.322 24.999 8.795
v 5.46 24.811 8.828
v 5.661 24.636 8.859
v 5.923 24.48 8.886
v 6.243 24.342 8.911
v 6.63 24.222 8.932
v 7.076 24.122 8.949
v 7.582 24.041 8.964
v 8.149 23.983 8.974
v 8.781 23.948 8.98
v 9.476 23.937 8.982
v 10.144 23.948 8.98
v 10.759 23.983 8.974
v 11.321 24.041 8.964
v 11.821 24.122 8.949
v 12.264 24.222 8.932
v 12.649 24.342 8.911
v 12.982 24.48 8.886
v 13.253 24.635 8.859
v 13.463 24.808 8.828
v 13.617 24.997 8.795
v 13.709 25.199 8.759
v 6.61 25.75 8.662
v 6.61 25.081 8.78
v 6.709 25.899 8.636
v 6.709 24.932 8.806
v 6.844 24.795 8.831
v 6.844 26.034 8.612
v 7.022 24.674 8.852
v 7.022 26.155 8.591
v 7.245 24.568 8.871
v 7.245 26.26 8.572
v 7.51 26.351 8.556
v 7.505 24.475 8.887
v 7.818 26.428 8.543
v 7.809 24.398 8.901
v 8.167 26.489 8.532
v 8.157 24.336 8.912
v 8.561 26.532 8.524
v 8.55 24.293 8.919
v 9.004 26.558 8.52
v 8.99 24.267 8.924
v 9.476 24.258 8.925
v 9.496 26.567 8.518
v 9.966 24.267 8.924
v 9.981 26.558 8.52
v 10.417 26.532 8.524
v 10.406 24.293 8.919
v 10.805 26.489 8.532
v 10.795 24.336 8.912
v 11.153 26.428 8.543
v 11.144 24.398 8.901
v 11.457 26.351 8.556
v 11.452 24.475 8.887
v 11.717 26.26 8.572
v 11.717 24.568 8.871
v 11.934 24.674 8.852
v 11.934 26.155 8.591
v 12.109 24.795 8.831
v 12.109 26.034 8.612
v 12.243 24.932 8.806
v 12.243 25.899 8.636
v 12.336 25.081 8.78
v 12.336 25.75 8.662
v 12.393 25.589 8.691
v 12.393 25.242 8.752
v 12.411 25.415 8.721
v 23.3 27.02 9.444
v 22.041 27.02 9.444
v 23.3 24.149 9.95
v 22.041 25.449 9.721
v 22.042 25.413 9.727
v 22.045 25.375 9.734
v 22.05 25.336 9.741
v 22.052 25.295 9.748
v 22.055 25.252 9.755
v 22.06 25.208 9.763
v 22.067 25.164 9.771
v 22.074 25.121 9.778
v 22.08 25.078 9.786
v 22.087 25.034 9.794
v 22.093 24.991 9.801
v 22.114 24.851 9.826
v 22.131 24.752 9.843
v 22.1 24.948 9.809
v 17.449 27.02 9.444
v 15.932 27.02 9.444
v 22.1 24.653 9.861
v 15.932 24.149 9.95
v 17.181 24.149 9.95
v 17.181 25.706 9.675
v 17.179 25.783 9.662
v 17.173 25.866 9.647
v 17.162 25.955 9.631
v 17.148 26.048 9.615
v 17.135 26.138 9.599
v 17.122 26.224 9.584
v 17.101 26.323 9.566
v 17.078 26.423 9.549
v 17.052 26.525 9.531
v 21.773 24.149 9.95
v 17.102 26.525 9.531
v 22.15 24.653 9.861
v 23.3 26.848 8.469
v 23.3 23.977 8.975
v 22.041 26.848 8.469
v 22.041 25.277 8.746
v 22.042 25.241 8.752
v 22.045 25.203 8.759
v 22.05 25.164 8.766
v 22.052 25.123 8.773
v 22.055 25.08 8.78
v 22.06 25.036 8.788
v 22.067 24.992 8.796
v 22.074 24.949 8.803
v 22.08 24.906 8.811
v 22.087 24.862 8.819
v 22.093 24.819 8.826
v 22.114 24.679 8.851
v 22.1 24.776 8.834
v 22.131 24.581 8.868
v 17.449 26.848 8.469
v 22.1 24.481 8.886
v 15.932 26.848 8.469
v 15.932 23.977 8.975
v 17.181 23.977 8.975
v 17.181 25.534 8.7
v 17.179 25.611 8.687
v 17.173 25.694 8.672
v 17.162 25.783 8.656
v 17.148 25.876 8.64
v 17.135 25.966 8.624
v 17.122 26.052 8.609
v 17.101 26.151 8.592
v 17.078 26.251 8.574
v 17.052 26.353 8.556
v 21.773 23.977 8.975
v 17.102 26.353 8.556
v 22.15 24.481 8.886
v -11.896 22.031 62.283
v -11.896 22.061 62.562
v -11.641 22.061 62.562
v -11.641 22.031 62.283
v -11.896 20.884 59.339
v -11.896 22.222 58.749
v -11.896 21.095 61.236
v -11.896 20.496 63.998
v -11.896 20.304 65.965
v -11.896 20.191 63.971
v -11.896 18.778 66.376
v -11.896 18.0 65.994
v -11.896 19.897 63.889
v -11.896 20.801 61.154
v -21.0 20.484 62.248
v -21.0 20.054 62.286
v -21.0 20.577 62.308
v -21.0 20.684 62.493
v -17.794 24.217 62.562
v -17.794 25.0 62.562
v -17.794 24.146 61.897
v -17.794 23.934 61.258
v -17.794 24.913 61.757
v -11.641 21.366 61.369
v -11.641 21.095 61.236
v -11.896 21.366 61.369
v -21.0 20.187 62.221
v -21.0 20.339 62.207
v -21.0 19.975 62.363
v -21.0 19.917 62.493
v -21.0 19.917 62.632
v -11.896 18.931 62.562
v -11.641 18.931 62.562
v -11.641 18.961 62.842
v -11.896 18.961 62.842
v -11.641 20.801 61.154
v -21.0 20.692 62.562
v -21.0 20.339 62.918
v -21.0 20.662 62.7
v -11.641 19.05 63.112
v -11.896 19.05 63.112
v -18.819 17.409 60.668
v -18.819 17.066 61.258
v -18.819 20.0 62.336
v -18.819 17.871 60.152
v -18.819 18.435 59.728
v -18.819 20.262 62.207
v -11.896 21.797 63.36
v -11.896 21.942 63.112
v -11.896 24.241 64.855
v -11.896 23.682 65.481
v -11.641 19.194 63.36
v -11.896 19.194 63.36
v -21.0 20.187 62.904
v -21.0 20.083 62.861
v -21.0 19.957 62.731
v -21.0 20.577 62.817
v -11.641 20.496 61.127
v -11.896 20.496 61.127
v -11.0 20.888 59.159
v -11.0 20.884 59.339
v -11.0 20.496 59.153
v -11.0 20.492 59.333
v -17.794 18.778 66.376
v -17.794 19.622 66.61
v -17.794 19.774 65.907
v -11.0 20.692 66.151
v -11.0 20.3 66.146
v -11.0 20.695 65.972
v -11.896 20.5 58.435
v -17.794 20.5 58.435
v -17.794 21.378 58.514
v -18.819 21.225 59.219
v -18.819 20.5 59.153
v -18.819 20.377 62.21
v -17.794 24.241 64.855
v -17.794 23.591 64.457
v -17.794 23.682 65.481
v -17.794 24.657 64.142
v -11.0 20.304 65.965
v -17.794 23.0 65.994
v -17.794 23.129 64.973
v -18.819 21.922 59.412
v -11.896 16.342 64.142
v -11.896 16.087 63.368
v -11.896 19.39 63.577
v -11.896 17.318 65.481
v -11.896 24.657 64.142
v -18.819 22.565 59.728
v -17.794 22.565 59.728
v -17.794 21.922 59.412
v -11.896 19.627 63.756
v -11.896 23.0 65.994
v -17.794 23.129 60.152
v -17.794 19.077 65.713
v -17.794 18.435 65.397
v -17.794 18.0 65.994
v -18.819 19.774 65.907
v -18.819 19.077 65.713
v -11.641 21.603 63.577
v -11.641 21.797 63.36
v -11.896 21.603 63.577
v -17.794 22.222 66.376
v -17.794 23.0 59.131
v -17.794 22.222 58.749
v -11.896 21.378 58.514
v -11.896 20.888 59.159
v -11.896 20.3 66.146
v -18.819 18.435 65.397
v -11.641 22.031 62.842
v -11.641 21.942 63.112
v -18.819 20.664 62.681
v -18.819 20.547 62.839
v -18.819 23.591 64.457
v -18.819 20.413 62.904
v -18.819 20.244 62.913
v -18.819 20.5 65.972
v -18.819 23.129 64.973
v -11.896 22.031 62.842
v -17.794 23.682 59.644
v -11.896 23.682 59.644
v -11.896 23.0 59.131
v -11.896 19.622 66.61
v -11.896 24.241 60.27
v -17.794 24.657 60.983
v -11.896 24.657 60.983
v -17.794 20.5 59.153
v -17.794 21.225 59.219
v -11.896 24.913 63.368
v -11.896 24.913 61.757
v -11.896 21.942 62.013
v -11.896 21.797 61.765
v -11.896 25.0 62.562
v -11.896 20.496 59.153
v -18.819 19.774 59.219
v -17.794 19.774 59.219
v -11.896 20.492 59.333
v -18.819 17.066 63.867
v -18.819 19.952 62.714
v -18.819 16.854 63.228
v -18.819 20.054 62.839
v -18.819 17.409 64.457
v -11.641 20.496 63.998
v -11.896 16.758 64.855
v -11.896 16.087 61.757
v -11.896 16.342 60.983
v -11.896 19.05 62.013
v -11.641 20.801 63.971
v -11.896 20.801 63.971
v -18.819 19.077 59.412
v -17.794 16.758 60.27
v -17.794 17.409 60.668
v -17.794 17.318 59.644
v -17.794 17.871 60.152
v -17.794 18.435 59.728
v -17.794 19.077 59.412
v -17.794 18.0 59.131
v -17.794 17.066 63.867
v -17.794 17.409 64.457
v -11.641 21.095 63.889
v -11.896 21.095 63.889
v -17.794 16.854 63.228
v -11.641 21.366 63.756
v -11.896 21.366 63.756
v -11.896 21.603 61.548
v -18.819 16.783 62.562
v -17.794 16.783 62.562
v -11.896 20.191 61.154
v -11.896 18.778 58.749
v -11.896 19.622 58.514
v -17.794 18.778 58.749
v -17.794 19.622 58.514
v -18.819 20.499 62.258
v -18.819 23.934 61.258
v -18.819 23.591 60.668
v -18.819 20.666 62.46
v -17.794 16.342 64.142
v -18.819 23.934 63.867
v -18.819 24.146 63.228
v -18.819 22.565 65.397
v -18.819 21.922 65.713
v -17.794 16.087 63.368
v -11.896 16.0 62.562
v -17.794 16.0 62.562
v -11.896 18.0 59.131
v -11.896 19.897 61.236
v -11.641 20.191 61.154
v -11.896 20.5 66.69
v -11.896 19.627 61.369
v -11.641 19.897 61.236
v -17.794 17.318 65.481
v -11.641 19.627 61.369
v -17.794 16.758 64.855
v -11.896 19.39 61.548
v -17.794 17.871 64.973
v -18.819 17.871 64.973
v -11.641 19.39 61.548
v -11.641 21.603 61.548
v -11.641 19.194 61.765
v -11.896 19.194 61.765
v -11.641 19.05 62.013
v -11.641 21.797 61.765
v -11.641 18.961 62.283
v -11.896 18.961 62.283
v -11.896 22.222 66.376
v -17.794 24.913 63.368
v -17.794 16.087 61.757
v -17.794 16.342 60.983
v -11.896 20.695 65.972
v -11.896 20.692 66.151
v -11.896 17.318 59.644
v -17.794 16.854 61.897
v -17.794 17.066 61.258
v -18.819 23.129 60.152
v -18.819 16.854 61.897
v -11.896 21.378 66.61
v -18.819 19.918 62.511
v -17.794 23.591 60.668
v -11.641 21.942 62.013
v -11.896 16.758 60.27
v -17.794 24.241 60.27
v -18.819 24.146 61.897
v -17.794 22.565 65.397
v -18.819 24.217 62.562
v -17.794 21.922 65.713
v -17.794 24.146 63.228
v -17.794 23.934 63.867
v -11.641 19.897 63.889
v -11.641 20.191 63.971
v -17.794 21.225 65.907
v -11.641 19.39 63.577
v -11.641 19.627 63.756
v -17.794 21.378 66.61
v -17.794 20.5 65.972
v -17.794 20.5 66.69
v -18.819 21.225 65.907
v -21.903 37.396 60.779
v -21.939 37.398 60.792
v -21.902 37.396 60.779
v -21.127 2.702 63.084
v -21.143 2.146 63.122
v -20.867 2.671 62.49
v -21.844 37.393 60.755
v -21.901 37.396 60.779
v -21.864 37.393 60.761
v -23.575 21.706 63.165
v -23.575 21.846 62.839
v -23.885 21.69 62.799
v -23.575 20.5 63.84
v -23.24 20.099 63.939
v -23.24 20.5 63.99
v -23.24 21.84 63.24
v -23.24 19.726 63.789
v -23.575 20.14 63.794
v -23.24 21.995 62.878
v -22.888 19.652 63.913
v -23.575 19.804 63.659
v -24.411 20.5 63.358
v -24.166 20.5 63.523
v -24.411 20.732 63.328
v -20.197 2.749 60.958
v -20.356 2.731 61.321
v -20.248 2.186 61.076
v -20.632 2.141 61.954
v -20.867 2.114 62.49
v -22.888 20.061 64.078
v -22.888 20.5 64.133
v -20.448 2.19 60.996
v -20.341 2.752 60.9
v -20.597 2.141 61.967
v -20.283 2.177 61.25
v -20.319 2.178 61.237
v -20.212 2.185 61.088
v -21.856 26.807 60.227
v -22.102 26.807 60.324
v -21.906 30.25 60.113
v -22.152 30.25 60.21
v -19.397 23.168 63.183
v -19.325 23.185 63.187
v -19.397 23.262 62.49
v -21.196 2.114 62.49
v -21.134 2.117 62.442
v -20.913 2.147 61.844
v -20.528 2.192 60.963
v -20.6 2.183 61.127
v -20.494 2.191 60.978
v -19.3 23.191 63.189
v -19.325 23.28 62.49
v -19.3 23.286 62.49
v -20.825 2.114 62.49
v -20.565 2.183 61.141
v -20.878 2.146 61.858
v -21.067 37.465 61.938
v -21.365 37.435 61.351
v -21.33 37.434 61.337
v -21.155 2.114 62.49
v -20.27 2.187 61.065
v -20.825 37.493 62.49
v -20.975 37.48 62.242
v -22.888 19.301 63.652
v -21.903 37.411 60.875
v -21.861 37.411 60.875
v -21.647 37.441 61.46
v -21.611 37.44 61.447
v -22.522 19.201 63.749
v -22.522 19.582 64.032
v -21.384 37.471 62.062
v -20.57 1.733 61.058
v -21.102 37.466 61.952
v -21.532 37.411 60.875
v -22.522 20.025 64.209
v -21.573 37.411 60.875
v -20.888 37.49 62.442
v -20.867 37.493 62.49
v -20.725 19.875 60.231
v -20.415 19.853 60.151
v -20.725 19.294 60.465
v -21.196 1.0 62.49
v -20.88 1.037 61.768
v -20.825 1.0 62.49
v -20.564 1.03 61.892
v -21.348 37.47 62.048
v -21.155 37.493 62.49
v -21.196 37.493 62.49
v -24.166 20.776 63.488
v -23.885 20.5 63.684
v -20.376 1.052 61.462
v -20.691 1.059 61.335
v -20.254 1.733 61.183
v -25.0 20.5 62.49
v -24.975 20.453 62.661
v -24.975 20.5 62.667
v -21.127 38.298 61.895
v -20.992 38.871 62.203
v -20.986 38.315 62.219
v -24.975 20.409 62.643
v -24.975 20.371 62.615
v -19.517 23.232 62.49
v -21.528 38.809 60.978
v -21.533 38.756 60.967
v -21.573 38.81 60.996
v -21.58 38.246 60.861
v -21.681 38.248 60.9
v -24.975 20.342 62.578
v -24.975 20.324 62.535
v -24.975 20.318 62.49
v -21.825 38.251 60.958
v -21.773 38.814 61.075
v -23.24 21.594 63.551
v -24.903 20.318 62.795
v -21.823 38.251 60.957
v -23.575 21.485 63.444
v -24.903 20.243 62.739
v -20.725 22.912 62.49
v -20.415 22.998 62.49
v -20.725 22.831 61.885
v -21.545 38.245 60.845
v -21.58 38.246 60.86
v -21.385 38.264 61.211
v -21.42 38.264 61.225
v -21.092 38.298 61.881
v -24.903 20.185 62.666
v -21.155 38.329 62.49
v -21.373 38.303 61.991
v -21.196 38.329 62.49
v -21.409 38.304 62.005
v -20.825 38.329 62.49
v -22.888 21.699 63.652
v -21.06 19.901 60.321
v -21.06 19.342 60.545
v -21.412 19.395 60.635
v -20.888 38.326 62.442
v -20.867 38.329 62.49
v -24.903 20.149 62.581
v -22.522 20.5 64.27
v -22.888 21.348 63.913
v -21.412 19.928 60.421
v -24.783 19.975 62.626
v -21.412 20.5 60.348
v -21.06 20.5 60.245
v -24.903 20.136 62.49
v -21.702 38.27 61.334
v -21.861 38.252 60.97
v -21.666 38.269 61.321
v -20.415 22.914 61.863
v -20.134 23.073 62.49
v -24.783 20.029 62.753
v -24.783 20.116 62.862
v -21.824 38.251 60.958
v -22.15 19.99 64.334
v -20.134 22.986 61.844
v -20.725 20.5 60.152
v -22.15 19.515 64.143
v -21.676 38.248 60.897
v -23.575 20.86 63.794
v -23.885 20.819 63.643
v -23.24 21.274 63.789
v -21.625 37.379 60.664
v -23.575 21.196 63.659
v -23.24 20.901 63.939
v -22.522 18.909 63.38
v -22.15 18.794 63.444
v -19.889 23.138 62.49
v -21.34 18.567 63.571
v -21.06 18.494 63.612
v -21.351 18.591 63.596
v -19.889 23.048 61.828
v -24.783 19.957 62.49
v -21.119 18.28 63.066
v -21.06 18.263 63.071
v -21.12 18.28 63.067
v -21.216 18.406 63.289
v -21.06 18.243 62.93
v -21.111 18.275 63.049
v -19.682 23.099 61.815
v -19.682 23.191 62.49
v -21.041 18.232 62.888
v -21.778 21.547 60.732
v -21.55 21.929 60.928
v -21.412 22.063 60.975
v -21.519 22.039 60.998
v -21.519 22.038 60.998
v -19.3 21.059 61.948
v -19.3 19.941 61.948
v -19.3 20.5 59.79
v -24.618 19.779 62.49
v -24.903 20.406 62.83
v -24.903 20.5 62.842
v -21.412 21.605 60.635
v -22.888 20.939 64.078
v -21.418 22.261 61.229
v -19.3 19.779 59.882
v -24.783 20.36 62.999
v -24.783 20.5 63.016
v -19.397 22.892 63.828
v -19.517 23.139 63.175
v -21.06 22.506 61.367
v -21.06 22.138 60.902
v -24.783 20.228 62.946
v -20.725 22.589 61.321
v -20.725 22.206 60.837
v -21.457 2.183 63.839
v -21.42 2.736 63.755
v -21.528 2.191 64.002
v -21.773 2.186 63.904
v -21.694 2.734 63.724
v -21.733 2.181 63.812
v -24.618 19.99 62.984
v -21.155 2.671 62.49
v -20.415 22.664 61.279
v -24.411 19.867 63.103
v -24.618 20.14 63.095
v -20.415 22.267 60.778
v -19.3 18.088 61.14
v -19.3 17.809 61.791
v -24.618 19.875 62.839
v -24.618 19.804 62.671
v -20.415 19.251 60.393
v -21.34 22.433 61.408
v -21.216 22.594 61.691
v -21.06 22.737 61.909
v -24.411 19.724 62.924
v -22.722 19.941 61.948
v -22.722 21.059 63.031
v -22.722 19.941 63.031
v -24.411 19.635 62.715
v -19.517 20.5 59.842
v -19.517 19.793 59.932
v -19.682 19.804 59.971
v -24.411 19.605 62.49
v -19.397 20.5 59.813
v -19.397 19.785 59.904
v -22.522 21.418 64.032
v -22.522 21.799 63.749
v -24.166 19.47 62.757
v -22.522 20.975 64.209
v -19.682 20.5 59.882
v -24.166 19.577 63.006
v -24.166 19.434 62.49
v -22.15 21.01 64.334
v -22.15 21.485 64.143
v -20.134 22.729 61.243
v -20.134 22.32 60.726
v -24.618 20.313 63.165
v -24.618 20.5 63.189
v -19.325 20.5 59.795
v -19.325 19.781 59.887
v -22.15 21.893 63.84
v -22.15 20.5 60.581
v -21.778 20.5 60.46
v -22.15 19.99 60.646
v -22.15 20.5 64.399
v -24.411 20.268 63.328
v -21.634 2.17 63.586
v -21.703 2.178 63.743
v -21.666 2.731 63.659
v -21.389 2.141 63.026
v -21.602 2.723 63.513
v -24.411 20.052 63.242
v -21.58 2.754 64.119
v -19.889 22.784 61.211
v -19.889 22.365 60.682
v -21.108 2.147 63.136
v -19.682 22.831 61.186
v -21.392 19.941 61.948
v -21.422 2.183 63.853
v -21.494 2.192 64.017
v -24.166 20.224 63.488
v -22.15 19.107 61.14
v -22.15 19.515 60.837
v -21.778 19.453 60.732
v -21.81 2.185 63.892
v -21.739 2.177 63.73
v -24.166 19.967 63.385
v -21.425 2.141 63.013
v -21.778 19.019 61.055
v -21.778 19.958 60.529
v -24.166 19.746 63.221
v -23.885 19.433 63.087
v -20.888 30.25 62.442
v -21.712 23.7 60.558
v -19.682 19.154 60.231
v -19.517 19.134 60.197
v -21.017 22.782 62.147
v -20.888 22.859 62.442
v -21.412 22.274 61.243
v -21.402 22.297 61.266
v -21.351 22.41 61.384
v -23.885 19.884 63.524
v -23.885 19.629 63.334
v -19.682 18.597 60.646
v -21.119 22.72 61.913
v -19.3 21.059 63.031
v -20.63 21.059 61.948
v -21.111 22.725 61.931
v -21.045 22.765 62.082
v -21.06 22.756 62.049
v -19.517 18.568 60.617
v -19.397 19.119 60.172
v -19.325 19.11 60.157
v -21.104 19.941 61.948
v -21.011 19.941 62.16
v -21.155 19.941 62.489
v -20.63 21.059 63.031
v -20.63 19.941 63.031
v -20.918 21.059 63.031
v -23.885 20.819 61.337
v -23.575 20.86 61.186
v -23.885 20.5 61.296
v -20.867 21.059 62.49
v -21.011 21.059 62.819
v -23.575 20.5 61.14
v -20.867 22.872 62.49
v -21.773 2.186 63.905
v -21.142 1.037 63.212
v -20.912 18.217 61.935
v -21.043 18.214 62.235
v -21.06 18.263 61.909
v -21.458 1.03 63.088
v -21.646 1.052 63.518
v -21.331 1.059 63.645
v -21.452 1.733 63.922
v -19.3 19.107 60.152
v -19.325 18.534 60.585
v -21.768 1.733 63.797
v -20.918 19.941 61.948
v -23.885 21.69 62.181
v -23.885 21.567 61.893
v -24.166 21.423 61.973
v -21.457 38.817 61.141
v -21.011 19.941 62.161
v -19.517 22.866 63.814
v -19.682 23.099 63.165
v -19.682 22.831 63.794
v -21.155 19.941 62.49
v -20.867 19.941 62.49
v -19.325 22.907 63.837
v -20.725 18.411 61.321
v -20.415 18.733 60.778
v -20.437 18.685 60.848
v -19.3 22.912 63.84
v -20.894 18.218 61.893
v -20.725 18.331 61.507
v -21.108 38.853 61.844
v -21.422 38.817 61.127
v -20.825 38.886 62.49
v -19.3 22.47 64.399
v -21.81 38.815 61.088
v -21.773 38.814 61.076
v -21.739 38.823 61.25
v -21.425 38.859 61.967
v -21.703 38.822 61.237
v -21.143 38.854 61.858
v -21.017 18.218 62.833
v -21.494 38.808 60.963
v -21.552 38.809 60.986
v -20.888 38.883 62.442
v -20.867 38.886 62.49
v -21.778 19.453 64.248
v -21.55 19.071 64.051
v -21.412 18.937 64.005
v -21.519 18.961 63.981
v -21.52 18.962 63.982
v -21.389 38.859 61.954
v -21.196 38.886 62.49
v -21.155 38.886 62.49
v -21.778 21.989 61.065
v -22.15 21.893 61.14
v -21.778 22.314 61.475
v -19.397 22.453 64.383
v -21.418 18.739 63.751
v -21.412 18.726 63.737
v -21.331 39.941 61.335
v -21.646 39.948 61.462
v -21.142 39.963 61.768
v -21.196 40.0 62.49
v -21.458 39.97 61.892
v -21.778 22.523 61.965
v -22.15 22.206 61.535
v -20.825 40.0 62.49
v -21.452 39.267 61.058
v -19.517 22.432 64.362
v -19.682 22.403 64.334
v -21.06 18.862 64.077
v -19.325 22.466 64.395
v -21.768 39.267 61.183
v -22.15 22.47 62.49
v -21.778 22.594 62.49
v -22.15 22.403 61.996
v -20.725 18.411 63.659
v -20.725 18.794 64.143
v -20.725 18.169 63.095
v -20.415 18.336 63.701
v -21.06 21.099 64.658
v -21.06 21.658 64.434
v -21.412 21.605 64.345
v -21.412 22.635 61.935
v -21.412 22.71 62.49
v -20.415 18.086 63.116
v -20.415 18.733 64.202
v -20.725 19.294 64.515
v -21.638 22.297 61.384
v -21.666 22.237 61.322
v -19.3 21.893 64.828
v -21.412 21.072 64.559
v -19.397 21.881 64.808
v -21.412 20.5 64.632
v -21.06 20.5 64.735
v -20.725 21.125 64.748
v -20.725 21.706 64.515
v -19.889 21.819 64.704
v -19.682 21.196 65.009
v -19.682 21.846 64.748
v -19.397 18.108 61.151
v -19.397 18.547 60.597
v -20.134 18.271 63.737
v -19.3 18.53 60.581
v -20.134 18.68 64.254
v -19.517 21.866 64.783
v -20.134 18.014 63.135
v -19.517 18.134 61.166
v -19.517 21.207 65.047
v -21.155 18.212 62.49
v -21.412 18.29 62.49
v -21.134 18.213 62.442
v -21.06 18.213 62.272
v -23.885 20.181 61.337
v -19.889 18.216 63.768
v -19.889 18.635 64.298
v -20.896 18.217 61.897
v -20.63 19.941 61.948
v -23.885 19.884 61.456
v -24.166 19.967 61.595
v -23.575 20.14 61.186
v -19.397 21.215 65.076
v -20.867 18.128 62.49
v -20.725 18.088 62.49
v -21.398 22.639 61.934
v -23.575 19.515 61.535
v -23.885 19.433 61.893
v -23.885 19.629 61.645
v -20.415 18.002 62.49
v -19.325 21.89 64.823
v -21.796 21.931 61.024
v -22.15 21.485 60.837
v -21.796 21.931 61.025
v -21.782 21.98 61.056
v -21.784 21.973 61.051
v -20.638 18.39 61.309
v -20.625 18.409 61.279
v -21.635 22.305 61.393
v -21.61 22.36 61.449
v -21.412 22.62 61.901
v -20.134 17.927 62.49
v -19.889 17.862 62.49
v -19.889 17.952 63.152
v -21.957 23.7 60.655
v -23.24 22.048 62.49
v -23.575 21.893 62.49
v -20.248 38.814 63.904
v -20.319 38.822 63.743
v -20.283 38.823 63.73
v -20.212 38.815 63.892
v -20.597 38.859 63.013
v -20.632 38.859 63.026
v -21.134 30.25 62.538
v -20.565 38.817 63.839
v -20.494 38.809 64.002
v -20.6 38.817 63.853
v -20.528 38.808 64.017
v -20.913 38.853 63.136
v -20.878 38.854 63.122
v -22.888 22.138 62.915
v -22.888 22.196 62.49
v -19.682 18.169 61.186
v -22.888 21.969 63.312
v -20.57 39.267 63.922
v -20.88 39.963 63.212
v -20.564 39.97 63.088
v -21.134 10.75 62.442
v -20.376 39.948 63.518
v -20.691 39.941 63.645
v -20.639 18.39 61.31
v -20.254 39.267 63.797
v -20.197 38.251 64.022
v -20.356 38.269 63.659
v -20.671 18.368 61.384
v -22.522 22.091 63.38
v -19.325 18.093 61.143
v -19.397 17.832 61.797
v -20.602 38.264 63.755
v -22.522 22.274 62.951
v -22.522 22.337 62.49
v -24.166 20.5 61.456
v -24.166 21.53 62.222
v -19.682 18.597 64.334
v -19.889 19.181 64.704
v -23.885 21.732 62.49
v -20.134 18.68 60.726
v -20.405 18.668 60.856
v -20.918 19.941 63.031
v -21.011 19.941 62.819
v -24.411 20.732 61.651
v -24.411 20.5 61.622
v -24.618 20.5 61.791
v -24.618 20.687 61.815
v -24.411 20.948 61.738
v -20.31 17.3 60.558
v -20.161 37.411 64.104
v -20.064 36.8 64.325
v -20.411 37.44 63.533
v -20.119 37.396 64.201
v -19.682 17.901 61.815
v -19.682 17.809 62.49
v -19.889 17.952 61.828
v -20.31 36.8 64.422
v -20.363 37.381 64.3
v -20.449 37.411 64.104
v -20.657 37.435 63.629
v -19.517 17.861 61.804
v -19.517 17.768 62.49
v -21.412 19.928 64.559
v -21.06 19.901 64.658
v -23.885 21.567 63.087
v -21.06 19.342 64.434
v -23.885 21.371 63.334
v -19.325 17.815 61.792
v -19.397 17.738 62.49
v -23.885 21.116 63.524
v -19.325 17.72 62.49
v -19.3 17.714 62.49
v -21.412 19.395 64.345
v -20.166 33.693 64.753
v -19.92 33.693 64.656
v -21.164 22.782 62.47
v -21.155 22.788 62.49
v -20.436 18.685 60.848
v -21.364 22.66 62.011
v -21.359 22.663 62.023
v -20.725 19.875 64.748
v -20.415 19.251 64.587
v -20.415 20.5 60.068
v -20.134 19.834 60.081
v -20.134 19.213 60.329
v -20.415 19.853 64.829
v -19.889 19.817 60.02
v -20.134 20.5 59.995
v -20.919 37.466 63.028
v -24.618 20.86 61.885
v -24.411 21.133 61.876
v -20.725 20.5 64.828
v -19.889 20.5 59.933
v -24.166 20.776 61.492
v -20.415 18.673 60.853
v -24.166 21.033 61.595
v -20.415 20.5 64.911
v -20.116 30.25 64.867
v -19.87 30.25 64.77
v -24.166 21.254 61.759
v -21.104 19.941 63.031
v -23.24 20.099 61.041
v -23.575 19.804 61.321
v -23.24 20.5 60.99
v -23.885 21.116 61.456
v -23.24 19.726 61.191
v -23.885 21.371 61.645
v -22.888 20.5 60.846
v -19.92 26.807 64.656
v -22.888 20.061 60.902
v -20.134 19.213 64.65
v -20.31 23.7 64.422
v -20.166 26.807 64.753
v -22.888 19.652 61.067
v -20.224 18.57 60.903
v -20.299 18.611 60.884
v -24.411 21.365 62.265
v -24.411 21.276 62.056
v -24.618 21.125 62.141
v -24.618 21.196 62.309
v -20.134 19.834 64.899
v -24.618 21.221 62.49
v -24.411 21.395 62.49
v -24.166 21.566 62.49
v -20.888 10.75 62.538
v -23.575 19.294 61.815
v -20.178 18.545 60.915
v -20.064 17.3 60.655
v -24.783 20.5 61.963
v -24.903 20.5 62.137
v -24.783 20.64 61.981
v -20.415 22.914 63.116
v -20.134 22.986 63.135
v -23.24 19.406 61.429
v -21.391 19.941 63.031
v -22.888 19.301 61.327
v -19.889 23.048 63.152
v -21.712 17.3 64.422
v -23.575 19.154 62.141
v -23.575 19.107 62.49
v -23.885 19.268 62.49
v -23.24 19.005 62.102
v -23.24 18.952 62.49
v -23.885 19.31 62.181
v -19.889 22.784 63.768
v -21.778 19.958 64.451
v -24.903 20.594 62.149
v -24.783 20.772 62.034
v -23.24 19.16 61.74
v -21.635 19.07 64.018
v -24.903 20.682 62.184
v -24.783 20.884 62.117
v -24.166 21.033 63.385
v -22.888 18.862 62.064
v -20.467 22.775 63.404
v -20.451 22.764 63.44
v -20.388 22.721 63.585
v -20.134 22.729 63.737
v -20.415 22.74 63.524
v -22.888 18.804 62.49
v -22.522 18.726 62.951
v -22.15 18.597 62.984
v -20.415 21.147 64.829
v -22.888 19.031 61.668
v -20.166 14.193 60.227
v -20.415 21.749 64.587
v -22.15 18.53 62.49
v -21.778 18.406 62.49
v -20.134 20.5 64.984
v -22.522 18.663 62.49
v -22.522 18.726 62.029
v -21.778 18.477 63.015
v -21.778 18.686 63.505
v -19.889 22.365 64.298
v -21.011 21.059 62.82
v -22.522 19.582 60.948
v -22.522 20.025 60.77
v -22.522 20.5 60.71
v -21.638 18.703 63.596
v -21.666 18.763 63.658
v -21.104 21.059 63.031
v -21.726 21.93 60.997
v -21.635 21.93 60.961
v -20.116 10.75 60.113
v -19.92 14.193 60.324
v -19.87 10.75 60.21
v -23.575 19.515 63.444
v -22.15 19.107 63.84
v -20.72 22.868 62.827
v -20.725 22.868 62.815
v -20.669 22.867 62.943
v -21.784 19.027 63.929
v -21.796 19.07 63.956
v -20.477 22.782 63.381
v -23.885 20.181 63.643
v -20.383 22.718 63.596
v -21.778 21.931 61.017
v -21.776 21.931 61.017
v -22.522 19.201 61.231
v -20.333 22.683 63.711
v -20.178 22.454 64.065
v -20.134 22.32 64.254
v -23.885 19.31 62.799
v -21.782 19.02 63.924
v -22.522 18.909 61.6
v -23.575 19.154 62.839
v -21.778 19.011 63.915
v -21.61 18.64 63.53
v -21.635 18.695 63.587
v -21.412 18.365 63.044
v -21.412 18.38 63.079
v -20.36 22.702 63.649
v -22.15 18.597 61.996
v -24.618 21.01 61.996
v -22.15 18.794 61.535
v -20.064 23.7 64.325
v -20.31 4.2 60.558
v -20.657 3.565 61.351
v -20.919 3.534 61.952
v -21.778 19.069 63.963
v -21.134 3.51 62.442
v -21.155 3.507 62.49
v -24.975 20.547 62.319
v -24.975 20.5 62.313
v -21.957 4.2 64.325
v -22.102 7.307 64.656
v -19.3 21.893 60.152
v -19.3 21.221 59.882
v -20.166 7.307 60.227
v -20.599 22.864 63.104
v -19.92 7.307 60.324
v -19.889 19.181 60.275
v -21.164 18.218 62.51
v -24.975 20.591 62.337
v -24.975 20.629 62.365
v -21.957 17.3 64.325
v -24.975 20.658 62.401
v -24.975 20.676 62.444
v -20.134 18.271 61.243
v -19.889 18.635 60.682
v -24.975 20.682 62.49
v -19.889 18.216 61.211
v -20.119 3.604 60.779
v -20.064 4.2 60.655
v -20.161 3.589 60.875
v -20.411 3.56 61.447
v -24.903 20.757 62.241
v -20.363 3.619 60.68
v -20.449 3.589 60.875
v -24.903 20.815 62.313
v -19.889 21.183 64.959
v -20.134 21.787 64.65
v -24.903 20.851 62.399
v -20.134 21.166 64.899
v -21.398 18.361 63.045
v -24.783 21.025 62.353
v -21.363 18.34 62.967
v -21.359 18.337 62.957
v -24.903 20.864 62.49
v -21.391 21.059 63.031
v -20.388 18.279 61.395
v -20.415 18.26 61.456
v -24.783 20.971 62.226
v -21.348 3.53 62.932
v -20.725 18.131 62.165
v -20.723 18.132 62.16
v -20.178 3.607 60.755
v -20.669 18.133 62.037
v -20.415 18.086 61.863
v -20.598 18.136 61.876
v -21.155 21.059 62.49
v -24.783 21.043 62.49
v -20.119 3.589 60.875
v -20.375 3.559 61.46
v -20.638 3.529 62.062
v -21.196 3.507 62.49
v -20.954 3.535 61.938
v -20.825 3.507 62.49
v -20.674 3.53 62.048
v -20.867 3.507 62.49
v -20.692 3.566 61.337
v -20.49 3.589 60.875
v -20.134 21.166 60.081
v -20.415 21.147 60.151
v -19.889 21.183 60.02
v -20.082 3.602 60.792
v -20.397 3.621 60.664
v -20.323 3.617 60.694
v -21.778 21.042 64.451
v -21.778 20.5 64.52
v -23.575 21.196 61.321
v -20.161 2.748 60.97
v -20.32 2.73 61.334
v -23.24 21.274 61.191
v -23.24 20.901 61.041
v -20.613 2.696 62.005
v -22.722 21.059 61.948
v -21.392 21.059 61.948
v -20.93 2.702 61.881
v -20.291 2.751 60.919
v -19.3 23.191 61.791
v -19.3 22.912 61.14
v -20.649 2.697 61.991
v -20.477 18.218 61.599
v -21.778 21.547 64.248
v -19.3 22.47 60.581
v -20.134 18.014 61.844
v -21.134 2.674 62.442
v -20.895 2.702 61.895
v -20.825 2.671 62.49
v -19.682 21.846 60.231
v -19.517 21.866 60.197
v -19.682 21.196 59.971
v -21.196 2.671 62.49
v -20.637 2.736 61.211
v -20.375 37.441 63.52
v -20.119 37.411 64.104
v -20.638 37.471 62.918
v -20.674 37.47 62.932
v -20.602 2.736 61.225
v -20.442 2.754 60.86
v -19.397 22.453 60.597
v -19.397 21.881 60.172
v -24.618 20.313 61.815
v -24.411 20.268 61.651
v -24.618 20.14 61.885
v -24.411 20.052 61.738
v -20.442 2.754 60.861
v -20.49 37.411 64.104
v -20.692 37.434 63.643
v -20.954 37.465 63.042
v -20.613 38.304 62.975
v -20.882 2.703 61.866
v -19.325 21.219 59.887
v -19.325 21.89 60.157
v -24.166 19.746 61.759
v -24.411 19.867 61.876
v -24.166 20.224 61.492
v -20.18 22.454 64.065
v -20.476 2.755 60.845
v -19.517 21.207 59.932
v -20.333 18.317 61.268
v -20.397 37.379 64.316
v -20.082 37.398 64.188
v -24.166 19.577 61.973
v -20.467 18.225 61.576
v -20.383 18.282 61.384
v -19.397 21.215 59.904
v -20.224 22.43 64.077
v -20.161 38.252 64.01
v -20.476 38.245 64.135
v -20.93 38.298 63.099
v -20.637 38.264 63.769
v -24.903 20.406 62.149
v -24.975 20.453 62.319
v -20.649 38.303 62.989
v -22.15 22.403 62.984
v -22.152 10.75 64.77
v -21.906 10.75 64.867
v -22.102 14.193 64.656
v -21.856 14.193 64.753
v -22.15 22.206 63.444
v -24.783 20.228 62.034
v -24.783 20.116 62.117
v -20.594 38.297 63.114
v -24.783 20.36 61.981
v -24.903 20.318 62.184
v -20.895 38.298 63.084
v -20.32 38.27 63.646
v -21.778 22.523 63.015
v -21.778 22.314 63.505
v -21.856 7.307 64.753
v -21.712 4.2 64.422
v -24.618 19.99 61.996
v -24.783 20.029 62.226
v -20.442 38.246 64.119
v -20.179 18.545 60.915
v -21.412 22.414 63.561
v -20.882 38.297 63.114
v -19.325 21.219 65.092
v -21.778 21.981 63.925
v -21.365 3.565 63.629
v -22.888 21.348 61.067
v -22.888 20.939 60.902
v -21.102 3.534 63.028
v -21.412 22.063 64.005
v -22.888 21.699 61.327
v -21.412 22.635 63.044
v -22.522 20.975 60.77
v -22.522 21.799 61.231
v -19.517 23.139 61.804
v -19.517 22.866 61.166
v -21.06 22.737 63.071
v -19.889 19.817 64.959
v -19.889 20.5 65.046
v -23.575 21.846 62.141
v -19.397 22.892 61.151
v -19.325 22.907 61.143
v -19.682 19.804 65.009
v -21.06 22.138 64.077
v -21.06 22.506 63.612
v -24.975 20.324 62.444
v -24.975 20.342 62.401
v -19.682 20.5 65.098
v -20.895 22.783 63.083
v -20.912 22.783 63.045
v -19.325 23.185 61.792
v -23.24 21.84 61.74
v -23.575 21.485 61.535
v -23.575 21.706 61.815
v -19.517 19.793 65.047
v -19.517 20.5 65.138
v -19.517 22.432 60.617
v -23.24 21.995 62.102
v -19.397 19.785 65.076
v -20.18 18.546 60.914
v -20.725 22.589 63.659
v -19.397 20.5 65.167
v -21.611 3.56 63.533
v -21.636 3.563 63.591
v -24.975 20.371 62.365
v -24.975 20.409 62.337
v -19.397 23.168 61.797
v -21.659 3.619 64.3
v -21.627 3.608 64.227
v -21.573 3.589 64.104
v -19.517 19.134 64.783
v -19.325 19.11 64.823
v -19.325 19.781 65.092
v -24.903 20.243 62.241
v -19.325 20.5 65.184
v -19.3 19.779 65.098
v -21.554 3.553 63.402
v -19.3 20.5 65.19
v -21.903 3.604 64.201
v -21.861 3.589 64.104
v -21.901 3.604 64.201
v -24.903 20.149 62.399
v -24.783 19.975 62.353
v -19.3 21.221 65.098
v -24.903 20.185 62.313
v -19.3 19.941 63.031
v -19.3 18.088 63.84
v -19.3 17.809 63.189
v -21.532 3.589 64.104
v -21.625 3.621 64.316
v -24.618 19.804 62.309
v -24.411 19.635 62.265
v -24.618 19.875 62.141
v -21.939 3.602 64.188
v -21.903 3.589 64.104
v -19.3 18.53 64.399
v -24.411 19.724 62.056
v -19.3 19.107 64.828
v -19.682 19.154 64.748
v -19.517 18.568 64.362
v -21.647 3.559 63.52
v -21.067 3.535 63.042
v -21.33 3.566 63.643
v -19.325 18.093 63.837
v -19.325 18.534 64.395
v -19.397 18.547 64.383
v -21.384 3.529 62.918
v -24.166 19.47 62.222
v -21.823 2.749 64.023
v -21.373 2.697 62.989
v -19.397 18.108 63.828
v -21.825 2.749 64.022
v -21.824 2.749 64.022
v -19.682 17.901 63.165
v -21.545 2.755 64.135
v -21.385 2.736 63.769
v -21.092 2.702 63.099
v -19.517 17.861 63.175
v -21.409 2.696 62.975
v -19.325 17.815 63.187
v -21.702 2.73 63.646
v -24.411 21.365 62.715
v -21.861 2.748 64.01
v -23.24 21.594 61.429
v -24.618 21.196 62.671
v -24.618 21.125 62.839
v -24.411 21.276 62.924
v -19.397 17.832 63.183
v -24.411 21.133 63.103
v -19.682 18.169 63.794
v -24.166 21.53 62.757
v -24.166 21.423 63.006
v -19.517 18.134 63.814
v -22.888 21.969 61.668
v -20.725 22.206 64.143
v -22.522 21.418 60.948
v -24.903 20.851 62.581
v -24.783 21.025 62.626
v -24.903 20.815 62.666
v -24.783 20.971 62.753
v -20.415 22.267 64.202
v -21.06 22.787 62.707
v -20.894 22.782 63.086
v -24.975 20.676 62.535
v -24.975 20.658 62.578
v -24.975 20.629 62.615
v -24.975 20.591 62.643
v -24.975 20.547 62.661
v -19.682 22.403 60.646
v -19.889 21.819 60.275
v -24.903 20.757 62.739
v -20.725 22.669 63.472
v -20.638 22.61 63.671
v -20.625 22.591 63.701
v -24.903 20.682 62.795
v -24.903 20.594 62.83
v -20.725 21.125 60.231
v -24.783 20.884 62.862
v -24.783 20.772 62.946
v -24.783 20.64 62.999
v -20.437 22.315 64.132
v -21.06 21.658 60.545
v -20.725 21.706 60.465
v -21.778 18.477 61.965
v -24.618 21.01 62.984
v -21.778 18.686 61.475
v -20.415 21.749 60.393
v -21.778 21.042 60.529
v -21.412 21.072 60.421
v -24.618 20.687 63.165
v -21.06 21.099 60.321
v -21.412 18.586 61.419
v -21.412 18.937 60.975
v -24.411 20.948 63.242
v -24.618 20.86 63.095
v -21.06 18.862 60.902
v -20.725 18.794 60.837
v -21.06 18.494 61.367
v -24.166 21.254 63.221
v -21.412 18.365 61.935
v -20.436 22.315 64.132
v -19.325 22.466 60.585
v -19.397 19.119 64.808
v -20.415 22.327 64.126
v -20.412 22.328 64.126
v -23.24 19.406 63.551
v -22.888 22.138 62.064
v -23.575 19.294 63.165
v -23.24 19.005 62.878
v -23.24 19.16 63.24
v -22.522 22.091 61.6
v -22.522 22.274 62.029
v -22.888 19.031 63.312
v -22.888 18.862 62.915
v -21.659 37.381 60.68
v -21.712 36.8 60.558
v -21.957 36.8 60.655
v -21.874 37.406 60.845
v -22.102 33.693 60.324
v -21.856 33.693 60.227
v -20.918 21.059 61.948
v -21.009 21.059 62.157
v -21.104 21.059 61.948
v -21.011 21.059 62.161
v -22.15 21.01 60.646
v -20.134 21.787 60.329
v 0.122 20.423 43.9
v 0.0 20.5 43.9
v 2.5 20.5 43.9
v 0.477 20.353 43.9
v 1.031 20.298 43.9
v 1.727 20.262 43.9
v 2.5 20.25 43.9
v 3.273 20.262 43.9
v 3.969 20.298 43.9
v 4.523 20.353 43.9
v 4.878 20.423 43.9
v 5.0 20.5 43.9
v 4.878 20.577 43.9
v 4.523 20.647 43.9
v 3.969 20.702 43.9
v 3.273 20.738 43.9
v 2.5 20.75 43.9
v 1.727 20.738 43.9
v 1.031 20.702 43.9
v 0.477 20.647 43.9
v 0.122 20.577 43.9
v 0.0 20.5 64.9
v 0.122 20.423 64.9
v 2.5 20.5 64.9
v 0.477 20.353 64.9
v 1.031 20.298 64.9
v 1.727 20.262 64.9
v 2.5 20.25 64.9
v 3.273 20.262 64.9
v 3.969 20.298 64.9
v 4.523 20.353 64.9
v 4.878 20.423 64.9
v 5.0 20.5 64.9
v 4.878 20.577 64.9
v 4.523 20.647 64.9
v 3.969 20.702 64.9
v 3.273 20.738 64.9
v 2.5 20.75 64.9
v 1.727 20.738 64.9
v 1.031 20.702 64.9
v 0.477 20.647 64.9
v 0.122 20.577 64.9
v 3.09 20.206 43.898
v 1.813 20.142 43.898
v 0.937 20.098 12.303
v 3.09 20.206 11.3
v 4.511 20.345 11.3
v 5.0 20.5 43.898
v 5.0 20.5 11.3
v 0.871 20.411 43.898
v 0.878 20.905 43.898
v 0.444 20.69 43.898
v 1.535 20.189 43.898
v 0.335 20.919 43.898
v 3.09 20.794 43.898
v 4.511 20.345 43.898
v 4.511 20.655 43.898
v 4.511 20.655 11.3
v -10.977 20.1 11.3
v -10.958 20.901 11.3
v -10.958 20.901 12.303
v -10.977 20.1 12.303
v 5.0 20.5 67.204
v 4.511 20.345 67.204
v 5.0 20.5 64.903
v 4.511 20.345 64.903
v -10.878 20.905 12.303
v -10.878 20.095 12.303
v -8.09 20.976 12.303
v -8.09 20.024 12.303
v -5.0 21.0 67.3
v -5.0 20.0 67.3
v -1.91 20.024 67.3
v 0.878 20.095 67.3
v -1.91 20.976 67.3
v 3.09 20.206 67.3
v 3.09 20.794 67.3
v 5.0 20.5 67.3
v 4.511 20.655 67.3
v 4.511 20.345 67.3
v 0.878 20.905 67.3
v 3.09 20.794 11.3
v 0.955 20.901 11.3
v 0.955 20.901 12.303
v 5.0 20.5 67.298
v 4.511 20.655 67.298
v -14.511 20.655 67.3
v -15.0 20.5 67.3
v -14.511 20.345 67.3
v -13.09 20.206 67.3
v -8.09 20.976 67.3
v -10.878 20.905 67.3
v -10.878 20.095 67.3
v -8.09 20.024 67.3
v -13.09 20.794 67.3
v 0.878 20.905 12.303
v 4.511 20.655 64.903
v 4.511 20.655 67.204
v 8.958 23.576 67.299
v 8.958 27.2 67.298
v 3.09 20.794 67.298
v 9.0 23.623 67.205
v 9.0 27.165 67.204
v 0.937 20.098 11.3
v 6.148 20.433 67.205
v 3.09 20.794 67.204
v 0.878 20.095 12.303
v -1.91 20.976 12.303
v -1.91 20.024 12.303
v -5.0 21.0 12.303
v -5.0 20.0 12.303
v 2.397 20.829 67.204
v 2.392 20.829 67.21
v -14.511 20.345 11.3
v -13.09 20.206 11.3
v 0.871 20.411 64.903
v 0.444 20.69 64.903
v 3.09 20.794 64.903
v 0.335 20.919 64.903
v 2.321 20.833 67.298
v -13.09 20.794 11.3
v -14.511 20.655 11.3
v -15.0 20.5 11.3
v 0.878 20.905 64.903
v 1.535 20.189 64.903
v 1.813 20.142 64.903
v 6.148 20.433 67.299
v 8.958 17.29 67.299
v 4.511 20.345 67.298
v 3.09 20.206 67.298
v 8.958 13.735 67.3
v 3.09 20.206 64.903
v 9.0 17.243 67.205
v 9.0 13.7 67.206
v 2.256 20.164 67.298
v 2.262 20.164 67.204
v 3.09 20.206 67.204
v 2.256 20.164 67.294
v -3.127 19.111 -2.0
v -3.127 22.689 -2.0
v -10.467 22.689 -2.0
v -10.467 19.111 -2.0
v -0.034 21.495 -12.39
v -0.663 21.119 -12.39
v -0.749 21.17 -12.39
v -0.851 21.176 -12.39
v -5.055 22.689 -9.44
v -4.46 22.601 -9.44
v -5.055 22.689 -10.751
v -3.127 22.689 -9.44
v -3.924 22.347 -9.44
v -0.294 21.141 -12.39
v -0.165 21.181 -12.39
v -5.544 23.06 -11.735
v -5.521 23.195 -11.735
v -5.521 23.195 -12.39
v -5.544 23.06 -12.39
v -3.498 21.951 -9.44
v -5.452 23.322 -11.735
v -12.0 20.698 -8.031
v -12.0 19.111 -8.031
v -12.0 20.698 -7.211
v -12.0 19.111 -7.211
v -5.65 22.601 -10.751
v -5.828 21.964 -10.751
v -6.186 22.347 -10.751
v -0.358 21.067 -12.39
v -0.385 20.975 -12.39
v -0.608 21.039 -12.39
v -0.602 20.943 -12.39
v -5.65 22.601 -9.44
v -3.225 21.453 -9.44
v -12.0 21.093 -8.031
v -12.0 21.093 -7.211
v -12.0 22.689 -8.031
v -12.0 22.689 -7.211
v -4.787 21.142 -12.141
v -4.741 21.17 -12.113
v -4.722 21.141 -12.113
v -10.818 20.975 -12.39
v -10.792 20.883 -12.39
v -11.086 20.835 -12.39
v -4.717 21.143 -12.093
v -3.127 22.689 -7.211
v -3.127 22.689 -8.031
v -10.467 22.689 -7.211
v -3.127 19.111 -9.44
v -3.13 20.9 -9.44
v -4.76 21.201 -12.105
v -7.926 20.9 -9.44
v -7.886 21.134 -9.44
v -7.886 21.134 -10.751
v -7.77 21.346 -10.751
v -7.77 21.346 -9.44
v -7.59 21.513 -9.44
v -5.428 20.924 -12.113
v -5.435 20.923 -12.093
v -5.432 20.992 -12.113
v -5.395 21.12 -12.113
v -5.436 21.019 -12.093
v -2.657 20.994 -8.031
v -3.127 20.9 -8.031
v -2.611 21.079 -8.031
v -10.139 20.883 -12.39
v -10.075 20.809 -12.39
v -10.42 20.855 -12.39
v -5.406 21.12 -12.093
v 0.556 20.78 -12.39
v 0.687 20.554 -12.39
v 0.389 20.795 -12.39
v -10.632 20.775 -12.39
v -10.499 20.795 -12.39
v -10.798 20.554 -12.39
v -10.467 19.111 -9.44
v -10.467 22.689 -9.44
v -10.798 21.396 -11.735
v -10.798 21.396 -12.39
v -10.908 21.344 -11.735
v -10.908 21.344 -12.39
v -0.155 20.438 -12.39
v 0.31 20.855 -12.39
v -0.096 20.78 -12.39
v 0.014 20.855 -12.39
v 0.274 20.943 -12.39
v -10.908 20.607 -12.39
v -10.727 20.809 -12.39
v -11.017 20.708 -12.39
v -7.362 21.621 -9.44
v -6.858 21.621 -9.44
v -7.11 21.658 -9.44
v -6.612 21.951 -9.44
v 0.798 20.607 -12.39
v 0.642 20.832 -12.39
v 0.906 20.708 -12.39
v -6.186 22.347 -9.44
v -4.878 20.667 -12.114
v -4.916 20.665 -12.126
v -4.899 20.737 -12.144
v -4.813 21.17 -12.141
v -0.066 21.156 -12.39
v -4.972 20.692 -12.141
v -10.013 20.78 -12.39
v 0.014 21.096 -12.39
v -6.806 21.596 -9.44
v -11.017 21.243 -11.735
v -11.086 21.116 -11.735
v -10.792 21.067 -11.735
v -9.508 20.377 -12.39
v -9.911 20.775 -12.39
v -9.816 20.809 -12.39
v -6.806 21.596 -10.751
v 0.31 21.096 -12.39
v 0.687 21.396 -12.39
v 0.42 21.17 -12.39
v -10.697 21.156 -11.735
v -10.598 21.181 -11.735
v -10.467 22.689 -8.031
v -2.566 21.039 -11.735
v -2.301 21.096 -11.735
v -2.676 21.156 -11.735
v -10.467 19.111 -8.031
v 0.279 21.039 -12.39
v 0.056 20.975 -12.39
v -10.776 21.096 -12.39
v -9.293 20.77 -12.39
v -9.422 20.809 -12.39
v 0.698 20.912 -12.39
v -2.56 20.943 -11.735
v -2.337 21.007 -11.735
v -10.727 21.141 -12.39
v -9.471 20.855 -12.39
v -2.667 21.859 -11.735
v -2.775 21.181 -11.735
v -2.843 21.17 -11.735
v -2.775 21.181 -12.39
v -2.646 21.141 -12.39
v -11.349 20.609 -7.211
v -11.248 20.596 -7.211
v -11.441 20.651 -7.211
v -11.502 20.706 -7.211
v -9.751 20.883 -12.39
v -9.194 20.795 -12.39
v -9.099 20.883 -12.39
v -8.818 20.855 -12.39
v 0.798 21.344 -12.39
v 0.618 21.141 -12.39
v -10.598 21.181 -12.39
v -10.467 19.111 -7.211
v -11.057 20.657 -7.211
v -11.148 20.613 -7.211
v -2.566 21.039 -12.39
v 0.906 21.243 -12.39
v 0.976 21.116 -12.39
v 0.703 21.007 -12.39
v -10.942 20.811 -7.211
v -10.986 20.726 -7.211
v -10.813 20.943 -11.735
v -2.56 20.943 -12.39
v 1.0 20.975 -12.39
v 0.976 20.835 -12.39
v 0.522 21.176 -12.39
v -11.349 20.609 -8.031
v -4.811 21.252 -12.093
v -10.908 20.607 -11.735
v -10.776 20.855 -11.735
v -11.017 20.708 -11.735
v -11.086 20.835 -11.735
v -8.77 20.809 -12.39
v -11.11 20.975 -12.39
v -5.362 20.763 -11.8
v -5.156 20.631 -11.8
v -5.528 20.366 -11.8
v -11.441 20.651 -8.031
v -5.662 20.49 -11.8
v -5.769 20.685 -11.8
v -2.332 20.912 -11.735
v -8.64 20.77 -12.39
v -10.42 21.096 -11.735
v -10.124 21.096 -11.735
v -10.499 21.156 -11.735
v -8.541 20.795 -12.39
v -7.504 20.1 -12.39
v -8.202 20.943 -12.39
v -8.165 20.855 -12.39
v -8.446 20.883 -12.39
v -10.942 20.811 -8.031
v -11.148 20.613 -8.031
v -11.248 20.596 -8.031
v -2.221 21.156 -11.735
v -11.502 20.706 -8.031
v -10.389 21.039 -11.735
v -10.044 21.156 -11.735
v -5.227 20.95 -11.98
v -5.227 21.002 -12.144
v -5.227 20.95 -12.144
v -8.086 20.795 -12.39
v -11.057 20.657 -8.031
v -10.986 20.726 -8.031
v -2.316 21.067 -12.39
v -2.221 21.156 -12.39
v -11.36 21.187 -7.211
v -11.26 21.204 -7.211
v -10.927 20.905 -8.031
v -11.45 21.143 -7.211
v -11.493 21.101 -7.211
v -10.404 21.067 -12.39
v -7.987 20.77 -12.39
v -2.343 20.975 -12.39
v -7.858 20.809 -12.39
v -10.468 21.141 -12.39
v -4.883 21.002 -12.144
v -7.403 20.78 -12.39
v -7.513 20.855 -12.39
v -7.794 20.883 -12.39
v -5.228 21.002 -12.144
v -5.29 21.155 -12.144
v -10.383 20.943 -11.735
v -10.378 20.975 -12.39
v -10.42 20.855 -11.735
v -11.067 21.149 -7.211
v -11.158 21.19 -7.211
v -7.301 20.775 -12.39
v -10.927 20.905 -7.211
v -10.945 20.999 -7.211
v -11.11 20.975 -11.735
v -4.715 21.089 -12.126
v -4.775 21.106 -12.143
v -11.086 21.116 -12.39
v -11.017 21.243 -12.39
v -7.205 20.809 -12.39
v -7.156 20.855 -12.39
v -6.859 20.855 -12.39
v -10.993 21.083 -7.211
v -10.993 21.083 -8.031
v -11.493 21.101 -8.031
v -10.945 20.999 -8.031
v -11.36 21.187 -8.031
v -11.26 21.204 -8.031
v -11.45 21.143 -8.031
v -6.78 20.795 -12.39
v -6.681 20.77 -12.39
v -5.824 20.743 -12.39
v -5.709 20.534 -12.39
v -6.503 20.855 -12.39
v -6.466 20.943 -12.39
v -5.544 19.83 -12.39
v -5.027 20.815 -12.144
v -5.027 20.815 -11.98
v -5.027 20.816 -11.98
v -11.158 21.19 -8.031
v -5.055 18.29 -11.735
v -5.055 18.645 -11.735
v -5.206 18.311 -11.735
v -4.904 18.311 -11.735
v -4.767 18.376 -11.735
v -4.925 18.684 -11.735
v -4.904 18.311 -12.39
v -4.767 18.376 -12.39
v -11.067 21.149 -8.031
v -5.055 18.29 -12.39
v -5.53 20.367 -12.39
v -10.124 21.096 -12.39
v -10.044 21.156 -12.39
v -4.658 18.476 -12.39
v -5.343 18.376 -11.735
v -5.343 18.376 -12.39
v -5.206 18.311 -12.39
v -2.055 21.17 -11.735
v -1.569 21.156 -11.735
v -9.945 21.181 -12.39
v -4.861 20.667 -11.8
v -5.012 20.621 -11.8
v -5.017 20.619 -12.093
v -4.67 20.975 -12.093
v -2.122 21.181 -11.735
v -10.16 21.007 -11.735
v -1.907 20.943 -11.735
v -1.685 21.007 -11.735
v -1.913 21.039 -11.735
v -1.648 21.096 -11.735
v -1.993 21.141 -11.735
v -2.089 21.176 -12.39
v -4.786 21.225 -12.109
v -1.968 21.119 -12.39
v -9.293 21.181 -11.735
v -8.84 21.666 -11.735
v -9.422 21.141 -11.735
v -9.911 21.176 -11.735
v -1.913 21.039 -12.39
v -5.055 20.223 -11.8
v -1.913 20.912 -12.39
v -10.166 20.975 -12.39
v -4.723 21.156 -11.8
v -5.249 18.941 -12.39
v -5.276 18.85 -11.735
v -5.276 18.85 -12.39
v -5.325 21.226 -12.105
v -9.791 21.119 -12.39
v -5.234 18.729 -12.39
v -9.422 21.141 -12.39
v -4.805 20.26 -11.8
v -9.725 20.975 -12.39
v -9.736 21.039 -12.39
v -9.487 21.067 -12.39
v -4.925 18.684 -12.39
v -5.021 18.65 -12.39
v -1.968 20.832 -11.735
v -1.679 20.912 -11.735
v -10.798 20.554 -11.735
v -10.697 20.795 -11.735
v -7.504 21.85 -12.39
v -9.816 21.141 -11.735
v -1.679 20.912 -12.39
v -1.69 20.975 -12.39
v -10.499 20.795 -11.735
v -10.067 20.454 -11.735
v -10.139 20.883 -11.735
v -4.684 21.062 -11.8
v -9.327 21.176 -12.39
v -9.508 20.943 -12.39
v -1.664 21.067 -12.39
v -1.569 21.156 -12.39
v -10.598 20.77 -11.735
v -10.044 20.795 -11.735
v -9.73 20.943 -11.735
v -9.508 20.943 -11.735
v -9.751 21.067 -11.735
v -5.452 18.476 -11.735
v -4.792 21.235 -11.8
v -5.305 20.26 -11.8
v -5.299 21.252 -12.093
v -5.249 18.941 -11.735
v -5.544 18.739 -11.735
v -4.805 20.26 -12.39
v -5.154 18.67 -11.735
v -5.249 18.758 -11.735
v -4.566 19.83 -11.735
v -1.546 20.246 -11.735
v -4.282 19.987 -11.735
v -9.225 21.17 -12.39
v -4.448 21.31 -11.8
v -4.614 21.464 -11.8
v -4.649 19.813 -11.735
v -5.185 19.015 -12.39
v -5.185 19.015 -11.735
v -4.868 21.287 -11.8
v -5.219 21.299 -12.093
v -5.207 21.274 -12.129
v -9.139 21.119 -12.39
v -8.794 21.119 -12.39
v -9.083 21.039 -12.39
v -9.072 20.975 -12.39
v -8.86 20.975 -12.39
v -4.342 21.116 -11.8
v -4.671 20.963 -11.8
v -8.64 21.181 -12.39
v -4.282 19.987 -10.751
v -4.649 19.813 -10.751
v -5.452 18.476 -12.39
v -9.114 21.096 -11.735
v -9.194 21.156 -11.735
v -8.197 21.039 -12.39
v -8.42 20.975 -12.39
v -3.991 20.257 -11.735
v -4.401 21.417 -11.735
v -4.614 21.464 -11.735
v -4.512 21.521 -11.735
v -4.734 21.521 -11.735
v -4.582 20.366 -11.8
v -4.579 20.367 -12.39
v -4.448 21.31 -11.735
v -9.767 20.855 -11.735
v -9.911 20.775 -11.735
v -9.471 20.855 -11.735
v -4.579 21.583 -12.39
v -4.401 21.417 -12.39
v -9.487 21.067 -11.735
v -4.246 20.975 -12.39
v -4.246 20.975 -11.735
v -4.286 21.207 -12.39
v -5.264 21.212 -12.139
v -0.947 21.141 -12.39
v -0.851 21.176 -11.735
v -5.295 21.198 -12.137
v -5.123 18.655 -12.39
v -5.231 21.201 -12.144
v -1.255 21.007 -11.735
v -1.027 21.039 -11.735
v -1.316 21.119 -11.735
v -5.186 21.246 -12.14
v -4.286 21.207 -11.735
v -8.541 21.156 -12.39
v -9.078 20.943 -11.735
v -4.861 18.758 -12.39
v -8.056 21.17 -12.39
v -8.165 21.096 -12.39
v -8.462 21.096 -12.39
v -1.341 21.141 -12.39
v -1.47 21.181 -11.735
v -4.342 21.116 -11.735
v -1.436 21.176 -12.39
v -1.292 21.096 -12.39
v -1.255 21.007 -12.39
v -4.791 20.841 -12.144
v -4.706 20.841 -12.113
v -4.741 20.781 -12.113
v -7.555 20.975 -12.39
v -4.305 20.9 -11.735
v -1.26 20.912 -12.39
v -4.861 18.941 -11.735
v -4.876 19.337 -11.735
v -4.925 19.015 -11.735
v -4.305 20.9 -11.8
v -5.31 21.241 -11.8
v -4.834 18.85 -11.735
v -4.861 18.758 -11.735
v -4.566 18.739 -11.735
v -4.658 18.476 -11.735
v -7.888 21.156 -12.39
v -7.987 21.181 -12.39
v -5.027 20.95 -12.144
v -5.083 20.95 -12.144
v -9.422 20.809 -11.735
v -7.772 21.007 -12.39
v -7.809 21.096 -12.39
v -7.513 21.096 -12.39
v -4.804 20.764 -12.137
v -5.083 20.816 -12.144
v -5.021 19.049 -11.735
v -4.925 19.015 -12.39
v -4.83 20.776 -12.143
v -9.225 20.78 -11.735
v -8.84 20.285 -11.735
v -9.114 20.855 -11.735
v -9.327 20.775 -11.735
v -8.818 20.855 -11.735
v -1.276 20.883 -11.735
v -1.032 20.943 -11.735
v -0.947 21.141 -11.735
v -4.707 20.822 -12.093
v -6.37 19.944 -11.735
v -4.832 21.694 -11.735
v -5.055 21.727 -12.39
v -4.805 21.69 -12.39
v -5.027 20.95 -11.98
v -6.89 20.912 -12.39
v -1.027 21.039 -12.39
v -4.834 18.85 -12.39
v -5.083 20.95 -11.986
v -6.89 21.039 -12.39
v -7.125 20.912 -12.39
v -4.841 20.678 -12.093
v -4.821 20.71 -12.12
v -4.845 18.913 -12.39
v -5.228 20.95 -11.98
v -5.228 20.95 -12.144
v -7.403 21.17 -12.39
v -4.579 21.583 -11.735
v -1.032 20.943 -12.39
v -7.301 21.176 -12.39
v -7.205 21.141 -12.39
v -4.811 20.699 -12.093
v -4.805 21.69 -11.735
v -4.832 21.565 -11.735
v -4.823 21.563 -11.735
v -8.855 20.943 -11.735
v -8.834 21.067 -11.735
v -9.083 21.039 -11.735
v -5.083 21.136 -12.144
v -5.083 21.135 -12.144
v -4.282 21.964 -11.735
v -4.566 22.12 -11.735
v -4.649 22.137 -11.735
v -8.77 21.141 -11.735
v -8.541 21.156 -11.735
v -8.674 21.176 -11.735
v -6.859 21.096 -12.39
v -7.125 21.039 -12.39
v -0.688 21.141 -11.735
v -4.759 20.962 -12.144
v -6.78 21.156 -12.39
v -4.823 21.563 -11.8
v -5.027 21.135 -12.144
v -0.602 20.943 -11.735
v -0.035 21.141 -11.735
v -0.165 21.181 -11.735
v -6.681 21.181 -12.39
v -5.544 22.12 -12.39
v -5.027 21.136 -12.144
v -6.613 21.17 -12.39
v -4.77 20.735 -12.093
v -5.824 21.207 -12.39
v -6.471 21.039 -12.39
v -5.864 20.975 -12.39
v -4.649 22.137 -10.751
v -5.709 21.417 -12.39
v -8.77 20.809 -11.735
v -5.144 21.249 -12.143
v -0.379 21.007 -11.735
v -5.462 22.137 -10.751
v -5.276 22.494 -12.39
v -5.53 21.583 -12.39
v -8.202 21.007 -11.735
v -5.008 21.27 -12.141
v -5.185 22.329 -12.39
v -5.305 21.69 -12.39
v -4.282 21.964 -10.751
v -0.749 21.17 -11.735
v -0.263 21.156 -11.735
v -0.608 21.039 -11.735
v -0.343 21.096 -11.735
v -4.701 20.875 -12.12
v -4.46 22.601 -10.751
v -8.674 20.775 -11.735
v -5.021 19.257 -11.735
v -4.987 19.262 -12.39
v -5.089 19.257 -12.39
v -5.083 21.135 -11.98
v -5.027 21.135 -11.98
v -0.639 20.855 -12.39
v -0.639 20.855 -11.735
v -5.544 18.739 -12.39
v -5.209 19.314 -12.39
v -5.123 19.044 -12.39
v -4.401 20.534 -12.39
v -4.286 20.743 -11.735
v -4.286 20.743 -12.39
v -5.021 19.049 -12.39
v -5.249 22.586 -12.39
v -5.276 22.494 -11.735
v -8.431 21.039 -11.735
v -5.027 21.136 -11.98
v -8.541 20.795 -11.735
v -7.987 20.77 -11.735
v -4.448 20.49 -11.735
v -4.582 20.366 -11.735
v -4.448 20.49 -11.8
v -5.521 18.603 -12.39
v -8.462 21.096 -11.735
v 0.687 21.396 -11.735
v -4.401 20.534 -11.735
v -4.579 20.367 -11.735
v -5.249 22.403 -12.39
v -4.589 18.603 -12.39
v -5.123 19.262 -11.735
v -5.209 19.314 -11.735
v -5.271 19.426 -11.735
v -5.249 19.549 -11.735
v -5.462 19.813 -11.735
v -4.566 18.739 -12.39
v -4.987 22.3 -12.39
v -4.925 22.329 -11.735
v -4.925 22.329 -12.39
v -5.265 19.394 -12.39
v -5.265 19.52 -12.39
v -4.882 21.002 -11.98
v -4.883 21.002 -11.98
v -4.882 21.002 -12.144
v -5.154 19.637 -12.39
v -5.185 19.623 -11.735
v -5.234 19.577 -12.39
v -8.462 20.855 -11.735
v -5.305 20.26 -12.39
v -4.75 20.762 -11.8
v -4.882 20.95 -12.144
v -4.882 20.95 -11.98
v -5.055 19.111 -9.44
v -4.701 20.835 -11.8
v -5.249 22.403 -11.735
v -5.462 22.137 -11.735
v -5.185 22.329 -11.735
v -8.086 20.795 -11.735
v -4.845 19.52 -12.39
v -4.566 19.83 -12.39
v -4.845 19.394 -12.39
v -2.347 21.204 -8.031
v -1.594 22.689 -8.031
v -2.246 21.189 -8.031
v -4.926 21.266 -12.136
v -4.953 21.288 -12.132
v -8.165 21.096 -11.735
v -2.539 21.146 -8.031
v -2.448 21.189 -8.031
v -4.925 19.292 -11.735
v -4.342 20.685 -11.8
v -5.249 22.586 -11.735
v -8.197 20.912 -11.735
v -8.425 20.943 -11.735
v -2.673 20.9 -8.031
v -5.185 22.66 -12.39
v -5.185 22.66 -11.735
v -4.883 20.95 -12.144
v -4.901 19.314 -12.39
v -5.089 22.694 -12.39
v -4.342 20.685 -11.735
v -4.956 19.637 -12.39
v -5.055 19.662 -12.39
v -5.055 20.223 -12.39
v -7.919 20.78 -11.735
v -2.657 20.994 -7.211
v -4.883 20.95 -11.98
v -2.611 21.079 -7.211
v -5.123 22.3 -11.735
v -4.876 19.577 -12.39
v -5.055 22.197 -11.735
v -8.165 20.855 -11.735
v -2.155 21.146 -8.031
v -2.103 21.097 -8.031
v -1.594 21.097 -8.031
v -5.021 22.295 -11.735
v -5.089 22.295 -12.39
v -2.155 21.146 -7.211
v -4.839 19.426 -11.735
v -3.528 20.795 -12.39
v -1.594 21.097 -7.211
v -4.956 19.637 -11.735
v -4.876 19.577 -11.735
v -4.845 22.431 -12.39
v -5.16 21.297 -12.126
v -5.055 21.3 -12.132
v -3.649 20.975 -12.39
v -5.055 19.662 -11.735
v -5.055 19.111 -10.751
v -5.65 19.199 -10.751
v -5.055 19.753 -10.751
v -3.429 20.77 -12.39
v -5.111 21.329 -12.093
v -3.623 20.883 -12.39
v -7.809 21.096 -11.735
v -7.888 21.156 -11.735
v -0.066 20.795 -11.735
v 0.31 20.855 -11.735
v 0.014 20.855 -11.735
v 0.05 20.943 -11.735
v 0.687 20.554 -11.735
v 0.42 20.78 -11.735
v 0.274 20.943 -11.735
v -3.924 19.453 -10.751
v -4.46 19.199 -10.751
v -7.433 20.795 -11.735
v -4.834 22.494 -11.735
v -7.55 20.943 -11.735
v -7.778 20.912 -11.735
v -7.513 20.855 -11.735
v -7.833 20.832 -11.735
v -2.775 20.77 -12.39
v -2.905 20.809 -12.39
v -5.021 22.694 -11.735
v -4.589 18.603 -11.735
v -4.925 22.66 -11.735
v -4.925 22.66 -12.39
v -4.987 22.689 -12.39
v -5.055 21.333 -12.093
v -2.969 20.883 -12.39
v -3.299 20.809 -12.39
v -3.219 20.912 -12.39
v -4.861 22.586 -12.39
v -4.861 22.586 -11.735
v -4.834 22.494 -12.39
v -5.462 19.813 -10.751
v -1.576 20.242 -12.39
v -4.46 19.199 -9.44
v -8.056 21.17 -11.735
v -7.205 20.809 -11.735
v -7.301 20.775 -11.735
v -7.987 21.181 -11.735
v -2.676 20.795 -12.39
v -2.221 20.795 -12.39
v -2.301 20.855 -12.39
v -2.597 20.855 -12.39
v -3.623 20.883 -11.735
v -3.804 20.597 -11.735
v -3.558 20.809 -11.735
v -3.497 20.78 -11.735
v 0.976 20.835 -11.735
v 0.703 20.943 -11.735
v 0.906 20.708 -11.735
v 0.642 20.832 -11.735
v 0.798 20.607 -11.735
v 0.522 20.775 -11.735
v -3.395 20.775 -11.735
v -2.775 20.77 -11.735
v -2.122 20.77 -12.39
v -3.275 20.832 -11.735
v -2.874 20.795 -11.735
v -4.944 21.315 -12.105
v -5.063 21.33 -11.8
v -7.529 21.067 -11.735
v -7.433 21.156 -11.735
v -7.767 20.975 -11.735
v -2.969 20.883 -11.735
v -5.055 19.753 -11.735
v -1.538 20.78 -12.39
v -1.624 20.832 -12.39
v -1.968 20.832 -12.39
v -2.99 21.007 -11.735
v -3.214 20.943 -11.735
v -7.156 20.855 -11.735
v -7.12 20.943 -11.735
v 0.279 21.039 -11.735
v 0.31 21.096 -11.735
v 0.029 21.067 -11.735
v -2.055 20.78 -12.39
v -7.926 20.9 -10.751
v -7.362 21.621 -10.751
v -7.886 20.666 -10.751
v -7.77 20.455 -10.751
v -6.858 20.179 -10.751
v -7.11 20.142 -10.751
v -7.362 20.179 -10.751
v -7.59 20.287 -10.751
v -7.11 20.142 -9.44
v -4.908 21.306 -12.093
v -1.341 20.809 -12.39
v -0.971 20.832 -12.39
v -1.436 20.775 -12.39
v -5.828 19.987 -10.751
v 0.389 21.156 -11.735
v -0.851 20.775 -12.39
v -0.749 20.78 -12.39
v -5.521 18.603 -11.735
v -5.452 23.322 -12.39
v -6.859 21.096 -11.735
v -0.358 20.883 -12.39
v -3.804 20.597 -10.751
v -3.991 20.257 -10.751
v -6.835 20.832 -11.735
v -3.225 20.347 -10.751
v -3.498 19.849 -10.751
v -5.367 20.888 -12.14
v -5.408 20.839 -12.105
v -4.566 22.12 -12.39
v -6.186 19.453 -10.751
v -3.13 20.9 -10.751
v -0.294 20.809 -12.39
v -6.186 19.453 -9.44
v -6.612 19.849 -10.751
v -3.498 19.849 -9.44
v -3.225 20.347 -9.44
v -0.165 20.77 -12.39
v -7.181 21.119 -11.735
v -5.417 20.855 -12.093
v -5.417 20.855 -11.8
v -3.924 19.453 -9.44
v -5.227 21.002 -11.98
v -3.127 19.111 -8.031
v -5.363 20.764 -12.093
v -5.185 23.267 -11.735
v -5.249 23.194 -11.735
v -5.228 21.002 -11.98
v -6.89 20.912 -11.735
v -3.558 21.141 -12.39
v -6.749 20.78 -11.735
v -6.681 20.77 -11.735
v -5.083 21.002 -11.98
v -5.65 19.199 -9.44
v -5.209 22.959 -11.735
v -5.271 23.07 -11.735
v -5.271 23.07 -12.39
v -5.265 23.165 -12.39
v -6.613 20.78 -11.735
v -6.503 20.855 -11.735
v -6.306 20.597 -11.735
v -7.335 21.181 -11.735
v -1.594 19.111 -7.211
v -3.127 19.111 -7.211
v -5.209 23.245 -12.39
v -5.083 20.95 -11.98
v -6.896 21.007 -11.735
v -7.125 21.039 -11.735
v -7.267 21.17 -11.735
v -6.37 22.006 -11.735
v -6.466 20.943 -11.735
v -2.191 20.78 -11.735
v -2.676 20.795 -11.735
v -2.301 20.855 -11.735
v -5.433 21.012 -11.8
v -5.805 20.9 -11.8
v -2.597 20.855 -11.735
v -5.234 22.982 -12.39
v -5.275 20.771 -12.142
v -5.343 23.423 -12.39
v -5.343 23.423 -11.735
v 0.798 21.344 -11.735
v -5.308 20.716 -12.113
v -5.269 20.678 -12.093
v 0.642 21.119 -11.735
v 0.698 21.039 -11.735
v 0.906 21.243 -11.735
v -5.123 22.907 -12.39
v -5.828 19.987 -11.735
v -5.544 19.83 -11.735
v 0.522 21.176 -11.735
v -4.925 22.936 -12.39
v -4.566 23.06 -12.39
v -6.119 20.257 -11.735
v -5.206 20.734 -12.143
v -5.193 20.665 -12.126
v -5.123 22.907 -11.735
v -5.021 22.902 -11.735
v -6.78 21.156 -11.735
v 0.976 21.116 -11.735
v 1.0 20.975 -11.735
v -4.901 22.959 -11.735
v -4.566 23.06 -11.735
v -5.769 21.116 -11.8
v -5.383 21.161 -11.8
v -5.864 20.975 -11.735
v -5.53 20.367 -11.735
v -5.021 22.902 -12.39
v -5.123 23.297 -12.39
v -5.824 20.743 -11.735
v -4.845 23.039 -12.39
v -5.496 21.464 -11.8
v -5.662 21.31 -11.8
v -5.496 21.464 -11.735
v -5.093 20.619 -12.093
v -5.709 20.534 -11.735
v -5.662 20.49 -11.735
v -5.528 20.366 -11.735
v -5.377 21.521 -11.735
v -5.206 23.488 -12.39
v -1.599 20.809 -11.735
v -4.839 23.07 -11.735
v -5.287 21.563 -11.8
v -5.204 21.303 -11.8
v -5.805 20.9 -11.735
v -5.769 20.685 -11.735
v -1.538 20.78 -11.735
v -4.904 23.488 -11.735
v -5.055 23.51 -11.735
v -5.021 23.301 -11.735
v -5.206 23.488 -11.735
v -5.123 23.297 -11.735
v -2.089 20.775 -11.735
v -5.055 23.51 -12.39
v -5.055 23.307 -12.39
v -7.59 21.513 -10.751
v -6.858 21.621 -10.751
v -6.807 20.204 -10.751
v -3.127 20.9 -7.211
v -2.611 20.721 -7.211
v -4.658 23.322 -11.735
v -4.767 23.423 -11.735
v -4.925 23.267 -11.735
v -4.861 23.194 -11.735
v -5.089 20.651 -12.131
v -5.055 20.625 -12.112
v -4.589 23.195 -11.735
v -1.594 20.702 -7.211
v -2.104 20.702 -7.211
v -4.904 23.488 -12.39
v -7.11 21.658 -10.751
v -4.956 23.282 -12.39
v -4.767 23.423 -12.39
v -4.861 23.194 -12.39
v -4.658 23.322 -12.39
v -4.834 23.102 -12.39
v -4.589 23.195 -12.39
v -6.37 20.975 -11.735
v -6.37 20.975 -10.751
v -6.306 21.353 -11.735
v -2.657 20.806 -7.211
v -2.673 20.9 -7.211
v -2.539 20.654 -7.211
v -2.448 20.611 -7.211
v -2.347 20.596 -7.211
v -2.246 20.611 -7.211
v -5.104 20.695 -12.143
v -2.539 20.654 -8.031
v -3.623 21.067 -12.39
v -6.613 21.17 -11.735
v -5.083 20.815 -11.98
v -5.027 21.002 -11.98
v -6.119 20.257 -10.751
v -2.155 20.654 -7.211
v -2.246 20.611 -8.031
v -3.497 21.17 -12.39
v -0.823 20.346 -11.735
v -1.341 20.809 -11.735
v -1.436 20.775 -11.735
v -6.681 21.181 -11.735
v -5.083 20.816 -11.98
v -2.657 20.806 -8.031
v -6.551 21.141 -11.735
v -6.471 21.039 -11.735
v -4.984 20.645 -12.126
v -5.021 20.651 -12.131
v -6.306 20.597 -10.751
v -0.995 20.855 -11.735
v -0.947 20.809 -11.735
v -3.219 21.039 -12.39
v -2.99 21.007 -12.39
v -1.594 19.111 -8.031
v -1.594 20.702 -8.031
v -2.953 21.096 -12.39
v -3.299 21.141 -12.39
v -2.843 21.17 -12.39
v -3.395 21.176 -12.39
v -5.055 22.197 -10.751
v -3.924 22.347 -10.751
v -6.119 21.694 -11.735
v -2.246 21.189 -7.211
v -1.594 22.689 -7.211
v -0.817 20.77 -11.735
v -2.347 21.204 -7.211
v -3.623 21.067 -11.735
v -6.612 19.849 -9.44
v -7.362 20.179 -9.44
v -6.858 20.179 -9.44
v -0.718 20.795 -11.735
v -5.824 21.207 -11.735
v -2.539 21.146 -7.211
v -7.59 20.287 -9.44
v -7.77 20.455 -9.44
v -0.358 20.883 -11.735
v -2.448 21.189 -7.211
v -5.598 21.521 -11.735
v -5.662 21.31 -11.735
v -5.709 21.417 -11.735
v -0.263 20.795 -11.735
v -5.027 20.816 -12.144
v -7.886 20.666 -9.44
v -3.804 21.353 -11.735
v -3.74 20.975 -11.735
v -3.649 20.975 -11.735
v -3.558 21.141 -11.735
v -5.769 21.116 -11.735
v -2.103 21.097 -7.211
v -5.083 21.136 -11.98
v -3.497 21.17 -11.735
v -5.083 20.815 -12.144
v -6.807 20.204 -9.44
v -5.828 21.964 -11.735
v -3.74 20.975 -10.751
v -5.544 22.12 -11.735
v -3.991 21.694 -10.751
v -5.53 21.583 -11.735
v -5.305 21.69 -11.735
v -3.991 21.694 -11.735
v -2.611 20.721 -8.031
v -5.055 21.597 -11.8
v -3.219 21.039 -11.735
v -2.953 21.096 -11.735
v -2.448 20.611 -8.031
v -2.347 20.596 -8.031
v -6.306 21.353 -10.751
v -6.119 21.694 -10.751
v -3.275 21.119 -11.735
v -6.612 21.951 -10.751
v -3.395 21.176 -11.735
v -5.166 21.711 -11.735
v -5.287 21.563 -11.735
v -5.166 21.581 -11.735
v -2.155 20.654 -8.031
v -2.104 20.702 -8.031
v -5.055 21.597 -11.735
v -5.055 21.727 -11.735
v -3.804 21.353 -10.751
v -4.704 20.975 -12.132
v -4.695 20.942 -12.126
v -4.698 21.025 -12.125
v -3.498 21.951 -10.751
v -3.225 21.453 -10.751
v 0.122 21.467 -43.8
v 0.0 21.39 -43.8
v 2.5 21.39 -43.8
v 0.477 21.537 -43.8
v 1.031 21.592 -43.8
v 1.727 21.628 -43.8
v 2.5 21.64 -43.8
v 3.273 21.628 -43.8
v 3.969 21.592 -43.8
v 4.523 21.537 -43.8
v 4.878 21.467 -43.8
v 5.0 21.39 -43.8
v 4.878 21.313 -43.8
v 4.523 21.243 -43.8
v 3.969 21.188 -43.8
v 3.273 21.152 -43.8
v 2.5 21.14 -43.8
v 1.727 21.152 -43.8
v 1.031 21.188 -43.8
v 0.477 21.243 -43.8
v 0.122 21.313 -43.8
v 0.0 21.39 -64.8
v 0.122 21.467 -64.8
v 2.5 21.39 -64.8
v 0.477 21.537 -64.8
v 1.031 21.592 -64.8
v 1.727 21.628 -64.8
v 2.5 21.64 -64.8
v 3.273 21.628 -64.8
v 3.969 21.592 -64.8
v 4.523 21.537 -64.8
v 4.878 21.467 -64.8
v 5.0 21.39 -64.8
v 4.878 21.313 -64.8
v 4.523 21.243 -64.8
v 3.969 21.188 -64.8
v 3.273 21.152 -64.8
v 2.5 21.14 -64.8
v 1.727 21.152 -64.8
v 1.031 21.188 -64.8
v 0.477 21.243 -64.8
v 0.122 21.313 -64.8
v 10.591 24.576 -9.931
v 13.63 24.14 -9.987
v 10.144 24.349 -9.96
v 46.3 22.5 -25.0
v 46.006 22.5 -24.845
v 46.006 22.5 -25.155
v 45.423 22.5 -25.0
v 45.154 22.5 -25.294
v 43.827 22.5 -25.405
v 42.154 22.5 -25.476
v 40.3 22.5 -25.5
v 38.446 22.5 -25.476
v 35.177 22.5 -25.0
v 35.446 22.5 -25.294
v 36.773 22.5 -25.405
v 34.594 22.5 -25.155
v 34.594 22.5 -24.845
v 9.732 24.14 -9.987
v 4.0 23.305 -10.095
v 8.255 24.14 -9.987
v -30.7 0.5 -6.5
v -29.355 0.345 -6.476
v -30.7 0.345 -6.476
v 7.15 24.901 -9.889
v 8.096 25.25 -9.844
v 8.096 24.14 -9.987
v -30.7 0.655 -6.476
v -29.355 0.655 -6.476
v 6.048 25.206 -9.85
v -0.096 25.25 -9.844
v 6.164 25.207 -9.849
v 20.1 0.015 -6.1
v 20.0 0.0 -6.1
v 19.9 0.015 -6.1
v 39.125 35.5 -25.485
v 38.446 35.5 -25.476
v 38.591 35.5 -25.31
v 36.773 35.5 -25.405
v 38.298 35.5 -25.0
v 6.354 25.206 -9.85
v 6.208 25.205 -9.85
v 10.144 25.055 -9.869
v 6.772 25.206 -9.85
v -30.7 0.655 -5.524
v -30.7 0.794 -5.595
v -30.7 0.905 -5.706
v -30.7 0.976 -5.845
v -30.7 1.0 -6.0
v 6.185 25.201 -9.85
v 6.168 25.206 -9.85
v 6.248 25.199 -9.851
v 6.327 25.204 -9.85
v -30.7 0.024 -5.845
v -30.7 0.095 -5.706
v -30.7 0.0 -6.0
v -30.7 0.206 -5.595
v -30.7 0.345 -5.524
v -30.7 0.5 -5.5
v 34.594 35.5 -25.155
v 35.446 35.5 -24.706
v 35.446 35.5 -25.294
v 34.3 35.5 -25.0
v 34.594 35.5 -24.845
v 6.045 25.206 -9.85
v 5.544 25.203 -9.85
v 5.71 25.203 -9.85
v 38.298 24.998 -25.0
v 5.546 25.201 -9.85
v 2.286 25.201 -9.85
v -4.192 25.25 -9.844
v -3.168 25.564 -9.738
v -3.501 25.266 -9.839
v -29.045 0.0 -5.524
v -29.2 0.0 -5.5
v -28.906 0.0 -5.595
v -4.848 25.268 -9.838
v -4.89 25.268 -9.838
v -6.083 25.263 -9.84
v -28.795 0.0 -5.706
v -8.288 25.25 -9.844
v -6.089 25.268 -9.838
v 46.006 24.998 -25.155
v 45.154 24.998 -25.294
v 45.154 24.998 -24.706
v 39.125 24.998 -25.485
v -28.724 0.0 -5.845
v -28.7 0.0 -6.0
v -28.795 0.0 -6.294
v -28.724 0.0 -6.155
v -29.7 0.0 -6.0
v -29.605 0.0 -5.706
v -29.676 0.0 -5.845
v -29.494 0.0 -5.595
v -9.804 25.279 -9.834
v -9.804 25.304 -9.826
v 40.3 24.998 -25.5
v 28.647 16.769 -7.642
v 26.83 16.696 -7.729
v 26.83 18.118 -8.725
v -8.644 26.775 -9.33
v -8.098 26.973 -9.263
v 25.0 16.671 -7.759
v 25.0 18.099 -8.758
v -8.644 26.973 -9.263
v -12.384 27.107 -9.218
v 28.647 18.175 -8.627
v -12.384 25.25 -9.844
v -9.804 25.264 -9.839
v 43.827 24.998 -25.405
v 20.286 26.979 -9.537
v 20.907 27.009 -9.531
v 21.573 27.02 -9.53
v 42.154 24.998 -25.476
v 38.591 24.998 -25.31
v 38.591 24.998 -24.69
v 39.125 24.998 -24.515
v 40.3 24.998 -24.5
v 46.3 23.0 -25.0
v 46.3 24.998 -25.0
v -9.804 26.7 -9.355
v -11.053 25.264 -9.839
v 20.732 26.64 -9.375
v 20.54 26.624 -9.381
v 20.732 26.678 -9.59
v -11.053 25.3 -9.827
v -11.053 25.304 -9.826
v -11.053 26.7 -9.355
v 34.3 22.5 -25.0
v 34.3 23.0 -25.0
v 19.36 26.838 -9.309
v 19.709 26.882 -9.294
v 19.709 26.927 -9.546
v 20.286 26.933 -9.277
v 20.384 26.938 -9.275
v 20.739 26.954 -9.269
v 26.83 19.692 -9.459
v 26.83 21.369 -9.909
v 28.647 19.731 -9.352
v 25.0 19.679 -9.495
v 25.0 21.363 -9.946
v 45.154 22.412 -25.0
v 43.827 22.191 -25.0
v 42.154 22.049 -25.0
v 40.3 22.0 -25.0
v 38.446 22.049 -25.0
v 36.773 22.191 -25.0
v 35.446 22.412 -25.0
v -34.0 32.863 -1.75
v -34.0 13.005 -0.405
v -34.0 32.995 0.205
v -34.0 32.744 2.15
v -34.0 13.649 3.443
v -34.0 32.118 4.007
v -34.0 31.141 5.707
v -34.0 14.52 5.199
v -34.0 32.351 -3.643
v -34.0 31.48 -5.399
v -34.0 30.284 -6.952
v -34.0 28.807 -8.241
v -34.0 27.107 -9.218
v -34.0 25.25 -9.844
v -34.0 23.305 -10.095
v -34.0 21.35 -9.963
v -34.0 19.457 -9.451
v -34.0 17.701 -8.58
v -34.0 16.148 -7.384
v -34.0 14.859 -5.907
v -34.0 13.256 -2.35
v -34.0 13.882 -4.207
v -34.0 13.137 1.55
v 19.181 26.858 -9.558
v 18.336 26.635 -9.377
v 18.708 26.729 -9.346
v 18.708 26.769 -9.574
v 19.181 26.815 -9.316
v -13.707 25.208 -9.849
v -13.722 25.171 -9.856
v -13.712 25.209 -9.849
v -30.7 0.905 -6.294
v -30.7 0.976 -6.155
v -30.7 0.794 -6.405
v -14.226 25.204 -9.85
v -15.476 24.294 -10.01
v -14.432 25.207 -9.85
v -30.7 0.206 -6.405
v -30.7 0.095 -6.294
v -30.7 0.024 -6.155
v -13.831 25.208 -9.849
v -29.355 0.0 -5.524
v -14.168 25.203 -9.85
v -29.676 0.0 -6.155
v -29.2 0.0 -6.5
v -14.061 24.808 -9.92
v 19.262 26.438 -9.632
v 19.563 26.521 -9.618
v 19.36 26.433 -9.445
v 19.563 26.487 -9.427
v -28.906 0.0 -6.405
v -29.045 0.0 -6.476
v -13.713 25.194 -9.851
v 19.91 26.589 -9.606
v 19.91 26.553 -9.405
v -29.605 0.0 -6.294
v 20.304 26.641 -9.596
v 20.304 26.604 -9.387
v -29.355 0.0 -6.476
v -29.494 0.0 -6.405
v 20.384 26.611 -9.385
v 21.3 0.905 -6.294
v 21.3 0.206 -6.405
v 21.3 0.794 -6.405
v 21.3 0.976 -6.155
v 21.3 0.0 -6.0
v -13.722 25.171 -9.854
v -13.86 24.983 -9.889
v -13.782 25.088 -9.865
v 21.3 0.655 -6.476
v 21.3 0.095 -6.294
v 21.3 0.024 -6.155
v 21.3 0.5 -6.5
v 21.3 0.345 -6.476
v 25.0 23.099 -10.098
v 26.83 23.099 -10.06
v 25.0 22.255 -10.024
v 25.0 23.208 -10.088
v 25.0 23.667 -10.048
v 25.0 24.836 -9.946
v 26.83 24.829 -9.909
v -13.86 24.981 -9.879
v -14.061 24.805 -9.901
v -14.323 24.648 -9.922
v -14.323 24.652 -9.947
v -14.432 24.6 -9.928
v -14.488 24.576 -9.931
v 18.29 26.661 -9.593
v -14.643 24.514 -9.971
v -14.611 25.209 -9.849
v -15.244 24.967 -9.892
v -14.667 25.205 -9.85
v -15.109 25.104 -9.867
v -14.83 25.195 -9.851
v -14.55 25.205 -9.85
v -14.526 25.208 -9.849
v -15.422 24.846 -9.913
v -15.422 24.843 -9.897
v -15.244 24.965 -9.881
v -15.048 25.196 -9.851
v -15.019 25.195 -9.851
v -14.908 25.195 -9.851
v 33.875 14.174 1.476
v 32.182 13.702 -0.098
v 33.875 14.036 -0.098
v -15.049 25.195 -9.851
v -15.109 25.103 -9.863
v -15.073 25.158 -9.856
v 33.875 15.25 -4.63
v 32.182 15.901 -6.138
v 33.875 16.156 -5.924
v 18.608 26.072 -9.567
v 18.487 25.928 -9.616
v 18.608 26.094 -9.693
v -15.645 24.74 -9.932
v 32.182 14.269 -3.312
v 32.182 14.961 -4.797
v 33.875 14.583 -3.198
v 18.782 26.225 -9.67
v -29.605 0.794 6.5
v -29.605 0.794 -5.595
v -29.61 0.785 6.5
v -15.905 24.642 -9.922
v -15.905 24.647 -9.948
v -16.165 24.576 -9.931
v -15.456 24.827 -9.899
v -15.645 24.736 -9.91
v 18.414 25.767 -9.67
v 18.414 25.781 -9.748
v 18.487 25.946 -9.719
v 32.182 13.845 1.534
v 19.0 26.339 -9.65
v 18.815 26.216 -9.518
v 32.182 13.845 -1.73
v 33.875 14.174 -1.672
v -14.643 24.508 -9.94
v -15.03 24.387 -9.955
v -15.03 24.394 -9.993
v -15.456 24.291 -9.968
v 19.845 0.811 7.376
v 19.845 16.431 7.376
v 19.706 16.35 7.305
v 30.435 13.44 -0.098
v 18.391 25.6 -9.726
v 18.39 25.599 -9.78
v -16.209 24.57 -9.962
v 30.435 13.587 1.579
v -17.39 24.439 -9.985
v -16.95 24.465 -9.98
v 30.435 13.587 -1.775
v 28.647 13.251 -0.098
v 28.647 13.401 1.612
v 28.647 13.401 -1.808
v -16.209 24.565 -9.932
v 20.155 0.976 6.424
v 20.0 1.0 6.4
v 20.155 15.463 6.424
v 20.155 16.431 7.376
v 20.155 0.811 7.376
v 20.294 16.35 7.305
v -16.549 24.155 -10.035
v -17.876 24.109 -10.043
v -15.982 24.213 -10.025
v -15.476 24.287 -9.968
v -16.48 24.154 -9.985
v -15.982 24.205 -9.979
v 19.0 26.31 -9.487
v 18.999 26.31 -9.487
v 26.83 13.289 -1.828
v -16.22 24.563 -9.933
v 19.045 26.327 -9.481
v 18.782 26.199 -9.524
v 30.435 14.022 -3.402
v 30.435 14.734 -4.928
v -16.557 24.508 -9.972
v -17.39 24.433 -9.949
v -16.95 24.459 -9.946
v 19.262 26.407 -9.454
v -16.48 24.516 -9.939
v -16.57 24.501 -9.941
v 18.487 25.264 -9.839
v 18.479 25.264 -9.839
v 18.374 25.264 -9.839
v 19.968 0.794 7.395
v 18.487 25.266 -9.839
v -17.504 24.431 -9.95
v -16.549 24.146 -9.986
v -17.181 24.12 -10.041
v -17.504 24.106 -9.992
v -17.181 24.111 -9.991
v 18.486 25.268 -9.838
v 18.484 25.275 -9.836
v 20.405 16.222 7.194
v 20.405 0.942 7.194
v 20.476 16.063 7.055
v 18.39 25.59 -9.729
v 28.647 13.845 -3.466
v 28.647 14.57 -5.022
v -16.557 24.502 -9.94
v -18.366 24.439 -9.985
v -17.876 24.43 -9.986
v 26.83 13.738 -3.505
v 26.83 14.472 -5.079
v -17.876 24.424 -9.951
v -18.366 24.433 -9.949
v 20.294 0.876 7.305
v 21.198 26.7 -9.586
v 21.702 26.707 -9.585
v 17.206 26.034 -9.703
v 17.629 26.384 -9.642
v 17.93 26.532 -9.616
v 17.93 26.498 -9.423
v 20.294 15.518 6.495
v 18.292 26.624 -9.381
v 18.29 26.624 -9.381
v -18.806 24.465 -9.98
v -18.528 24.442 -9.948
v -17.876 24.1 -9.992
v -18.528 24.111 -9.991
v 17.097 25.378 -9.819
v -29.605 0.206 6.5
v -29.61 0.215 6.5
v -29.676 0.345 -5.524
v -20.509 24.965 -9.881
v -20.334 24.846 -9.913
v -20.509 24.967 -9.892
v 26.83 13.137 -0.098
v 17.388 26.192 -9.526
v 17.588 26.327 -9.481
v 17.388 26.218 -9.671
v 26.83 13.289 1.632
v 25.0 13.251 -1.835
v 17.629 26.354 -9.472
v 17.63 26.355 -9.472
v -20.334 24.843 -9.897
v -20.117 24.74 -9.932
v 17.872 26.47 -9.433
v 20.443 0.976 7.12
v -19.552 24.567 -9.932
v -19.544 24.57 -9.962
v -19.588 24.576 -9.931
v -19.852 24.647 -9.948
v -19.852 24.642 -9.922
v -20.117 24.736 -9.91
v 17.312 26.118 -9.551
v 17.061 25.611 -9.778
v 17.097 25.831 -9.739
v -20.576 25.034 -9.872
v 17.206 26.013 -9.587
v -18.544 24.12 -10.041
v -19.159 24.155 -10.035
v 17.097 25.816 -9.653
v 17.097 25.375 -9.802
v 17.061 25.6 -9.726
v 17.061 25.602 -9.725
v 26.83 15.468 -6.502
v 18.336 25.264 -9.839
v 17.566 25.265 -9.839
v 25.0 13.251 1.638
v 25.0 13.099 -0.098
v -19.195 24.508 -9.972
v -19.206 24.504 -9.94
v -19.195 24.502 -9.94
v 17.368 25.265 -9.839
v 17.312 25.265 -9.839
v 17.229 25.265 -9.839
v 17.178 25.266 -9.839
v 19.706 0.905 6.495
v 19.595 0.886 6.606
v 19.706 15.518 6.495
v -18.806 24.459 -9.946
v 19.508 1.0 6.95
v 19.524 0.985 7.055
v 19.5 9.728 6.9
v 20.476 0.985 7.055
v 25.0 13.702 -3.518
v 17.156 25.263 -9.84
v 19.595 0.942 7.194
v 19.674 0.905 7.273
v 19.595 16.222 7.194
v 19.557 0.976 7.12
v 19.524 16.063 7.055
v -18.544 24.111 -9.991
v -19.159 24.146 -9.986
v 20.5 14.336 6.9
v 20.492 1.0 6.95
v -19.544 24.565 -9.932
v 14.879 26.973 -9.263
v 14.879 27.02 -9.53
v 12.489 27.02 -9.53
v 14.879 25.263 -9.84
v 20.326 0.905 7.273
v -19.721 24.213 -10.025
v -19.552 24.187 -9.981
v -28.724 0.024 -5.845
v -18.82 24.461 -9.946
v -28.906 15.294 -6.405
v -28.795 0.905 -6.294
v -28.906 0.794 -6.405
v 13.63 26.668 -9.366
v 12.568 26.707 -9.585
v 13.63 26.707 -9.585
v -20.221 24.294 -10.01
v 13.63 26.624 -9.381
v 12.202 26.666 -9.367
v 12.202 26.704 -9.585
v 12.568 26.668 -9.366
v 25.0 14.439 -5.098
v 25.0 15.439 -6.526
v 21.3 0.976 7.12
v 21.3 0.905 7.273
v -29.605 0.206 -5.595
v 12.192 26.967 -9.265
v 12.489 26.973 -9.263
v 11.403 26.997 -9.534
v -21.575 25.205 -9.85
v -20.716 25.198 -9.851
v 19.706 0.876 7.305
v -28.85 0.85 -5.65
v -28.906 0.905 -5.595
v -28.795 0.794 -5.595
v -29.2 1.0 -5.5
v -29.2 1.0 6.5
v -29.045 0.976 6.5
v 13.63 25.645 -9.772
v -20.664 24.394 -9.993
v -21.049 24.514 -9.971
v -20.576 24.367 -9.958
v 13.63 25.635 -9.714
v 12.539 25.635 -9.714
v 12.539 25.645 -9.772
v 20.032 0.794 7.395
v 20.0 16.459 7.4
v -28.795 0.905 -5.706
v 12.192 25.638 -9.713
v 32.182 17.059 -7.297
v -30.7 0.905 7.273
v 30.435 15.7 -6.307
v 13.948 25.264 -9.839
v -28.906 0.905 6.5
v -28.795 0.794 6.5
v -29.045 0.655 -6.476
v -29.045 15.356 -6.476
v 20.481 0.976 6.78
v 20.476 0.96 6.745
v 13.63 25.262 -9.84
v 13.63 25.336 -9.827
v 13.708 25.262 -9.84
v -29.045 0.024 -5.524
v -30.7 0.794 7.395
v 20.0 15.445 6.4
v 19.845 15.463 6.424
v -28.906 0.095 -5.595
v 28.647 15.555 -6.428
v 21.3 0.794 7.395
v 20.0 0.785 7.4
v -19.721 24.205 -9.979
v -28.85 0.15 -5.65
v -28.795 0.206 -5.595
v -20.221 24.287 -9.968
v -30.7 0.655 7.473
v -20.664 24.387 -9.955
v 21.3 0.655 7.473
v 12.162 25.649 -9.771
v -28.795 0.095 -5.706
v 10.932 25.434 -9.809
v 12.092 25.336 -9.827
v 13.63 25.334 -9.816
v 13.63 25.265 -9.839
v -30.7 0.976 7.12
v -29.494 0.095 6.5
v -30.7 1.0 6.95
v 20.294 0.905 6.495
v 20.405 0.886 6.606
v -20.643 25.104 -9.867
v -20.706 25.198 -9.851
v -20.7 25.196 -9.851
v 19.5 0.993 6.9
v 19.584 0.905 6.627
v 19.524 0.96 6.745
v 19.595 15.604 6.606
v -21.382 24.648 -9.922
v -21.6 24.773 -9.906
v -21.382 24.652 -9.947
v -20.696 25.189 -9.852
v 40.558 21.935 6.503
v 40.57 22.007 6.503
v 40.3 22.0 6.643
v 39.987 22.008 6.806
v 39.849 21.871 6.866
v -21.211 24.576 -9.931
v 19.845 0.976 6.424
v 39.849 20.681 6.547
v 40.022 20.863 6.503
v -20.643 25.103 -9.863
v 39.939 20.697 6.503
v -20.677 25.158 -9.856
v 39.849 20.587 6.503
v -29.676 0.976 -5.845
v -29.7 1.0 -6.0
v -21.6 25.205 -9.85
v -21.653 24.807 -9.92
v -21.863 24.98 -9.889
v -22.017 25.169 -9.856
v 40.603 23.992 6.503
v 39.298 20.02 6.503
v -22.031 25.2 -9.85
v -22.027 25.202 -9.85
v 19.519 0.976 6.78
v -21.95 25.205 -9.85
v -21.904 25.207 -9.85
v 39.298 19.444 6.234
v 38.499 19.269 6.536
v -21.653 24.804 -9.902
v -21.863 24.978 -9.879
v -29.605 0.905 -5.706
v -22.017 25.169 -9.854
v -29.494 0.905 -5.595
v -29.549 0.85 -5.65
v -29.676 0.655 6.427
v -29.494 0.905 6.5
v 12.092 25.334 -9.816
v -21.049 24.508 -9.94
v -24.332 25.207 -9.85
v -24.332 25.204 -9.85
v -24.332 24.149 -10.036
v -24.332 24.14 -9.987
v -29.676 0.655 -5.524
v -25.581 24.14 -9.987
v 21.3 0.024 7.12
v -30.7 0.0 6.95
v 21.3 0.0 6.95
v 11.299 26.618 -9.383
v 11.168 26.601 -9.389
v 11.299 26.655 -9.594
v -25.121 25.207 -9.85
v -29.7 0.5 -5.5
v 11.567 26.64 -9.375
v 11.374 26.624 -9.381
v 11.567 26.678 -9.59
v 11.868 26.694 -9.587
v -25.581 24.149 -10.036
v -25.581 25.198 -9.851
v -25.58 25.206 -9.85
v 10.523 26.93 -9.545
v 21.3 0.095 6.627
v 20.405 0.206 6.505
v 21.3 0.206 6.505
v -28.098 25.204 -9.85
v -28.099 25.204 -9.85
v -30.173 24.149 -10.036
v -28.169 25.168 -9.855
v 21.3 0.345 6.427
v 20.476 0.345 6.427
v -28.768 24.861 -9.894
v -29.355 0.024 -5.524
v 20.5 0.5 6.4
v 21.3 0.5 6.4
v 12.192 26.665 -9.367
v 21.3 0.5 7.5
v 21.3 0.655 6.427
v 20.476 0.655 6.427
v 37.045 19.003 6.996
v 37.045 17.834 6.177
v -14.432 25.25 -9.844
v -12.204 24.342 -9.961
v -29.494 0.095 -5.595
v -28.795 0.206 6.5
v -28.724 0.345 -5.524
v -28.79 0.215 6.5
v 11.868 26.656 -9.37
v -28.906 0.095 6.5
v -29.605 0.095 -5.706
v -29.549 0.15 -5.65
v 11.168 26.933 -9.277
v 11.403 26.951 -9.271
v -12.204 24.14 -9.987
v -29.676 0.024 -5.845
v -15.456 25.25 -9.844
v 39.298 18.997 5.922
v 38.499 18.175 5.77
v 21.3 0.794 6.505
v 20.405 0.794 6.505
v 20.416 0.905 6.627
v 20.405 15.604 6.606
v 39.298 18.399 5.503
v 39.298 17.498 4.602
v 38.499 17.231 4.826
v 39.298 16.767 3.557
v 39.298 17.185 4.155
v 38.499 16.465 3.732
v 21.3 0.905 6.627
v 39.298 16.537 3.064
v 21.3 0.976 6.78
v 20.5 0.993 6.9
v 37.045 16.824 5.167
v 9.851 26.817 -9.565
v 9.372 26.659 -9.593
v 21.3 1.0 6.95
v 10.863 26.586 -9.606
v 10.699 26.541 -9.614
v 19.954 0.007 6.9
v 20.0 0.0 6.9
v 20.046 0.007 6.9
v -29.676 0.345 6.427
v -29.7 0.5 6.4
v 20.155 0.024 6.78
v 39.298 19.6 -6.503
v 19.845 0.024 6.78
v 38.499 15.901 2.522
v 39.298 16.229 2.402
v 11.064 26.624 -9.599
v 21.3 0.024 6.78
v 37.045 15.032 1.324
v 38.499 15.555 1.232
v -28.724 0.655 -5.524
v -28.724 0.655 6.427
v 37.045 16.005 3.998
v 8.989 26.204 -9.673
v 10.144 26.823 -9.314
v 37.045 15.402 2.704
v 10.523 26.885 -9.293
v 20.294 0.095 6.627
v 11.527 25.669 -9.703
v 11.825 25.65 -9.709
v 11.527 25.68 -9.766
v 35.5 14.961 2.864
v 35.5 15.599 4.232
v 11.261 25.695 -9.694
v 11.263 25.695 -9.694
v 11.261 25.707 -9.761
v -22.624 25.25 -9.844
v 39.298 18.846 -6.012
v 39.298 18.399 -5.699
v 38.499 18.175 -5.966
v 39.298 19.444 -6.43
v 21.3 0.345 -5.524
v 21.3 0.206 -5.595
v 21.3 1.0 -6.0
v 21.3 0.655 -5.524
v 21.3 0.5 -5.5
v 21.3 0.976 -5.845
v 21.3 0.905 -5.706
v 21.3 0.794 -5.595
v 21.3 0.095 -5.706
v 21.3 0.024 -5.845
v 12.162 25.639 -9.713
v 11.825 25.661 -9.769
v 20.476 0.655 -5.524
v 39.298 16.767 -3.754
v 39.298 16.459 -3.093
v 38.499 16.465 -3.928
v 39.298 17.498 -4.798
v 39.298 17.079 -4.201
v 38.499 17.231 -5.022
v -29.355 0.976 6.5
v -29.355 0.976 -5.524
v 11.245 25.697 -9.693
v 20.5 0.5 -5.5
v -28.7 0.5 6.4
v -28.724 0.345 6.427
v 11.064 26.588 -9.393
v 37.045 16.824 -5.364
v -29.045 0.024 6.5
v 37.045 16.005 -4.194
v 19.643 0.842 6.558
v 19.324 0.976 -6.155
v 19.324 15.075 -6.155
v 19.395 0.905 -6.294
v -29.045 0.976 -5.524
v -30.435 25.25 -9.844
v 20.357 0.842 6.558
v -29.324 24.576 -9.931
v 10.379 26.327 -9.481
v 10.333 26.249 -9.507
v 10.379 26.356 -9.647
v 10.456 26.427 -9.634
v -28.79 0.785 6.5
v 39.496 19.803 -6.503
v 39.849 20.166 -6.503
v 40.982 23.982 -6.503
v 40.34 20.768 -6.503
v 40.125 20.504 -6.503
v 39.849 20.681 -6.743
v 39.849 21.871 -7.062
v 40.941 21.97 -6.503
v 40.598 21.284 -6.503
v 19.595 0.794 6.505
v 40.3 22.0 -6.839
v -14.062 26.367 -9.645
v -13.86 26.195 -9.675
v -13.722 26.007 -9.708
v 38.499 21.769 -7.642
v 10.317 26.161 -9.537
v 10.333 26.276 -9.661
v 38.499 22.048 -7.667
v 39.689 22.016 -7.144
v -14.327 26.522 -9.617
v -14.062 26.337 -9.477
v -13.86 26.17 -9.534
v -13.722 25.987 -9.596
v -13.639 25.79 -9.662
v 10.456 26.396 -9.458
v 10.563 26.488 -9.623
v -30.7 0.5 7.5
v -14.432 26.531 -9.412
v -14.327 26.488 -9.427
v -13.639 25.805 -9.744
v 40.948 22.017 -6.503
v -13.614 25.6 -9.726
v 38.499 19.269 -6.732
v -13.685 25.263 -9.84
v -13.698 25.262 -9.84
v -13.639 25.374 -9.82
v -13.612 25.59 -9.782
v 38.499 20.479 -7.297
v 21.3 0.345 7.473
v -14.395 25.262 -9.84
v -14.407 25.263 -9.84
v -14.131 25.263 -9.839
v -14.471 25.262 -9.84
v -14.432 25.263 -9.84
v 37.045 17.834 -6.373
v -13.8 25.262 -9.84
v -30.7 0.976 6.78
v -30.7 0.905 6.627
v -14.611 25.266 -9.839
v -14.082 25.264 -9.839
v -13.683 25.266 -9.839
v -14.959 25.265 -9.839
v 37.045 19.003 -7.192
v -15.109 26.071 -9.697
v -15.01 25.922 -9.723
v 37.045 20.297 -7.796
v -29.2 0.0 6.5
v -29.355 0.024 6.5
v -14.951 25.761 -9.752
v 10.326 26.112 -9.553
v 10.317 26.186 -9.677
v 35.5 20.137 -8.236
v -13.612 25.581 -9.732
v -13.639 25.371 -9.803
v -30.7 0.794 6.505
v 37.045 21.677 -8.165
v 35.5 18.769 -7.598
v 35.5 21.595 -8.627
v -15.456 26.828 -9.312
v -15.035 26.737 -9.343
v -15.035 26.777 -9.572
v -14.653 26.621 -9.382
v -14.653 26.658 -9.593
v -14.664 26.624 -9.381
v 39.298 16.088 1.876
v 39.298 15.898 1.172
v 38.499 15.439 -0.098
v 39.298 15.788 -0.098
v 39.298 15.851 0.629
v 38.499 15.555 -1.428
v 39.298 15.835 -0.641
v 39.298 15.898 -1.368
v 10.563 26.455 -9.438
v 10.699 26.507 -9.42
v 39.298 16.039 -1.894
v 10.863 26.551 -9.406
v -15.482 26.877 -9.555
v 37.045 14.908 -0.098
v 37.045 15.032 -1.521
v 11.168 25.708 -9.69
v 11.029 25.74 -9.755
v -28.7 0.5 -5.5
v 35.5 14.439 -0.098
v 35.5 14.57 -1.602
v 39.298 16.229 -2.599
v 38.499 15.901 -2.718
v 37.045 15.402 -2.9
v -15.91 26.523 -9.617
v -16.218 26.6 -9.604
v 19.506 0.794 -6.405
v 19.506 15.294 -6.405
v 19.645 15.356 -6.476
v -15.645 26.432 -9.633
v 35.5 15.599 -4.428
v -16.961 26.704 -9.585
v -17.404 26.73 -9.581
v 35.5 17.532 6.536
v -15.422 26.327 -9.652
v 35.5 18.769 7.402
v 35.5 16.465 5.469
v -16.56 27.016 -9.53
v -15.992 26.956 -9.541
v 20.276 14.823 -5.845
v 20.276 0.976 -5.845
v 20.3 1.0 -6.0
v -16.48 26.961 -9.267
v -15.992 26.911 -9.284
v -15.482 26.834 -9.31
v 10.671 25.816 -9.653
v 10.671 25.831 -9.739
v 10.542 25.888 -9.729
v 10.446 25.934 -9.614
v 10.542 25.871 -9.635
v 10.446 25.952 -9.718
v 10.375 26.003 -9.59
v 10.375 26.023 -9.705
v 10.332 26.079 -9.565
v 10.332 26.101 -9.692
v 33.875 15.25 4.433
v 20.205 15.197 -6.294
v 20.276 15.075 -6.155
v 20.205 0.905 -6.294
v -30.7 0.024 7.12
v -30.7 0.095 7.273
v 11.014 25.73 -9.682
v 10.833 25.781 -9.748
v -15.244 26.206 -9.673
v -15.422 26.299 -9.491
v -15.456 26.314 -9.485
v 10.833 25.767 -9.67
v -15.244 26.181 -9.53
v 35.5 16.465 -5.665
v -15.109 26.049 -9.575
v 11.029 25.727 -9.683
v -15.01 25.904 -9.623
v -14.934 25.6 -9.726
v -14.951 25.748 -9.676
v 20.094 0.985 -5.595
v 20.155 0.976 -5.656
v 20.094 14.68 -5.595
v 19.955 0.655 -6.476
v 19.955 15.356 -6.476
v 20.094 0.794 -6.405
v 11.851 25.262 -9.84
v 11.944 25.262 -9.84
v 19.955 14.639 -5.524
v 19.8 14.625 -5.5
v 19.955 0.993 -5.524
v 20.0 1.0 -5.547
v 20.3 14.94 -6.0
v 20.276 0.976 -6.155
v -16.218 26.564 -9.401
v -16.48 26.609 -9.386
v -15.91 26.489 -9.426
v 20.094 15.294 -6.405
v -15.645 26.401 -9.456
v 9.28 25.825 -9.74
v -14.951 25.414 -9.813
v -14.931 25.587 -9.782
v 35.5 22.403 -8.697
v 36.423 22.249 -8.404
v 10.452 25.497 -9.798
v 9.995 25.579 -9.784
v -15.006 25.265 -9.839
v -15.002 25.265 -9.839
v 11.168 25.264 -9.839
v 21.3 0.206 7.395
v -30.7 0.206 7.395
v 21.3 0.095 7.273
v 10.69 25.463 -9.804
v 10.581 25.266 -9.839
v -14.951 25.41 -9.79
v 10.755 25.347 -9.811
v -15.002 25.274 -9.836
v 10.932 25.43 -9.783
v 10.69 25.458 -9.774
v 10.452 25.491 -9.763
v 10.218 25.535 -9.791
v 33.875 23.099 -9.161
v 34.594 22.691 -8.947
v 33.875 21.525 -9.023
v -14.931 25.578 -9.733
v 35.5 17.532 -6.732
v 10.218 25.528 -9.75
v -17.896 27.063 -9.522
v -20.221 26.877 -9.555
v 33.875 18.568 -7.947
v 9.372 26.622 -9.382
v 9.379 26.624 -9.381
v 9.851 26.775 -9.33
v -16.567 26.661 -9.593
v 20.205 0.95 -5.706
v 20.235 0.935 -5.765
v 20.205 14.743 -5.706
v -16.961 26.666 -9.367
v -30.7 0.345 7.473
v 33.875 17.273 -7.041
v -17.404 26.691 -9.358
v 19.645 14.639 -5.524
v 19.8 0.953 -5.5
v -16.571 26.624 -9.381
v 19.845 0.976 -5.507
v -17.195 27.051 -9.524
v 33.875 19.999 -8.615
v -17.504 27.008 -9.251
v -17.195 27.003 -9.253
v 9.12 26.448 -9.44
v -16.56 26.969 -9.264
v 35.5 14.57 1.406
v -16.567 26.624 -9.381
v 19.8 15.377 -6.5
v 19.645 0.655 -6.476
v -18.381 26.691 -9.358
v -18.381 26.73 -9.581
v -17.896 26.739 -9.579
v 25.0 29.527 7.562
v 25.0 29.852 7.184
v 25.0 28.299 8.38
v -17.504 26.693 -9.358
v 25.0 28.099 8.562
v 25.0 26.543 9.251
v 25.0 26.519 9.299
v 25.0 24.836 9.75
v 25.0 24.65 9.763
v -18.528 27.004 -9.253
v -17.896 27.015 -9.249
v -18.561 27.051 -9.524
v 35.5 14.961 -3.06
v -17.896 26.7 -9.355
v 25.0 22.878 9.883
v 25.0 22.695 9.895
v 25.0 22.011 9.807
v 19.8 0.5 -6.5
v -19.17 27.016 -9.53
v 9.786 25.619 -9.72
v 9.786 25.629 -9.775
v 9.868 25.6 -9.726
v 9.632 25.663 -9.705
v 9.593 25.686 -9.765
v 9.426 25.751 -9.753
v -18.817 26.666 -9.367
v -19.201 26.624 -9.381
v -18.817 26.704 -9.585
v -18.528 26.682 -9.361
v 25.0 21.169 9.698
v 25.0 20.75 9.644
v 25.0 19.91 9.361
v 39.298 29.74 2.896
v 39.298 29.97 2.402
v 38.499 30.298 2.522
v 38.499 29.733 3.732
v 25.0 19.555 9.241
v 25.0 18.893 9.018
v 25.0 18.102 8.563
v -18.561 27.003 -9.253
v 39.298 29.431 3.557
v 25.0 15.716 6.752
v 25.0 16.671 7.562
v 25.0 17.193 8.041
v 39.298 29.119 4.004
v 38.499 28.967 4.826
v 37.045 30.193 3.998
v -19.552 26.929 -9.278
v -19.17 26.969 -9.264
v -19.721 26.956 -9.541
v 25.0 18.096 8.56
v 37.045 29.374 5.167
v 39.298 28.7 4.602
v -19.205 26.661 -9.593
v 25.0 23.099 9.902
v 25.0 21.363 9.75
v 38.499 30.643 1.232
v 37.045 30.797 2.704
v 25.0 19.679 9.299
v 25.0 18.099 8.562
v 9.063 25.995 -9.71
v 19.524 0.345 -5.524
v 19.524 0.345 6.427
v 19.5 0.5 6.4
v 9.593 25.675 -9.701
v 9.157 25.906 -9.726
v 32.182 27.798 8.04
v 33.875 28.925 6.845
v 32.182 29.139 7.1
v 9.426 25.738 -9.679
v 9.28 25.81 -9.655
v -19.857 26.523 -9.617
v -20.117 26.432 -9.633
v 35.5 30.599 4.232
v 35.5 31.237 2.864
v 9.157 25.889 -9.629
v 30.435 29.308 7.301
v 30.435 27.929 8.267
v 9.12 25.923 -9.617
v -20.221 26.834 -9.31
v -20.576 26.756 -9.336
v 30.435 30.499 6.111
v 28.647 29.429 7.446
v -19.721 26.911 -9.284
v 9.084 26.455 -9.629
v 39.298 30.347 -0.825
v 39.939 25.502 6.503
v 39.9 25.55 6.503
v 39.849 25.518 6.547
v 9.007 26.095 -9.693
v -19.553 26.6 -9.604
v -19.552 26.564 -9.401
v -19.205 26.624 -9.381
v 39.849 25.612 6.503
v 26.83 29.503 7.533
v 26.83 28.08 8.529
v 28.647 28.023 8.431
v 8.989 26.179 -9.531
v 8.992 26.164 -9.536
v 39.849 24.327 6.866
v 9.067 26.38 -9.463
v 9.007 26.073 -9.567
v 9.084 26.423 -9.449
v 39.298 26.755 6.234
v 38.499 26.929 6.536
v 39.298 26.261 6.464
v 9.063 25.975 -9.599
v -20.334 26.299 -9.491
v -20.334 26.327 -9.652
v 38.499 25.719 7.1
v 19.595 0.206 -5.595
v -20.509 26.181 -9.53
v 39.298 26.178 6.503
v -29.605 14.743 -5.706
v -20.576 26.115 -9.552
v -20.509 26.206 -9.673
v 10.144 25.542 -9.746
v 9.995 25.571 -9.736
v 37.045 28.365 6.177
v 35.5 27.429 7.402
v 37.045 27.195 6.996
v -29.676 14.823 -5.845
v 37.045 25.901 7.599
v 4.339 26.217 -9.671
v 6.105 25.263 -9.84
v 6.069 25.264 -9.839
v -20.117 26.401 -9.456
v 32.182 26.313 8.732
v 32.182 24.731 9.156
v 33.875 26.199 8.418
v 33.875 24.673 8.827
v -20.643 26.049 -9.575
v -20.643 26.071 -9.697
v 35.5 26.061 8.04
v -19.857 26.489 -9.426
v -19.553 26.564 -9.401
v 40.335 24.708 6.503
v 39.298 27.799 5.503
v 33.875 27.631 7.751
v 38.499 28.023 5.77
v -21.049 26.658 -9.593
v -20.664 26.777 -9.572
v 39.298 27.352 5.816
v -21.653 26.365 -9.645
v 4.486 27.031 -9.528
v 6.652 25.301 -9.827
v 6.701 25.263 -9.84
v 6.507 25.413 -9.789
v 6.065 25.263 -9.84
v 4.367 26.192 -9.676
v 6.064 25.262 -9.84
v 39.298 30.111 -2.073
v 39.298 30.3 -1.368
v 5.024 26.566 -9.4
v 4.949 26.624 -9.381
v 4.486 26.984 -9.26
v 30.435 26.403 8.979
v 40.558 24.263 6.503
v 30.435 24.776 9.414
v -20.664 26.737 -9.343
v 40.3 24.0 6.66
v 28.647 24.809 9.6
v -21.038 26.624 -9.381
v -21.049 26.621 -9.382
v 28.647 26.467 9.156
v -29.2 14.625 -5.5
v -29.355 14.639 -5.524
v 38.499 30.643 -1.428
v -20.811 25.587 -9.782
v -20.793 25.761 -9.752
v -20.809 25.6 -9.726
v -20.736 25.922 -9.723
v -20.793 25.748 -9.676
v 39.298 30.411 -0.098
v 38.499 30.76 -0.098
v 26.83 26.506 9.263
v 39.298 30.363 0.445
v -20.736 25.904 -9.623
v 37.045 31.166 1.324
v 39.298 30.3 1.172
v 39.298 30.159 1.698
v 5.024 25.627 -9.717
v 5.056 25.6 -9.726
v -28.906 14.68 -5.595
v 37.045 31.166 -1.521
v 37.045 31.291 -0.098
v -21.382 26.486 -9.427
v -21.382 26.52 -9.618
v -21.6 26.365 -9.468
v 26.83 24.829 9.713
v 26.83 23.099 9.864
v 4.114 26.427 -9.634
v 4.071 26.468 -9.627
v 4.159 26.386 -9.641
v 4.145 26.368 -9.467
v 4.114 26.396 -9.458
v 4.159 26.356 -9.471
v 4.071 26.436 -9.444
v 4.038 26.469 -9.433
v 4.03 26.51 -9.619
v 4.03 26.477 -9.43
v -29.045 14.639 -5.524
v 39.298 29.013 -4.351
v 39.298 28.7 -4.798
v 38.499 28.967 -5.022
v 38.499 29.733 -3.928
v 4.198 26.318 -9.484
v 3.992 26.554 -9.612
v 39.298 29.431 -3.754
v 38.499 30.298 -2.718
v 39.298 29.97 -2.599
v 39.298 29.662 -3.26
v 33.875 23.099 8.965
v 32.182 21.467 9.156
v 33.875 21.525 8.827
v -22.14 25.585 -9.783
v 32.182 23.099 9.299
v 4.0 26.511 -9.419
v 38.499 28.023 -5.966
v 37.045 29.374 -5.364
v 37.045 30.193 -4.194
v 30.435 23.099 9.561
v 30.435 21.422 9.414
v 4.234 26.31 -9.655
v 4.306 26.245 -9.666
v 37.045 30.797 -2.9
v 28.647 23.099 9.75
v 28.647 21.389 9.6
v 4.339 26.192 -9.527
v 4.367 26.167 -9.535
v 4.268 26.276 -9.661
v 4.306 26.219 -9.517
v 4.268 26.249 -9.507
v 4.259 26.257 -9.504
v 39.298 27.799 -5.699
v 39.298 27.202 -6.118
v 4.234 26.282 -9.496
v 4.225 26.291 -9.493
v 4.198 26.347 -9.648
v 37.045 28.365 -6.373
v -30.7 0.024 6.78
v 19.706 0.095 6.627
v 39.849 26.033 -6.503
v 40.34 25.431 -6.503
v 39.849 25.518 -6.743
v 32.182 19.885 8.732
v 33.875 19.999 8.418
v 38.499 25.719 -7.297
v 38.499 26.929 -6.732
v 4.434 26.112 -9.553
v 39.298 26.599 -6.503
v 32.182 18.401 8.04
v 33.875 18.568 7.751
v 3.346 27.031 -9.528
v 6.26 25.263 -9.84
v 39.298 26.755 -6.43
v -28.724 0.976 -6.155
v -28.724 15.075 -6.155
v -28.7 14.94 -6.0
v 6.226 25.264 -9.839
v 3.921 26.638 -9.597
v 30.435 19.795 8.979
v 30.435 18.27 8.267
v -21.653 26.336 -9.478
v 6.132 25.265 -9.839
v -22.017 26.004 -9.709
v -21.863 26.192 -9.676
v -22.017 25.984 -9.597
v -22.109 25.787 -9.663
v -22.109 25.801 -9.744
v -21.863 26.167 -9.535
v 32.182 17.059 7.1
v 37.045 27.195 -7.192
v -28.724 0.976 -5.845
v -28.724 14.823 -5.845
v -28.795 14.743 -5.706
v 37.045 25.901 -7.796
v 5.349 25.362 -9.822
v 30.435 16.89 7.301
v 5.935 25.263 -9.84
v 6.048 25.263 -9.84
v 5.571 25.264 -9.839
v 33.875 17.273 6.845
v -22.137 25.6 -9.726
v 5.469 25.264 -9.839
v -28.714 14.859 -5.907
v -28.7 1.0 -6.0
v 28.647 18.175 8.431
v 35.5 28.666 -6.732
v 28.647 19.731 9.156
v 5.349 25.359 -9.807
v -20.793 25.414 -9.813
v -20.793 25.41 -9.79
v 4.0 25.359 -9.807
v 40.941 24.228 -6.503
v 40.3 24.0 -6.856
v 39.849 24.327 -7.062
v -20.744 25.265 -9.839
v -20.788 25.265 -9.839
v 40.182 23.997 -6.918
v 28.647 16.769 7.446
v 20.384 27.107 -9.218
v 6.048 27.063 -9.233
v 3.346 26.984 -9.26
v 39.849 23.988 -7.092
v 40.792 24.525 -6.503
v -20.74 25.265 -9.839
v -20.74 25.266 -9.839
v -20.744 25.274 -9.836
v 38.499 24.429 -7.642
v 38.97 23.965 -7.477
v -21.6 25.263 -9.84
v 22.432 25.25 -9.844
v 26.83 19.692 9.263
v 26.83 18.118 8.529
v 37.045 24.522 -8.165
v 26.83 16.696 7.533
v 17.042 25.25 -9.844
v 26.83 21.369 9.713
v 36.773 23.809 -8.31
v 36.382 23.744 -8.435
v -20.741 25.268 -9.838
v -20.811 25.578 -9.733
v 35.5 29.733 5.469
v 35.5 28.666 6.536
v -22.109 25.371 -9.82
v -22.045 25.264 -9.839
v -22.061 25.265 -9.839
v -21.938 25.262 -9.84
v -21.979 25.263 -9.84
v 33.875 30.042 5.728
v -21.661 25.263 -9.84
v 35.5 31.628 -1.602
v 35.5 31.237 -3.06
v 35.5 31.759 -0.098
v 13.216 25.25 -9.844
v 35.5 31.628 1.406
v 19.3 1.0 -6.0
v 19.3 14.94 -6.0
v 33.875 32.025 -1.672
v 33.875 32.025 1.476
v -22.109 25.368 -9.804
v -22.14 25.576 -9.734
v 35.5 30.599 -4.428
v 35.5 29.733 -5.665
v -24.332 25.264 -9.839
v -24.332 25.263 -9.84
v -24.332 27.02 -9.53
v 33.875 31.616 -3.198
v 33.875 30.948 -4.63
v 28.647 15.555 6.232
v -25.849 27.02 -9.53
v -24.332 26.973 -9.263
v 35.5 24.603 -8.627
v 35.5 26.061 -8.236
v 35.5 27.429 -7.598
v 38.499 21.769 7.446
v 38.499 20.479 7.1
v 37.045 20.297 7.599
v 37.045 21.677 7.969
v 33.875 28.925 -7.041
v 33.875 30.042 -5.924
v 35.446 22.412 8.516
v 34.956 22.572 8.651
v 35.5 21.595 8.431
v 35.5 20.137 8.04
v 38.446 35.5 -24.524
v 38.591 35.5 -24.69
v 39.125 35.5 -24.515
v 36.773 35.5 -24.595
v 46.006 24.998 -24.845
v 20.405 0.794 -5.595
v 38.446 23.951 -24.524
v 36.773 22.5 25.405
v 35.177 22.5 25.0
v 38.446 22.5 25.476
v 35.446 22.5 25.294
v 34.594 22.5 25.155
v 34.3 22.5 25.0
v 34.594 22.5 24.845
v 39.298 35.5 25.0
v 38.446 35.5 24.524
v 38.446 35.5 25.476
v 36.773 35.5 24.595
v 36.773 35.5 25.405
v 35.446 35.5 25.294
v 34.594 35.5 24.845
v 34.594 35.5 25.155
v 42.154 24.998 -24.524
v 43.827 24.998 -24.595
v 45.154 23.588 -24.706
v 40.3 22.5 25.5
v 40.167 24.998 25.498
v 36.773 23.809 -24.595
v 19.324 14.823 -5.845
v 19.324 0.976 -5.845
v 40.3 24.0 -24.5
v 34.594 23.309 -24.845
v 35.446 23.588 -24.706
v 34.3 23.0 25.0
v 34.3 35.5 25.0
v -25.849 26.973 -9.263
v 45.154 23.588 6.998
v 46.006 23.309 6.998
v 46.006 23.309 6.503
v 45.154 23.588 6.503
v 36.773 22.191 25.0
v 38.446 22.049 25.0
v 46.3 23.0 6.998
v 46.3 23.0 6.503
v 35.446 22.412 25.0
v 46.006 22.691 6.503
v 46.006 22.691 6.998
v 45.154 22.412 6.998
v 45.154 22.412 6.503
v -28.909 25.264 -9.839
v 3.744 26.41 -9.453
v 3.772 26.439 -9.443
v 40.797 23.987 6.998
v 42.154 23.951 6.998
v 42.154 23.951 6.503
v -25.539 26.112 -9.69
v -25.535 26.138 -9.685
v -25.579 25.783 -9.748
v -25.452 26.525 -9.617
v -25.501 26.323 -9.652
v 43.827 23.809 6.998
v 43.827 23.809 6.503
v 43.827 22.191 6.998
v 43.827 22.191 6.503
v 42.154 22.049 6.998
v 42.154 22.049 6.503
v 38.499 24.429 7.446
v -25.502 26.525 -9.617
v 40.797 22.013 6.998
v 2.363 25.264 -9.839
v -25.548 26.027 -9.582
v -25.535 26.112 -9.553
v 37.045 24.522 7.969
v 39.849 22.012 6.878
v -25.478 26.423 -9.635
v 37.928 23.907 7.7
v 25.0 28.807 -8.241
v 25.0 32.351 -3.643
v 39.849 23.988 6.896
v -25.501 26.295 -9.492
v -25.478 26.392 -9.459
v 19.506 0.794 -5.595
v 19.506 14.68 -5.595
v 19.395 0.905 -5.706
v 35.5 24.603 8.431
v -25.522 26.224 -9.67
v -25.522 26.198 -9.524
v -25.535 26.115 -9.553
v 40.469 23.619 7.0
v 40.469 23.619 6.998
v 40.499 23.653 7.0
v 40.298 23.0 7.0
v 40.298 23.0 6.998
v 40.469 22.381 7.0
v 40.469 22.381 6.998
v 20.294 0.905 -5.706
v 40.616 22.215 7.0
v 35.5 23.597 8.519
v 36.16 23.707 8.309
v 34.594 23.309 8.768
v -25.452 26.491 -9.426
v -25.502 26.491 -9.426
v 35.446 35.5 24.706
v 45.154 23.588 -6.503
v 46.006 23.309 -6.503
v 46.006 23.309 -6.798
v 45.154 23.588 -6.798
v 36.773 23.809 24.595
v 38.446 23.951 24.524
v 46.3 23.0 -6.503
v 46.3 23.0 -6.798
v 39.591 24.998 24.69
v 39.298 24.998 25.0
v -25.696 26.395 -9.458
v -26.72 25.888 -9.629
v -25.691 26.398 -9.457
v 19.565 0.735 -5.565
v 19.524 0.655 6.427
v 19.595 0.794 -5.55
v 35.446 23.588 24.706
v 34.594 23.309 24.845
v 46.006 22.691 -6.503
v 46.006 22.691 -6.798
v -25.096 25.263 -9.84
v 46.129 22.656 -6.9
v 46.129 23.244 -6.9
v 45.632 22.392 -6.9
v -25.548 26.048 -9.701
v -25.562 25.955 -9.717
v 45.154 22.412 -6.503
v 45.154 22.412 -6.798
v 46.3 22.95 -6.9
v 45.632 23.508 -6.9
v 44.857 23.719 -6.9
v 19.395 15.197 -6.294
v 35.177 22.5 24.75
v -25.562 25.937 -9.613
v 34.594 22.691 24.845
v -25.573 25.866 -9.733
v 34.594 22.691 8.751
v -25.581 25.694 -9.694
v -25.581 25.706 -9.761
v -25.581 25.6 -9.726
v -25.579 25.769 -9.669
v -25.573 25.85 -9.642
v 40.797 23.987 -6.798
v 40.797 23.987 -22.803
v 34.394 23.099 8.836
v 42.154 23.951 -6.798
v 42.154 23.951 -6.503
v -26.554 26.624 -9.381
v -26.72 26.542 -9.409
v 19.395 14.743 -5.706
v 43.827 23.809 -6.503
v 43.827 23.809 -6.798
v 43.882 23.854 -6.9
v 43.882 22.046 -6.9
v 42.8 23.9 -6.9
v 38.499 22.048 7.47
v 38.774 22.04 7.35
v 37.507 22.129 7.84
v 38.446 22.049 7.49
v 44.857 22.181 -6.9
v 42.8 22.0 -6.9
v 44.857 22.181 -22.8
v 40.3 22.0 25.0
v 20.405 0.206 -5.595
v 37.045 22.168 8.012
v 36.773 22.191 8.096
v 20.294 0.095 -5.706
v 43.827 22.191 -6.503
v 43.827 22.191 -6.798
v 42.154 22.049 -6.503
v 42.154 22.049 -6.798
v -25.581 25.265 -9.839
v -25.58 25.263 -9.84
v 19.706 0.905 -5.515
v -27.982 25.263 -9.839
v -28.793 25.263 -9.839
v -27.982 25.264 -9.839
v -29.3 25.264 -9.839
v 40.797 22.013 -22.803
v 40.797 22.013 -6.798
v 36.773 23.809 8.114
v -27.962 25.273 -9.836
v 37.045 23.832 8.029
v 38.446 23.951 7.507
v 38.499 23.952 7.488
v -28.768 27.107 -9.218
v 39.849 22.012 -7.074
v -12.204 26.973 -9.263
v 37.045 22.168 -8.208
v 38.167 22.073 -7.79
v -12.204 26.775 -9.33
v 38.446 22.049 -7.686
v 39.465 23.978 7.064
v 19.706 0.095 -5.706
v 19.595 0.206 6.505
v 40.3 24.0 24.5
v 36.209 22.285 8.276
v 35.5 22.403 8.501
v 34.3 23.0 8.851
v 36.773 22.191 -8.293
v 35.446 23.588 8.533
v 20.155 0.024 -5.845
v 37.694 23.887 -7.984
v 19.845 0.024 -5.845
v 45.154 22.5 25.294
v 45.423 22.5 25.0
v 46.006 22.5 25.155
v 46.006 22.5 24.845
v 43.827 22.5 25.405
v 42.154 22.5 25.476
v 39.591 35.5 25.31
v 40.167 35.5 25.498
v 46.006 24.998 24.845
v 45.154 24.998 24.706
v 45.154 24.998 25.294
v 46.006 24.998 25.155
v 46.3 24.998 25.0
v 19.5 0.5 -5.5
v 39.591 24.998 25.31
v 38.446 23.951 -7.703
v 37.045 23.832 -8.226
v 40.3 24.998 25.5
v 42.154 24.998 25.476
v 42.154 24.998 24.524
v 40.3 24.998 24.5
v 40.167 24.998 24.502
v 43.827 24.998 24.595
v 43.827 24.998 25.405
v -28.724 0.024 -6.155
v 46.3 22.5 25.0
v 46.3 23.0 25.0
v 42.154 22.049 25.0
v 43.827 22.191 25.0
v 45.154 22.412 25.0
v 39.591 35.5 24.69
v 40.167 35.5 24.502
v 20.476 0.345 -5.524
v 38.499 23.952 -7.684
v 42.154 23.951 24.524
v 46.006 23.309 24.845
v 45.154 23.588 24.706
v 45.154 23.588 23.003
v 46.006 23.309 23.003
v 46.3 23.0 23.003
v 46.006 22.691 24.845
v 46.006 22.691 23.003
v 45.423 22.5 24.75
v 45.154 22.412 23.003
v 20.286 14.859 -5.907
v 43.827 22.191 23.003
v 43.827 23.809 23.003
v 43.827 23.809 24.595
v 40.797 23.987 23.003
v 42.154 23.951 23.003
v 40.743 22.181 -6.9
v 40.616 22.215 -6.9
v 40.616 22.215 -22.8
v 42.154 22.049 23.003
v 40.797 22.013 23.003
v 41.718 22.046 -6.9
v 41.718 23.854 -6.9
v 19.314 14.859 -5.907
v 40.469 23.619 23.003
v 40.469 23.619 23.0
v 40.499 23.653 23.0
v 40.298 23.0 23.0
v 40.298 23.0 23.003
v 40.469 22.381 23.003
v 40.469 22.381 23.0
v 40.499 23.653 -6.9
v 40.469 23.619 -6.9
v 40.743 23.719 -6.9
v 40.351 23.193 -6.9
v 40.367 23.099 -6.9
v 40.33 22.883 -6.9
v 40.469 22.381 -6.9
v 40.616 22.215 23.0
v 40.563 23.099 -6.798
v 40.41 22.593 -6.833
v 40.469 22.54 -6.798
v 46.3 22.95 23.0
v 46.129 23.244 23.0
v 46.129 22.656 23.0
v 40.469 23.619 -6.802
v 40.475 23.626 -6.798
v 45.632 23.508 23.0
v 44.857 23.719 23.0
v 45.632 22.392 23.0
v 43.882 23.854 23.0
v 44.857 22.181 23.0
v 42.8 23.9 23.0
v 42.8 22.0 23.0
v 43.882 22.046 23.0
v 40.452 22.441 -6.798
v 41.718 22.046 23.0
v 41.718 23.854 23.0
v 40.743 22.181 23.0
v 40.743 23.719 23.0
v 19.524 0.655 -5.524
v 40.469 22.381 -6.798
v -28.795 0.095 -6.294
v 46.129 23.244 7.0
v 44.857 22.181 7.0
v 4.0 14.859 -5.907
v 19.3 13.882 -4.207
v 25.0 13.882 -4.207
v 42.8 23.9 7.0
v 41.718 23.854 7.0
v 35.446 22.412 -8.712
v 46.129 22.656 7.0
v 34.594 22.691 -24.845
v 35.177 22.5 -24.75
v 34.3 23.0 -9.047
v 42.8 22.0 7.0
v 43.882 22.046 7.0
v 44.857 23.719 7.0
v 43.882 23.854 7.0
v 33.875 24.673 -9.023
v 34.394 23.099 -9.032
v 34.594 23.309 -8.964
v 35.109 23.478 -8.822
v 35.446 23.588 -8.729
v 35.5 23.597 -8.715
v 19.645 0.844 -5.524
v 46.3 22.95 7.0
v 25.0 13.256 -2.35
v -29.7 13.882 -4.207
v 40.743 22.181 7.0
v 25.0 16.148 -7.384
v 41.718 22.046 7.0
v 25.0 14.859 -5.907
v 46.129 23.244 -22.8
v 44.857 23.719 -22.8
v 45.632 22.392 7.0
v 43.882 23.854 -22.8
v 42.8 23.9 -22.8
v 45.632 23.508 7.0
v 43.882 22.046 -22.8
v 40.743 23.719 7.0
v -30.7 0.206 6.505
v -30.7 0.345 6.427
v -28.768 16.148 -7.384
v -30.7 0.5 6.4
v -28.795 15.197 -6.294
v 25.0 14.52 5.199
v 25.0 32.118 4.007
v -30.7 0.655 6.427
v 25.0 21.35 -9.963
v 2.189 25.2 -9.85
v 2.272 25.2 -9.85
v 2.086 25.038 -9.879
v 1.006 24.149 -10.036
v 1.952 25.205 -9.85
v 2.152 25.201 -9.85
v 41.718 22.046 -22.8
v 42.8 22.0 -22.8
v -31.7 24.14 -9.987
v -31.7 25.207 -9.85
v -31.7 24.149 -10.036
v -28.947 25.204 -9.85
v 40.743 23.719 -22.8
v -30.5 24.653 -9.947
v 40.499 23.653 -22.8
v -28.972 25.204 -9.85
v 43.827 23.809 -24.595
v -30.7 0.095 6.627
v 2.086 25.037 -9.872
v 1.952 24.925 -9.886
v 46.006 23.309 -24.845
v 5.746 25.037 -9.872
v 1.864 25.206 -9.85
v 1.054 25.206 -9.85
v 45.154 23.588 -22.803
v 45.632 23.508 -22.8
v 1.006 24.14 -9.987
v -0.274 24.14 -9.987
v 46.006 23.309 -22.803
v -0.274 24.149 -10.036
v -0.096 24.283 -9.969
v -2.913 25.2 -9.85
v -2.341 25.207 -9.85
v -3.546 24.149 -10.036
v 46.3 23.0 -22.803
v 25.0 32.947 -1.835
v 25.0 32.863 -1.75
v 25.0 33.099 -0.098
v -2.348 25.2 -9.85
v -2.368 25.182 -9.853
v -3.141 25.198 -9.851
v 25.0 32.995 0.205
v 45.632 22.392 -22.8
v 46.129 22.656 -22.8
v 25.0 32.947 1.638
v 46.3 22.95 -22.8
v 46.006 22.691 -24.845
v 46.006 22.691 -22.803
v -3.913 24.852 -9.912
v -3.814 24.965 -9.892
v -4.004 24.745 -9.931
v 25.0 32.496 3.322
v 25.0 32.744 2.15
v 25.0 31.759 4.902
v -3.404 25.203 -9.85
v -3.576 25.197 -9.851
v -3.57 25.2 -9.85
v 25.0 31.141 5.707
v 25.0 30.76 6.33
v 45.423 22.5 -24.75
v -3.168 25.198 -9.851
v -4.171 24.543 -9.966
v -3.264 25.2 -9.85
v 45.154 22.412 -22.803
v -30.467 25.164 -9.857
v -30.463 25.206 -9.85
v -30.462 25.2 -9.85
v 43.827 22.191 -22.803
v -4.09 24.636 -9.923
v -4.054 24.681 -9.917
v -4.09 24.641 -9.949
v -4.004 24.741 -9.91
v -4.006 24.739 -9.91
v 42.154 23.951 -24.524
v -3.915 24.847 -9.896
v -30.465 25.206 -9.85
v 42.154 23.951 -22.803
v 25.0 15.439 6.33
v -30.461 25.2 -9.85
v 25.0 14.439 4.902
v -30.478 25.088 -9.865
v -30.48 25.078 -9.872
v -30.475 25.111 -9.862
v -30.467 25.164 -9.855
v 25.0 13.702 3.322
v 25.0 13.649 3.443
v -30.474 25.12 -9.861
v -30.474 25.121 -9.864
v 43.827 23.809 -22.803
v -3.572 25.2 -9.85
v 25.0 32.496 -3.518
v 25.0 31.48 -5.399
v 25.0 31.759 -5.098
v -3.573 25.2 -9.85
v 20.0 0.0 -6.0
v 25.0 25.186 -9.852
v 25.0 25.25 -9.844
v 25.0 25.379 -9.8
v 42.154 22.049 -22.803
v -3.702 25.08 -9.872
v 25.0 27.107 -9.218
v 25.0 26.519 -9.495
v 25.0 28.099 -8.758
v -4.092 24.634 -9.924
v 25.0 29.527 -7.759
v 25.0 30.284 -6.952
v 25.0 30.76 -6.526
v -4.14 24.576 -9.931
v -29.045 0.345 -6.476
v -3.913 24.849 -9.896
v -3.913 24.85 -9.896
v -3.815 24.962 -9.881
v 25.0 19.457 -9.451
v 25.0 17.701 -8.58
v -3.814 24.963 -9.881
v -3.702 25.079 -9.866
v -29.418 25.204 -9.85
v -29.065 25.204 -9.85
v -29.033 25.203 -9.85
v 25.0 23.305 -10.095
v -29.792 25.012 -9.875
v -30.304 24.749 -9.909
v -30.48 25.077 -9.866
v 40.743 22.181 -22.8
v 41.718 23.854 -22.8
v 40.469 22.381 -22.8
v 40.298 23.0 -22.8
v 40.469 23.619 -22.8
v 25.0 13.137 1.55
v -4.171 24.538 -9.936
v -3.546 24.14 -9.987
v 40.469 23.619 -22.803
v -4.192 24.566 -9.932
v -4.173 24.541 -9.936
v -30.493 24.991 -9.887
v -30.489 25.019 -9.882
v -30.493 24.989 -9.878
v 40.298 23.0 -22.803
v 40.469 22.381 -22.803
v -4.535 24.967 -9.892
v -4.765 25.191 -9.852
v -4.654 25.086 -9.87
v -4.763 25.189 -9.852
v 25.0 13.005 -0.405
v -30.651 25.203 -9.85
v -30.582 25.21 -9.849
v -4.33 24.745 -9.931
v -4.429 24.852 -9.912
v -4.786 25.189 -9.852
v -4.765 25.19 -9.852
v -4.806 24.149 -10.036
v -30.473 25.206 -9.85
v -30.816 25.204 -9.85
v 28.647 32.947 -0.098
v 26.83 33.061 -0.098
v 26.83 32.91 1.632
v 28.647 32.798 1.612
v -30.487 25.034 -9.88
v 28.647 32.798 -1.808
v 26.83 32.91 -1.828
v -6.019 25.207 -9.85
v -34.0 20.75 9.644
v -34.0 22.695 9.895
v -34.0 18.893 9.018
v -34.0 17.193 8.041
v -34.0 24.65 9.763
v -34.0 26.543 9.251
v -34.0 28.299 8.38
v -34.0 29.852 7.184
v -30.55 24.653 -9.947
v -30.487 25.033 -9.872
v -5.999 25.189 -9.852
v -30.5 24.948 -9.895
v 33.875 31.616 3.002
v -29.2 0.5 -6.5
v -4.655 25.086 -9.865
v -4.654 25.085 -9.865
v 33.875 30.948 4.433
v -4.536 24.966 -9.881
v -4.535 24.965 -9.881
v -4.431 24.851 -9.895
v -4.429 24.849 -9.896
v -4.332 24.744 -9.909
v -30.514 24.848 -9.896
v -30.514 24.851 -9.912
v -30.5 24.946 -9.883
v -4.33 24.741 -9.91
v -30.517 24.832 -9.898
v -30.531 24.75 -9.908
v -30.531 24.752 -9.929
v -4.327 24.738 -9.91
v 32.182 31.237 4.6
v -4.244 24.636 -9.923
v -4.244 24.641 -9.949
v -4.246 24.639 -9.923
v -4.199 24.576 -9.931
v 32.182 30.298 5.942
v 28.647 30.643 6.232
v -30.55 24.649 -9.922
v -30.55 24.651 -9.921
v -4.806 24.14 -9.987
v 32.182 31.929 3.116
v -30.5 24.649 -9.922
v -9.804 25.203 -9.85
v -9.804 25.149 -9.857
v -9.804 24.427 -9.987
v -9.804 25.046 -9.87
v 24.3 24.149 -10.036
v 24.3 25.207 -9.85
v 24.3 24.576 -9.931
v 24.3 24.453 -9.947
v 24.3 24.14 -9.987
v 23.412 25.201 -9.85
v 23.05 24.459 -9.981
v 23.05 25.2 -9.85
v 30.435 32.176 3.206
v 30.435 31.464 4.732
v 23.05 25.199 -9.851
v -30.531 24.748 -9.909
v 23.05 24.576 -9.931
v -28.906 0.206 -6.405
v 21.841 24.149 -10.036
v 21.119 24.159 -10.034
v 21.841 24.14 -9.987
v -31.236 25.207 -9.85
v 23.05 24.453 -9.947
v 28.647 31.628 4.826
v 28.647 32.353 3.27
v -30.173 24.14 -9.987
v 21.97 24.459 -9.981
v 26.83 32.46 3.309
v 26.83 31.726 4.883
v 26.83 30.73 6.305
v -8.644 24.349 -10.001
v -8.644 24.149 -10.036
v -9.804 24.421 -9.951
v -8.644 24.342 -9.961
v -8.644 24.14 -9.987
v 20.883 24.491 -9.975
v 21.97 24.453 -9.947
v 21.932 24.454 -9.947
v 21.119 24.151 -9.986
v 20.448 24.181 -9.982
v -11.053 25.203 -9.85
v -11.053 24.427 -9.987
v -11.053 25.059 -9.869
v -12.204 24.149 -10.036
v -12.204 24.349 -10.001
v 33.875 16.156 5.728
v -11.053 24.421 -9.951
v -11.053 25.046 -9.87
v 30.435 15.7 6.111
v 32.182 15.901 5.942
v 33.875 14.583 3.002
v 32.182 14.961 4.6
v 6.048 24.789 -9.904
v 6.837 24.14 -9.987
v -31.7 26.973 -9.263
v -31.7 27.02 -9.53
v -31.7 25.263 -9.84
v -30.441 25.444 -9.779
v -30.441 27.02 -9.53
v -30.441 26.973 -9.263
v -30.441 25.449 -9.807
v 20.448 24.189 -10.029
v 32.182 14.269 3.116
v -31.212 25.263 -9.84
v -30.816 25.264 -9.839
v -30.442 25.413 -9.813
v 30.435 14.734 4.732
v 20.384 24.186 -9.981
v -28.807 25.264 -9.839
v 30.435 14.022 3.206
v -28.869 25.264 -9.839
v 28.647 13.845 3.27
v -30.45 25.336 -9.827
v -30.528 25.262 -9.84
v -30.59 25.264 -9.839
v -30.463 25.262 -9.84
v -30.445 25.375 -9.82
v 28.647 14.57 4.826
v -30.454 25.266 -9.839
v -30.457 25.262 -9.84
v -30.459 25.262 -9.84
v -30.454 25.265 -9.839
v -30.452 25.295 -9.834
v 20.883 24.485 -9.943
v 20.854 24.489 -9.942
v -30.453 25.287 -9.832
v 26.83 15.468 6.305
v -30.442 25.409 -9.79
v -30.445 25.372 -9.803
v -30.452 25.294 -9.829
v -30.45 25.334 -9.816
v 26.83 13.738 3.309
v 26.83 14.472 4.883
v 20.384 24.539 -9.936
v 24.3 25.263 -9.84
v 24.3 27.02 -9.53
v 24.3 26.973 -9.263
v 23.443 25.264 -9.839
v 23.05 25.265 -9.839
v 23.05 26.707 -9.585
v 33.875 32.162 -0.098
v 23.05 26.668 -9.366
v 32.182 32.496 -0.098
v 32.182 32.353 1.534
v 32.182 32.353 -1.73
v 21.198 26.662 -9.368
v 20.907 26.963 -9.267
v 32.182 31.237 -4.797
v 20.915 26.963 -9.267
v 32.182 31.929 -3.312
v 21.391 26.97 -9.264
v 21.573 26.973 -9.263
v -29.676 0.976 -6.155
v -29.676 15.075 -6.155
v -29.605 0.905 -6.294
v -29.7 14.94 -6.0
v 21.702 26.668 -9.366
v -29.494 14.68 -5.595
v -29.494 15.294 -6.405
v -29.355 15.356 -6.476
v -29.494 0.794 -6.405
v 30.435 32.612 -1.775
v 30.435 32.758 -0.098
v 30.435 32.612 1.579
v 32.182 30.298 -6.138
v 30.435 32.176 -3.402
v 30.435 31.464 -4.928
v 28.647 31.628 -5.022
v 28.647 32.353 -3.466
v -29.2 15.377 -6.5
v 26.83 32.46 -3.505
v -29.605 15.197 -6.294
v -29.686 14.859 -5.907
v 26.83 31.726 -5.079
v 18.546 25.201 -9.85
v 18.55 25.198 -9.851
v 18.791 24.97 -9.891
v 32.182 29.139 -7.297
v 30.435 29.308 -7.498
v 30.435 30.499 -6.307
v 28.647 30.643 -6.428
v 28.647 29.429 -7.642
v 26.83 29.503 -7.729
v 26.83 30.73 -6.502
v 18.386 25.201 -9.85
v 18.358 25.201 -9.85
v 19.292 24.744 -9.909
v 19.292 24.748 -9.93
v 18.791 24.968 -9.88
v 18.55 25.197 -9.851
v 18.557 25.191 -9.852
v 33.875 26.199 -8.615
v 33.875 27.631 -7.947
v 3.851 26.555 -9.611
v 3.772 26.471 -9.626
v 18.336 25.201 -9.85
v 32.182 27.798 -8.236
v 18.579 25.17 -9.854
v 32.182 24.731 -9.352
v 32.182 26.313 -8.928
v 32.182 23.099 -9.495
v 30.435 24.776 -9.611
v 20.047 24.576 -9.931
v 19.991 24.587 -9.958
v 19.991 24.582 -9.93
v 19.971 24.587 -9.93
v -34.0 15.716 6.752
v 30.435 26.403 -9.175
v -29.676 0.024 -6.155
v 19.828 24.239 -10.02
v -29.494 0.206 -6.405
v 30.435 27.929 -8.463
v -29.605 0.095 -6.294
v 17.526 25.199 -9.851
v 17.84 25.199 -9.851
v 3.2 26.87 -9.298
v 3.887 26.597 -9.604
v 19.5 15.886 6.9
v 19.523 15.716 6.752
v 28.647 24.809 -9.797
v 28.647 26.467 -9.352
v 19.36 24.291 -9.968
v 19.263 24.311 -10.007
v 19.828 24.231 -9.975
v 28.647 28.023 -8.627
v 19.263 24.304 -9.966
v 18.761 24.404 -9.991
v 20.477 15.716 6.752
v 20.5 15.886 6.9
v 20.476 15.711 6.745
v 3.887 26.561 -9.402
v 3.955 26.561 -9.402
v 3.955 26.597 -9.604
v 18.761 24.397 -9.954
v 18.336 24.507 -9.94
v 26.83 26.506 -9.459
v 17.304 25.201 -9.85
v 17.948 24.649 -9.948
v 17.388 24.974 -9.89
v 26.83 28.08 -8.725
v 17.312 25.201 -9.85
v 17.637 24.801 -9.921
v 17.948 24.644 -9.922
v 18.139 24.576 -9.931
v 17.637 24.798 -9.902
v 17.388 24.972 -9.88
v 3.919 26.599 -9.389
v 3.92 26.6 -9.389
v 17.312 25.053 -9.869
v 3.971 26.543 -9.408
v 17.228 25.196 -9.851
v 3.92 26.601 -9.389
v 3.921 26.601 -9.389
v 17.184 25.209 -9.849
v 17.206 25.166 -9.857
v 17.206 25.166 -9.855
v 19.524 15.711 6.745
v 18.32 24.517 -9.971
v 3.614 26.314 -9.654
v 2.483 25.362 -9.822
v 18.32 24.511 -9.939
v 14.879 25.207 -9.85
v 14.879 24.149 -10.036
v 14.24 25.203 -9.85
v 3.812 26.513 -9.619
v 14.879 24.14 -9.987
v 32.182 21.467 -9.352
v 13.63 24.149 -10.036
v 13.762 25.21 -9.849
v 14.0 25.202 -9.85
v 13.63 25.21 -9.849
v 13.63 25.2 -9.851
v 30.435 23.099 -9.757
v 13.63 24.576 -9.931
v 11.842 25.21 -9.849
v 9.732 24.149 -10.036
v 11.686 25.21 -9.849
v 11.168 24.869 -9.893
v 30.435 21.422 -9.611
v 8.255 24.149 -10.036
v 11.168 25.205 -9.85
v 3.812 26.48 -9.43
v 3.806 26.473 -9.432
v 28.647 23.099 -9.946
v 10.439 25.198 -9.851
v 3.858 26.529 -9.413
v 28.647 21.389 -9.797
v 3.82 26.488 -9.427
v 3.851 26.521 -9.416
v 3.733 26.399 -9.457
v 3.733 26.43 -9.634
v 8.096 24.149 -10.036
v 6.837 24.149 -10.036
v 32.182 19.885 -8.928
v 3.992 26.519 -9.416
v 32.182 18.401 -8.236
v 5.746 25.038 -9.879
v 30.435 16.89 -7.498
v 30.435 18.27 -8.463
v 30.435 19.795 -9.175
v 3.693 26.389 -9.641
v 3.693 26.359 -9.47
v 3.702 26.368 -9.467
v 3.653 26.322 -9.483
v 3.536 26.247 -9.666
v 3.574 26.279 -9.66
v 3.574 26.252 -9.506
v 3.614 26.286 -9.495
v 3.542 26.225 -9.515
v 3.653 26.351 -9.648
v 3.503 26.219 -9.671
v 3.508 26.198 -9.525
v 3.503 26.193 -9.526
v 3.536 26.221 -9.517
v 2.229 25.265 -9.839
v 2.346 25.265 -9.839
v 2.177 25.264 -9.839
v 3.475 26.167 -9.535
v 3.475 26.192 -9.676
v 3.488 26.179 -9.531
v 2.976 25.761 -9.672
v 3.407 26.112 -9.553
v 1.952 25.904 -9.624
v 2.154 26.06 -9.571
v 2.882 26.624 -9.381
v 2.779 25.6 -9.726
v 1.952 25.263 -9.84
v 2.483 25.359 -9.807
v 1.91 25.263 -9.84
v 1.125 25.263 -9.84
v -0.274 27.02 -9.53
v -1.593 27.02 -9.53
v -0.274 26.973 -9.263
v -1.593 26.973 -9.263
v -3.454 25.264 -9.839
v -2.144 25.376 -9.802
v -2.144 26.48 -9.429
v -2.269 25.269 -9.837
v -2.82 25.264 -9.839
v -2.277 25.263 -9.84
v -2.275 25.264 -9.839
v -3.168 25.264 -9.839
v -3.159 25.264 -9.839
v -3.035 25.265 -9.839
v -3.128 25.6 -9.726
v -3.299 25.264 -9.839
v -3.503 25.264 -9.839
v -8.098 27.02 -9.53
v -6.759 27.02 -9.53
v -6.759 26.973 -9.263
v -9.804 26.739 -9.579
v -8.644 26.817 -9.565
v -8.644 27.02 -9.53
v -11.053 26.739 -9.579
v -12.204 26.817 -9.565
v -12.204 27.02 -9.53
v 5.0 21.3 -67.3
v 4.511 21.145 -67.3
v 4.511 21.455 -67.3
v -20.834 3.474 -62.748
v -20.578 2.947 -63.333
v -20.834 2.917 -62.748
v -20.855 2.915 -62.7
v -20.855 3.472 -62.7
v -10.878 21.705 -67.3
v -8.09 21.776 -67.3
v -10.878 20.895 -67.3
v -8.09 20.824 -67.3
v -5.0 20.8 -67.3
v -5.0 21.8 -67.3
v -1.91 21.776 -67.3
v 0.878 21.705 -67.3
v 0.878 20.895 -67.3
v 3.09 21.006 -67.3
v 3.09 21.594 -67.3
v -1.91 20.824 -67.3
v -14.511 21.145 -67.3
v -15.0 21.3 -67.3
v -14.511 21.455 -67.3
v -13.09 21.594 -67.3
v -13.09 21.006 -67.3
v 8.958 18.224 -67.299
v 9.0 18.177 -67.205
v 8.958 14.6 -67.298
v 9.0 14.635 -67.204
v 2.397 20.971 -67.204
v 4.511 21.145 -67.298
v 6.148 21.367 -67.299
v 5.0 21.3 -67.298
v 8.958 24.51 -67.299
v 9.0 28.1 -67.206
v 4.511 21.455 -67.204
v 9.0 24.557 -67.205
v 6.148 21.367 -67.205
v 5.0 21.3 -67.204
v 8.958 28.065 -67.3
v 4.511 21.455 -67.298
v -19.949 39.615 -61.286
v -19.897 39.052 -61.168
v -20.056 39.07 -61.531
v 3.09 21.594 -67.298
v -20.595 39.099 -62.105
v -20.301 39.066 -61.435
v -20.578 39.655 -62.067
v -20.265 39.618 -61.351
v -20.142 39.047 -61.07
v -20.193 39.61 -61.188
v -20.148 39.611 -61.206
v -20.041 39.049 -61.111
v 4.511 21.145 -67.204
v -20.349 39.104 -62.202
v -20.313 39.105 -62.215
v 3.09 21.006 -67.298
v -23.865 21.301 -63.733
v -23.865 21.025 -63.698
v -24.111 21.069 -63.538
v -11.896 21.654 -66.658
v -20.176 39.046 -61.054
v -20.336 39.065 -61.421
v -24.111 21.301 -63.568
v -20.115 19.534 -60.988
v -20.425 20.095 -60.675
v -20.425 19.595 -61.046
v -19.991 39.05 -61.127
v -23.865 21.577 -63.698
v 3.09 21.594 -67.204
v 2.256 21.636 -67.294
v 2.262 21.636 -67.204
v -20.019 39.071 -61.544
v -19.86 39.053 -61.179
v -20.115 20.052 -60.603
v -20.425 23.669 -62.376
v -20.369 23.667 -62.247
v -20.115 23.714 -62.073
v 2.256 21.636 -67.298
v -20.525 2.915 -62.7
v -20.567 2.915 -62.7
v -20.552 2.918 -62.638
v -20.588 2.917 -62.652
v -20.19 38.212 -61.086
v -20.843 2.947 -62.067
v -20.808 2.948 -62.054
v 3.09 21.594 -64.903
v -20.567 23.672 -62.7
v -20.588 31.051 -62.748
v 4.511 21.455 -64.903
v 2.321 20.967 -67.298
v 3.09 21.006 -67.204
v 2.392 20.971 -67.21
v 4.511 21.145 -64.903
v -19.835 19.481 -60.936
v -19.835 20.014 -60.54
v -20.115 20.654 -60.361
v 3.09 21.006 -64.903
v 0.878 20.895 -64.903
v -23.275 20.095 -62.025
v -23.585 20.43 -61.855
v -23.585 20.234 -62.103
v 0.335 20.881 -64.903
v -20.298 23.665 -62.086
v -21.478 23.115 -61.685
v -21.112 23.215 -61.629
v -21.478 23.324 -62.174
v -20.115 23.54 -61.666
v -20.089 23.522 -61.606
v -19.835 23.53 -61.453
v -15.0 21.3 -66.69
v -14.511 21.455 -66.676
v -13.09 21.594 -66.664
v -12.384 21.629 -66.66
v -21.112 23.436 -62.145
v -21.478 23.395 -62.7
v -14.511 21.145 -66.676
v -19.764 24.501 -60.865
v -21.478 22.782 -61.264
v -21.112 22.864 -61.185
v -20.033 23.484 -61.478
v -19.878 23.256 -61.125
v -17.794 18.671 -60.152
v -17.794 19.235 -59.728
v -18.819 18.671 -60.152
v -18.819 19.235 -59.728
v -20.759 23.307 -61.577
v -17.794 18.209 -60.668
v -18.819 18.209 -60.668
v -17.794 17.866 -61.258
v -18.819 17.866 -61.258
v -20.759 22.939 -61.112
v -23.275 20.095 -63.375
v -23.585 20.111 -63.009
v -23.585 20.234 -63.297
v -20.033 19.118 -63.922
v -19.878 19.346 -64.275
v -19.835 19.072 -63.947
v -21.112 23.511 -62.7
v -21.478 23.324 -63.225
v -21.112 23.436 -63.254
v -23.275 19.908 -62.7
v -23.585 20.111 -62.391
v -23.585 20.069 -62.7
v -19.589 19.436 -64.508
v -19.589 19.016 -63.978
v -23.275 22.507 -62.025
v -23.585 22.491 -62.391
v -23.585 22.368 -62.103
v -23.585 22.172 -61.855
v -23.275 22.286 -61.745
v -21.059 23.464 -63.167
v -21.064 23.461 -63.179
v -20.01 24.501 -60.768
v -19.835 19.481 -64.464
v -21.097 23.44 -63.255
v -21.112 23.421 -63.288
v -23.865 20.378 -62.183
v -19.0 18.61 -63.399
v -19.0 20.741 -63.242
v -19.0 18.515 -62.7
v -23.865 20.271 -62.432
v -23.585 22.533 -62.7
v -23.585 22.491 -63.009
v -23.865 22.331 -62.967
v -24.111 20.436 -62.924
v -23.865 20.271 -62.967
v -24.111 20.405 -62.7
v -23.865 20.235 -62.7
v -23.865 20.378 -63.216
v -20.089 19.08 -63.794
v -20.115 19.062 -63.734
v -19.925 23.231 -61.113
v -19.835 23.121 -60.936
v -24.111 20.436 -62.475
v -19.764 18.1 -64.535
v -23.585 20.43 -63.544
v -24.111 22.196 -62.7
v -24.111 22.166 -62.475
v -23.865 22.331 -62.432
v -24.111 22.076 -62.266
v -23.865 22.224 -62.183
v -20.896 2.915 -62.7
v -20.869 2.918 -62.762
v -20.115 22.55 -60.603
v -20.115 23.068 -60.988
v -20.425 23.007 -61.046
v -20.332 2.942 -63.236
v -20.296 2.942 -63.223
v -23.865 22.055 -61.969
v -19.217 18.569 -62.7
v -19.217 18.662 -62.014
v -19.382 18.702 -62.025
v -21.403 2.979 -61.447
v -21.366 3.531 -61.531
v -21.089 2.942 -62.164
v -20.425 23.39 -61.531
v -21.525 3.55 -61.168
v -21.473 2.987 -61.286
v -21.228 2.992 -61.188
v -20.298 18.937 -63.314
v -20.588 11.551 -62.652
v -19.097 18.633 -62.007
v -19.024 18.521 -62.7
v -19.024 18.616 -62.003
v -21.122 2.984 -61.337
v -19.925 19.371 -64.287
v -21.511 2.986 -61.297
v -21.439 2.978 -61.46
v -19.024 18.894 -61.353
v -19.0 18.61 -62.001
v -24.111 21.749 -61.948
v -23.865 21.834 -61.805
v -24.111 21.934 -62.086
v -21.194 2.993 -61.171
v -21.156 2.984 -61.351
v -20.613 2.948 -63.346
v -21.126 2.942 -62.177
v -20.525 1.801 -62.7
v -20.58 1.838 -63.422
v -20.263 1.831 -63.298
v -20.373 38.272 -62.258
v -20.111 38.241 -61.657
v -20.869 1.804 -62.762
v -20.896 1.801 -62.7
v -24.111 21.533 -61.862
v -23.865 21.577 -61.702
v -21.152 2.531 -61.268
v -20.338 23.411 -61.519
v -20.325 23.392 -61.489
v -20.552 1.804 -62.638
v -21.159 1.831 -62.102
v -20.841 1.838 -61.978
v -20.075 1.853 -63.73
v -20.588 38.292 -62.748
v -20.567 38.294 -62.7
v -23.585 21.917 -61.666
v -19.764 37.6 -60.865
v -21.469 2.531 -61.392
v -19.382 18.702 -63.375
v -19.217 18.662 -63.385
v -19.382 18.61 -62.7
v -23.585 21.62 -61.546
v -20.299 2.984 -64.063
v -20.269 2.531 -64.132
v -21.032 1.86 -61.544
v -21.347 1.853 -61.67
v -20.834 31.051 -62.652
v -20.115 19.534 -64.412
v -20.425 19.595 -64.353
v -20.115 20.052 -64.797
v -20.265 2.984 -64.049
v -20.301 3.536 -63.965
v -20.193 2.992 -64.212
v -21.85 23.271 -62.7
v -21.85 23.204 -62.206
v -21.85 23.007 -61.745
v -21.85 22.694 -61.35
v -24.483 21.573 -62.244
v -24.483 21.685 -62.327
v -24.603 21.558 -62.451
v -20.855 39.687 -62.7
v -21.089 39.66 -63.236
v -20.855 39.129 -62.7
v -19.983 2.978 -63.94
v -20.019 2.979 -63.953
v -19.097 18.633 -63.393
v -19.911 2.986 -64.103
v -19.949 2.987 -64.114
v -19.097 18.539 -62.7
v -24.603 21.483 -62.395
v -24.483 21.442 -62.191
v -20.227 2.993 -64.229
v -20.168 2.992 -64.205
v -20.148 2.991 -64.194
v -19.953 2.531 -64.008
v -20.136 19.486 -64.342
v -20.425 19.212 -63.869
v -24.483 21.772 -62.436
v -24.318 21.811 -62.206
v -20.115 19.474 -64.337
v -20.325 19.21 -63.911
v -20.869 40.798 -62.638
v -20.896 40.801 -62.7
v -20.896 39.687 -62.7
v -20.115 23.127 -61.063
v -20.136 23.116 -61.057
v -24.318 21.925 -62.35
v -20.842 40.764 -63.422
v -21.031 40.742 -63.856
v -21.159 40.771 -63.298
v -24.318 21.661 -62.095
v -21.469 40.07 -64.008
v -21.126 39.66 -63.223
v -21.347 40.749 -63.729
v -20.425 23.47 -61.717
v -21.073 39.104 -63.198
v -21.366 39.07 -63.869
v -21.403 39.623 -63.953
v -21.85 23.204 -63.194
v -21.473 39.615 -64.114
v -24.318 21.997 -62.519
v -19.097 18.909 -64.038
v -21.122 39.618 -64.063
v -21.228 39.61 -64.212
v -21.194 39.609 -64.228
v -19.866 34.494 -60.437
v -19.816 31.051 -60.324
v -21.156 39.618 -64.049
v -20.62 38.267 -62.162
v -20.357 38.236 -61.561
v -20.834 38.292 -62.652
v -21.511 39.616 -64.103
v -21.048 38.272 -63.142
v -21.311 38.241 -63.743
v -21.439 39.624 -63.94
v -21.657 37.6 -64.535
v -20.855 38.294 -62.7
v -20.01 37.6 -60.768
v -21.411 24.501 -64.632
v -21.556 27.608 -64.962
v -21.152 40.07 -64.132
v -19.024 18.616 -63.397
v -24.318 22.022 -62.7
v -19.024 18.894 -64.047
v -24.111 22.076 -63.134
v -23.865 22.224 -63.216
v -24.111 21.934 -63.314
v -24.111 22.166 -62.924
v -23.865 22.367 -62.7
v -20.209 1.856 -63.784
v -20.39 1.86 -63.856
v -19.589 18.663 -62.7
v -23.585 22.368 -63.297
v -23.865 22.055 -63.43
v -23.585 22.172 -63.544
v -21.084 38.272 -63.128
v -20.896 38.294 -62.7
v -21.109 39.105 -63.185
v -20.425 19.132 -63.683
v -20.338 19.191 -63.881
v -19.382 18.971 -64.004
v -19.589 18.753 -63.362
v -19.62 27.608 -60.534
v -20.01 18.1 -64.632
v -21.403 39.071 -63.856
v -19.57 31.051 -60.42
v -24.318 21.997 -62.881
v -21.358 38.182 -64.51
v -21.272 38.212 -64.314
v -21.411 37.6 -64.632
v -20.115 18.888 -62.073
v -20.115 19.137 -61.489
v -20.425 19.212 -61.531
v -20.425 18.971 -62.095
v -19.866 27.608 -60.437
v -21.603 38.197 -64.41
v -21.56 38.212 -64.314
v -19.835 18.815 -62.054
v -21.802 27.608 -64.866
v -21.657 24.501 -64.535
v -21.065 38.236 -63.839
v -23.865 21.834 -63.595
v -24.111 21.749 -63.451
v -19.835 22.588 -60.54
v -20.834 11.551 -62.748
v -21.802 34.494 -64.866
v -21.556 34.494 -64.962
v -20.759 21.9 -60.531
v -21.112 22.406 -60.845
v -21.112 21.873 -60.631
v -21.606 31.051 -65.076
v -24.483 21.826 -62.836
v -24.483 21.772 -62.963
v -21.325 38.179 -64.528
v -24.483 21.844 -62.7
v -21.232 38.212 -64.314
v -21.64 38.199 -64.4
v -21.603 38.212 -64.314
v -24.483 21.826 -62.563
v -19.589 18.753 -62.038
v -19.589 19.016 -61.421
v -21.03 38.235 -63.853
v -20.759 20.701 -60.531
v -21.112 21.301 -60.558
v -21.112 20.729 -60.631
v -21.347 38.242 -63.73
v -20.759 21.301 -60.455
v -19.835 18.727 -62.7
v -21.12 39.066 -63.965
v -21.279 39.047 -64.33
v -11.896 25.713 -63.368
v -11.896 25.8 -62.563
v -11.896 22.869 -62.563
v -11.896 25.042 -60.27
v -11.896 22.75 -62.013
v -11.896 25.458 -60.983
v -11.896 22.839 -62.843
v -11.896 22.839 -62.283
v -11.896 25.713 -61.757
v -19.999 19.412 -64.307
v -21.525 39.052 -64.232
v -21.246 39.046 -64.346
v -21.085 39.065 -63.979
v -11.896 20.946 -59.158
v -11.217 20.912 -59.159
v -11.896 20.946 -58.467
v -11.896 20.912 -59.159
v -11.896 20.946 -61.17
v -11.641 20.933 -61.173
v -11.896 20.946 -59.339
v -21.562 39.053 -64.221
v -11.296 20.916 -59.339
v -11.896 20.916 -59.339
v -20.369 18.934 -63.153
v -20.115 18.888 -63.327
v -20.425 18.932 -63.024
v -20.425 18.888 -62.7
v -20.115 18.802 -62.7
v -20.792 39.098 -63.308
v -19.589 22.62 -60.486
v -19.835 18.815 -63.345
v -22.222 22.6 -61.441
v -22.222 22.892 -61.81
v -24.603 21.616 -62.524
v -11.896 20.422 -58.515
v -24.603 21.616 -62.876
v -24.603 21.558 -62.949
v -24.483 21.685 -63.072
v -24.603 21.652 -62.791
v -19.999 23.19 -61.093
v -22.588 22.939 -62.274
v -22.222 23.075 -62.239
v -22.588 22.997 -62.7
v -22.588 22.77 -61.878
v -21.0 21.861 -62.687
v -21.0 21.861 -62.444
v -22.423 21.861 -62.157
v -24.603 21.664 -62.7
v -11.896 19.578 -58.749
v -19.589 23.166 -60.892
v -22.222 23.138 -62.7
v -12.384 21.629 -58.465
v -13.09 21.594 -47.152
v -11.896 21.654 -58.467
v -17.794 22.178 -58.515
v -14.511 21.455 -58.449
v -11.896 22.178 -58.515
v -20.567 18.929 -62.7
v -21.478 22.348 -60.942
v -24.603 21.652 -62.609
v -19.097 19.348 -64.593
v -19.097 19.92 -65.018
v -19.024 19.911 -65.033
v -21.478 21.843 -60.739
v -19.0 20.58 -65.308
v -19.0 19.908 -65.038
v -21.85 22.286 -61.046
v -11.896 23.022 -58.749
v -21.85 21.811 -60.856
v -24.318 21.811 -63.194
v -24.483 21.573 -63.156
v -11.896 22.173 -61.369
v -11.896 23.8 -59.131
v -11.896 21.903 -61.236
v -20.588 18.942 -62.652
v -17.794 25.042 -60.27
v -11.896 24.482 -59.644
v -11.896 22.75 -63.112
v -11.896 25.458 -64.142
v -21.478 21.301 -60.67
v -19.589 19.982 -64.914
v -11.641 22.75 -62.013
v -11.896 22.606 -61.765
v -11.641 22.606 -61.765
v -11.641 22.839 -62.283
v -24.318 21.661 -63.305
v -24.318 21.925 -63.049
v -19.382 19.955 -64.958
v -11.896 25.042 -64.856
v -11.896 22.606 -63.36
v -11.641 22.75 -63.112
v -21.411 18.1 -60.768
v -21.556 14.994 -60.437
v -18.819 21.134 -62.461
v -18.819 17.654 -61.898
v -18.819 17.583 -62.563
v -11.641 22.869 -62.563
v -11.641 22.839 -62.843
v -18.819 17.654 -63.228
v -18.819 21.136 -62.682
v -17.794 17.654 -63.228
v -18.819 17.866 -63.867
v -21.411 5.001 -60.768
v -21.065 4.366 -61.561
v -19.217 21.301 -60.052
v -19.217 22.008 -60.142
v -19.382 21.997 -60.181
v -21.556 8.108 -60.437
v -21.606 11.551 -60.324
v -20.802 4.335 -62.162
v -17.794 22.178 -66.611
v -11.641 22.606 -63.36
v -22.588 22.939 -63.125
v -22.222 23.075 -63.161
v -22.588 22.77 -63.522
v -11.896 22.178 -66.611
v -11.896 24.482 -65.481
v -11.896 22.41 -63.578
v -22.222 22.892 -63.59
v -21.478 20.759 -60.739
v -12.384 20.971 -66.66
v -13.09 21.006 -66.664
v -20.425 20.095 -64.725
v -21.85 21.301 -60.791
v -11.896 20.422 -66.611
v -17.794 20.422 -66.611
v -21.85 20.791 -60.856
v -17.794 24.391 -64.457
v -17.794 23.929 -64.974
v -18.819 24.391 -64.457
v -17.794 22.723 -65.713
v -17.794 23.365 -65.398
v -17.794 23.022 -66.376
v -17.794 23.8 -65.995
v -17.794 24.482 -65.481
v -10.878 21.705 -12.303
v -11.641 21.667 -61.171
v -11.896 21.654 -61.167
v -11.641 21.903 -61.236
v -11.896 23.8 -65.995
v -11.641 22.173 -61.369
v -18.819 23.365 -65.398
v -18.819 22.723 -65.713
v -11.896 22.41 -61.548
v -21.112 20.196 -60.845
v -11.896 20.705 -61.236
v -19.57 11.551 -64.98
v -19.62 14.994 -64.866
v -11.641 20.705 -61.236
v -23.865 21.301 -61.667
v -11.641 20.003 -63.36
v -11.641 20.197 -63.578
v -11.641 20.197 -61.548
v -19.835 20.014 -64.86
v -24.111 21.301 -61.832
v -11.896 18.8 -59.131
v -11.896 20.434 -61.369
v -24.111 21.069 -61.862
v -23.865 21.025 -61.702
v -19.835 20.635 -65.109
v -19.024 22.02 -60.097
v -19.0 21.301 -60.0
v -19.0 22.022 -60.092
v -22.588 21.74 -61.112
v -22.222 21.776 -60.98
v -22.588 22.149 -61.276
v -19.024 21.301 -60.006
v -22.222 22.219 -61.158
v -23.585 21.301 -61.506
v -19.097 22.016 -60.114
v -23.585 20.982 -61.546
v -18.819 21.301 -62.259
v -24.318 21.487 -62.025
v -18.819 19.235 -65.398
v -17.794 19.235 -65.398
v -18.819 18.671 -64.974
v -17.794 18.671 -64.974
v -18.819 19.878 -65.713
v -19.0 23.713 -64.05
v -19.0 21.861 -63.242
v -19.0 23.271 -64.609
v -18.819 18.209 -64.457
v -11.641 21.903 -63.889
v -11.641 22.173 -63.756
v -11.641 21.667 -63.955
v -11.641 22.41 -61.548
v -19.382 23.204 -64.544
v -19.589 23.166 -64.508
v -19.382 23.631 -64.004
v -21.478 20.254 -60.942
v -22.222 21.301 -60.92
v -22.588 21.301 -61.056
v -21.85 20.316 -61.046
v -22.588 20.862 -61.112
v -22.222 20.825 -60.98
v -19.382 21.301 -60.092
v -19.589 21.984 -60.23
v -20.759 23.557 -63.14
v -20.588 23.66 -62.748
v -20.425 23.713 -62.7
v -19.217 23.667 -64.024
v -11.641 20.434 -61.369
v -11.641 20.434 -63.756
v -24.603 21.395 -62.359
v -19.217 20.594 -60.142
v -19.382 20.604 -60.181
v -24.603 21.301 -62.347
v -24.483 21.301 -62.173
v -22.222 20.383 -61.158
v -19.217 23.233 -64.572
v -24.603 21.207 -62.359
v -11.896 18.118 -59.644
v -11.896 20.197 -61.548
v -12.384 20.971 -58.465
v -17.794 20.422 -58.515
v -24.318 21.301 -62.001
v -11.896 17.143 -60.983
v -11.896 19.858 -62.013
v -11.896 17.559 -60.27
v -11.896 20.003 -61.765
v -24.318 21.114 -62.025
v -11.896 19.769 -62.283
v -24.483 21.16 -62.191
v -19.097 21.301 -60.023
v -19.097 23.693 -64.038
v -19.097 20.586 -60.114
v -11.641 19.769 -62.283
v -11.641 19.858 -63.112
v -11.641 19.858 -62.013
v -11.641 20.003 -61.765
v -20.759 23.538 -62.119
v -19.024 23.708 -64.047
v -19.024 23.266 -64.605
v -11.641 19.739 -62.563
v -11.896 19.739 -62.563
v -11.641 19.769 -62.843
v -11.896 19.858 -63.112
v -11.896 20.003 -63.36
v -11.896 19.769 -62.843
v -11.896 17.559 -64.856
v -11.896 17.143 -64.142
v -22.588 22.5 -61.538
v -11.896 16.887 -63.368
v -11.896 16.887 -61.757
v -11.896 16.8 -62.563
v -24.603 21.119 -62.395
v -24.483 21.029 -62.244
v -24.603 21.044 -62.451
v -24.483 20.917 -62.327
v -20.596 23.583 -62.107
v -21.852 11.551 -60.42
v -21.802 14.994 -60.534
v -11.896 22.173 -63.756
v -11.896 23.022 -66.376
v -19.589 23.585 -63.978
v -24.483 20.83 -62.436
v -20.855 23.588 -62.7
v -20.834 23.588 -62.652
v -11.641 22.41 -63.578
v -20.357 4.366 -63.839
v -20.01 5.001 -64.632
v -11.896 21.654 -63.958
v -24.318 20.94 -62.095
v -19.0 20.58 -60.092
v -19.024 20.581 -60.097
v -20.759 22.459 -60.756
v -11.896 21.903 -63.889
v -20.373 4.33 -63.142
v -20.111 4.361 -63.743
v -20.588 4.31 -62.652
v -20.567 4.308 -62.7
v -24.111 20.853 -61.948
v -23.865 20.768 -61.805
v -19.764 5.001 -64.535
v -19.382 22.646 -64.958
v -19.589 22.62 -64.914
v -19.217 22.667 -64.993
v -11.896 20.946 -63.956
v -11.641 20.933 -63.953
v -11.896 20.705 -63.889
v -19.097 23.254 -64.593
v -19.097 22.682 -65.018
v -11.641 20.705 -63.889
v -11.896 20.434 -63.756
v -21.657 18.1 -60.865
v -21.311 4.361 -61.657
v -21.657 5.001 -60.865
v -24.111 20.525 -62.266
v -24.318 20.676 -62.35
v -19.0 22.694 -65.038
v -19.024 22.691 -65.033
v -22.423 20.741 -63.242
v -22.423 21.861 -63.242
v -22.423 20.741 -62.157
v -20.425 21.925 -60.441
v -19.866 8.108 -64.962
v -11.896 19.578 -66.376
v -23.865 20.547 -61.969
v -24.111 20.668 -62.086
v -11.896 20.946 -66.658
v -19.816 11.551 -65.076
v -23.585 20.685 -61.666
v -21.048 4.33 -62.258
v -20.425 20.676 -60.441
v -20.834 4.31 -62.748
v -20.855 4.308 -62.7
v -11.896 20.197 -63.578
v -24.318 20.791 -62.206
v -20.759 20.143 -60.756
v -21.358 4.42 -60.889
v -21.272 4.39 -61.086
v -20.62 4.335 -63.238
v -20.759 19.663 -61.112
v -24.318 20.604 -62.519
v -21.802 8.108 -60.534
v -19.835 21.301 -60.205
v -20.115 21.301 -60.278
v -19.835 20.635 -60.29
v -11.896 18.118 -65.481
v -11.896 18.8 -65.995
v -21.603 4.405 -60.99
v -21.56 4.39 -61.086
v -20.759 23.587 -62.481
v -22.941 22.641 -61.95
v -22.941 22.796 -62.312
v -23.275 22.646 -62.35
v -19.589 21.301 -60.143
v -19.835 21.967 -60.29
v -20.612 23.584 -62.145
v -19.589 20.618 -60.23
v -22.941 22.849 -62.7
v -20.425 23.39 -63.869
v -20.115 23.465 -63.911
v -20.425 23.007 -64.353
v -20.115 23.068 -64.412
v -20.115 23.714 -63.327
v -21.325 4.423 -60.872
v -21.232 4.39 -61.086
v -24.676 21.477 -62.746
v -17.794 18.8 -65.995
v -24.676 21.483 -62.7
v -21.641 4.403 -61.0
v -24.676 21.477 -62.654
v -21.603 4.39 -61.086
v -19.382 19.955 -60.441
v -17.794 18.118 -65.481
v -19.835 23.53 -63.947
v -19.835 23.121 -64.464
v -17.794 25.8 -62.563
v -19.0 20.741 -62.157
v -19.0 21.861 -62.157
v -24.676 21.459 -62.612
v -17.794 25.458 -64.142
v -24.676 21.43 -62.575
v -17.794 25.713 -61.757
v -17.794 24.482 -59.644
v -20.767 4.336 -62.148
v -20.552 4.311 -62.638
v -20.525 4.308 -62.7
v -23.275 22.694 -62.7
v -24.676 21.392 -62.547
v -24.676 21.348 -62.529
v -19.382 22.646 -60.441
v -23.275 22.646 -63.049
v -21.03 4.367 -61.547
v -19.835 22.588 -64.86
v -17.794 25.458 -60.983
v -17.794 24.734 -61.258
v -17.794 24.391 -60.668
v -20.337 4.33 -63.128
v -20.075 4.36 -63.73
v -19.589 23.849 -63.362
v -20.896 4.308 -62.7
v -20.869 4.311 -62.762
v -24.603 21.483 -63.005
v -24.676 21.392 -62.853
v -20.655 4.336 -63.252
v -22.941 22.796 -63.088
v -20.425 22.507 -60.675
v -20.595 3.502 -63.295
v -21.246 3.556 -61.054
v -20.115 22.55 -64.797
v -24.676 21.459 -62.788
v -20.115 21.948 -60.361
v -17.794 24.946 -63.228
v -17.794 25.017 -62.563
v -17.794 25.713 -63.368
v -20.425 21.301 -60.362
v -20.567 3.472 -62.7
v -20.349 3.497 -63.198
v -20.525 3.472 -62.7
v -20.019 3.531 -63.856
v -20.313 3.497 -63.185
v -20.056 3.531 -63.869
v -20.63 3.503 -63.308
v -20.869 3.475 -62.762
v -20.896 3.472 -62.7
v -22.941 22.641 -63.45
v -20.759 19.295 -61.577
v -20.759 19.064 -62.119
v -17.794 24.946 -61.898
v -18.819 25.017 -62.563
v -20.759 19.045 -62.26
v -18.819 24.946 -61.898
v -20.915 19.207 -61.902
v -20.819 19.081 -62.123
v -20.811 19.077 -62.141
v -21.347 4.36 -61.67
v -21.084 4.33 -62.272
v -20.826 3.502 -62.105
v -20.588 3.474 -62.652
v -20.792 3.503 -62.092
v -21.085 3.537 -61.421
v -20.552 3.475 -62.638
v -24.603 21.207 -63.04
v -24.676 21.254 -62.87
v -24.603 21.301 -63.052
v -21.109 3.497 -62.215
v -21.073 3.497 -62.202
v -21.562 3.549 -61.179
v -21.12 3.536 -61.435
v -21.279 3.555 -61.07
v -18.819 21.848 -62.714
v -18.819 21.882 -62.511
v -18.819 24.946 -63.228
v -18.819 24.734 -63.867
v -18.819 24.734 -61.258
v -17.794 25.042 -64.856
v -17.794 24.734 -63.867
v -20.115 21.948 -65.039
v -20.391 4.367 -63.853
v -21.402 3.531 -61.544
v -18.819 23.929 -64.974
v -18.819 22.026 -65.907
v -17.794 22.026 -65.907
v -17.794 21.3 -65.972
v -18.819 20.575 -65.907
v -17.794 20.575 -65.907
v -17.794 21.3 -66.69
v -20.596 19.019 -63.293
v -20.612 19.018 -63.255
v -20.759 19.064 -63.281
v -23.275 21.661 -61.396
v -23.275 21.301 -61.35
v -19.0 21.301 -65.4
v -19.0 22.022 -65.308
v -20.834 19.014 -62.748
v -21.112 19.091 -62.7
v -20.759 19.015 -62.919
v -20.855 19.014 -62.7
v -19.866 14.994 -64.962
v -23.275 21.997 -61.531
v -22.941 21.701 -61.251
v -22.941 22.075 -61.401
v -13.09 21.006 -58.462
v -14.511 21.145 -58.449
v -15.0 21.3 -58.435
v -17.794 21.3 -58.435
v -17.794 23.022 -58.749
v -22.941 21.301 -61.2
v -23.275 20.94 -61.396
v -22.941 20.9 -61.251
v -21.059 19.138 -62.233
v -13.09 21.594 -58.462
v -22.941 20.527 -61.401
v -17.794 18.8 -59.131
v -17.794 18.118 -59.644
v -17.794 17.143 -60.983
v -19.62 8.108 -64.866
v -17.794 19.578 -58.749
v -22.941 22.395 -61.639
v -17.794 22.723 -59.413
v -18.819 23.365 -59.728
v -18.819 22.723 -59.413
v -19.382 21.301 -65.308
v -19.382 21.997 -65.219
v -19.217 22.008 -65.258
v -18.819 21.538 -62.207
v -18.819 21.423 -62.211
v -18.819 21.3 -59.153
v -17.794 22.026 -59.219
v -17.794 23.8 -59.131
v -17.794 23.365 -59.728
v -19.097 22.016 -65.286
v -19.217 21.301 -65.348
v -19.097 21.301 -65.377
v -19.0 21.861 -62.464
v -19.0 23.713 -61.35
v -19.0 21.877 -62.499
v -19.0 21.882 -62.51
v -19.552 21.861 -62.457
v -19.57 21.861 -62.457
v -18.819 21.8 -62.336
v -19.024 22.02 -65.302
v -18.819 23.929 -60.152
v -18.819 24.391 -60.668
v -18.819 22.026 -59.219
v -18.819 20.575 -59.219
v -17.794 21.3 -59.153
v -17.794 20.575 -59.219
v -24.676 21.21 -62.547
v -17.794 19.878 -59.413
v -17.794 23.929 -60.152
v -19.589 21.984 -65.169
v -19.0 23.992 -63.399
v -19.0 21.861 -62.647
v -19.0 24.087 -62.7
v -19.861 4.39 -64.314
v -19.819 4.405 -64.41
v -19.552 21.861 -62.679
v -19.877 4.408 -64.435
v -21.112 19.166 -63.254
v -20.759 19.295 -63.822
v -19.0 21.882 -62.521
v -19.382 20.604 -65.219
v -19.217 20.594 -65.258
v -20.063 4.42 -64.511
v -20.149 4.39 -64.314
v -24.603 21.119 -63.005
v -24.483 21.029 -63.156
v -24.603 21.044 -62.949
v -24.676 21.348 -62.87
v -24.603 21.395 -63.04
v -24.483 21.301 -63.227
v -24.483 21.442 -63.209
v -19.819 4.39 -64.314
v -20.19 4.39 -64.314
v -24.318 21.487 -63.375
v -24.318 21.301 -63.399
v -19.781 4.403 -64.4
v -19.024 22.691 -60.367
v -20.096 4.423 -64.528
v -20.759 19.663 -64.287
v -19.217 19.935 -64.993
v -19.097 20.586 -65.286
v -19.856 4.408 -64.43
v -19.024 21.301 -65.394
v -19.86 3.549 -64.221
v -20.176 3.556 -64.346
v -24.318 21.114 -63.375
v -19.0 22.694 -60.362
v -19.0 23.271 -60.791
v -22.588 22.5 -63.862
v -22.941 22.395 -63.761
v -20.336 3.537 -63.979
v -24.483 21.16 -63.209
v -22.222 22.219 -64.242
v -22.222 22.6 -63.959
v -21.85 22.694 -64.05
v -20.044 3.553 -64.294
v -19.897 3.55 -64.232
v -20.142 3.555 -64.33
v -20.041 3.553 -64.289
v -19.024 20.581 -65.302
v -22.588 22.149 -64.123
v -22.941 22.075 -63.999
v -22.588 21.74 -64.287
v -22.222 21.776 -64.419
v 5.0 21.3 -11.3
v 4.511 21.455 -11.3
v 4.511 21.145 -11.3
v 0.937 21.702 -11.3
v 0.955 20.899 -11.3
v 3.09 21.006 -11.3
v 3.09 21.594 -11.3
v -24.111 20.525 -63.134
v -24.111 20.668 -63.314
v -23.865 20.547 -63.43
v -10.977 21.7 -11.3
v -13.09 21.594 -11.3
v -13.09 21.006 -11.3
v -10.958 20.899 -11.3
v -14.511 21.145 -11.3
v -14.511 21.455 -11.3
v -15.0 21.3 -11.3
v 5.0 21.3 -43.898
v 4.511 21.455 -43.898
v -24.111 20.853 -63.451
v -23.865 20.768 -63.595
v -24.318 20.94 -63.305
v -21.85 22.286 -64.353
v 0.937 21.702 -12.303
v 3.09 21.594 -43.898
v -19.835 21.967 -65.109
v -19.835 21.301 -65.194
v -20.115 21.301 -65.121
v 0.955 20.899 -12.303
v 0.878 20.895 -12.303
v 0.878 20.895 -43.898
v -22.588 21.301 -64.343
v -22.222 21.301 -64.48
v -22.588 20.862 -64.287
v -22.222 20.825 -64.419
v -21.112 19.738 -64.214
v -21.112 20.196 -64.555
v -20.759 20.143 -64.644
v -10.958 20.899 -12.303
v -10.977 21.7 -12.303
v -19.589 21.301 -65.257
v 0.878 21.705 -12.303
v -1.91 21.776 -12.303
v -1.91 20.824 -12.303
v -5.0 20.8 -12.303
v -5.0 21.8 -12.303
v -8.09 21.776 -12.303
v -10.878 20.895 -12.303
v -8.09 20.824 -12.303
v -21.112 20.729 -64.769
v -20.759 20.701 -64.868
v -19.589 20.618 -65.169
v -20.425 20.676 -64.958
v -24.603 20.986 -62.524
v -24.603 20.95 -62.609
v -24.483 20.776 -62.563
v -18.819 21.746 -62.839
v -20.818 23.521 -63.276
v -20.759 23.538 -63.281
v -20.915 23.395 -63.498
v -18.819 21.387 -62.905
v -18.819 21.556 -62.913
v -18.819 21.3 -65.972
v -20.811 23.525 -63.259
v -20.425 23.631 -63.305
v -23.275 21.997 -63.869
v -23.275 22.286 -63.654
v -24.483 20.757 -62.7
v -19.623 21.861 -62.456
v -24.603 20.937 -62.7
v -19.0 23.992 -62.001
v -23.275 22.507 -63.375
v -21.039 23.234 -63.781
v -20.425 21.925 -64.958
v -20.425 21.301 -65.038
v -20.456 21.861 -62.449
v 0.088 21.725 -43.898
v 0.878 21.705 -43.898
v -20.425 22.507 -64.725
v 3.09 21.006 -43.898
v 4.511 21.145 -43.898
v -21.0 21.613 -62.22
v 0.335 20.881 -43.898
v -19.217 23.233 -60.827
v -19.217 23.667 -61.376
v -19.382 23.631 -61.396
v -23.585 21.917 -63.734
v -20.861 21.861 -62.687
v -20.849 21.861 -62.687
v -20.86 21.861 -62.687
v -23.275 21.661 -64.004
v -22.941 21.701 -64.149
v -20.115 20.654 -65.039
v -23.275 20.604 -61.531
v -24.676 21.143 -62.788
v -24.603 20.986 -62.876
v -24.676 21.125 -62.746
v -24.603 20.95 -62.791
v -23.275 20.316 -61.745
v -19.024 23.986 -62.003
v -19.024 23.708 -61.353
v -22.941 21.301 -64.2
v -22.941 20.207 -61.639
v -19.024 23.266 -60.795
v -19.097 23.693 -61.361
v -24.483 20.776 -62.836
v -20.759 23.307 -63.822
v -22.588 20.453 -61.276
v -20.56 21.861 -62.686
v -19.629 21.861 -62.684
v -19.382 23.204 -60.856
v -24.483 20.83 -62.963
v -20.576 21.861 -62.686
v -20.759 22.939 -64.287
v -20.561 21.861 -62.686
v -19.217 22.667 -60.406
v -23.275 21.301 -64.05
v -23.275 20.94 -64.004
v -23.585 20.982 -63.853
v -21.0 21.843 -62.731
v -24.483 20.917 -63.072
v -19.097 22.682 -60.382
v -23.585 21.301 -63.894
v -19.097 23.254 -60.807
v -22.222 20.002 -61.441
v -24.318 20.604 -62.881
v -10.878 20.895 -58.435
v -24.318 20.58 -62.7
v -21.85 19.908 -61.35
v -24.318 20.676 -63.049
v -20.759 22.459 -64.644
v -20.759 21.9 -64.868
v -19.57 21.861 -62.68
v -22.941 20.9 -64.149
v -23.275 20.604 -63.869
v -22.941 20.527 -63.999
v -20.759 21.301 -64.945
v -22.588 19.832 -61.878
v -22.222 19.71 -61.81
v -22.588 20.102 -61.538
v -22.222 19.527 -62.239
v -22.588 19.663 -62.274
v 0.753 21.312 -43.898
v 0.444 21.11 -43.898
v 0.475 21.409 -43.898
v 0.12 21.654 -43.898
v -21.85 19.595 -61.745
v -24.318 20.791 -63.194
v -18.819 21.253 -62.839
v -20.743 21.861 -62.446
v -17.794 19.878 -65.713
v -22.588 19.605 -62.7
v -22.222 19.527 -63.161
v -22.222 19.464 -62.7
v -22.222 20.383 -64.242
v -22.222 20.002 -63.959
v -22.588 20.102 -63.862
v -17.794 19.578 -66.376
v -22.588 20.453 -64.123
v -17.794 17.866 -63.867
v -17.794 18.209 -64.457
v -17.794 17.143 -64.142
v -17.794 17.559 -64.856
v -21.0 21.825 -62.363
v -21.85 20.316 -64.353
v -22.588 19.663 -63.125
v -22.222 19.71 -63.59
v -20.966 21.861 -62.444
v -20.744 21.861 -62.446
v -21.85 19.595 -63.654
v -22.588 19.832 -63.522
v -21.85 20.791 -64.544
v -24.7 21.301 -62.7
v -24.676 21.301 -62.876
v -24.676 21.43 -62.825
v -19.217 23.94 -62.014
v -19.382 23.9 -62.025
v -21.0 21.746 -62.287
v -23.275 20.316 -63.654
v -19.097 23.969 -62.007
v -21.85 19.398 -63.194
v -20.967 21.861 -62.444
v -24.676 21.301 -62.523
v -24.676 21.254 -62.529
v -22.941 20.207 -63.761
v -20.457 21.861 -62.449
v -20.576 21.861 -62.448
v -24.676 21.143 -62.612
v -24.676 21.172 -62.575
v -22.941 19.961 -63.45
v -24.676 21.21 -62.853
v -21.0 21.461 -62.207
v -23.275 19.955 -62.35
v -21.0 21.717 -62.861
v -19.382 23.9 -63.375
v -21.0 21.613 -62.905
v -21.478 19.487 -63.715
v -21.112 19.387 -63.771
v -21.478 19.278 -63.225
v -21.478 19.82 -64.135
v -19.382 23.992 -62.7
v -22.941 19.961 -61.95
v -19.217 23.94 -63.385
v -19.097 23.969 -63.393
v -24.676 21.119 -62.7
v -24.676 21.172 -62.825
v -19.0 19.331 -64.609
v -19.0 18.888 -64.05
v -21.85 19.908 -64.05
v -24.676 21.125 -62.654
v -22.941 19.806 -62.312
v -19.382 19.398 -64.544
v -18.819 19.878 -59.413
v -19.217 24.033 -62.7
v -19.097 24.063 -62.7
v -19.217 19.369 -64.572
v -19.024 23.986 -63.397
v -21.852 31.051 -64.98
v -19.024 24.081 -62.7
v -19.024 19.335 -64.605
v -23.585 21.62 -63.853
v -23.275 19.955 -63.049
v -24.111 21.533 -63.538
v -22.941 19.806 -63.088
v -22.941 19.753 -62.7
v 0.088 21.725 -64.903
v -21.0 21.316 -62.247
v -21.0 21.223 -62.309
v -19.217 18.935 -64.024
v -23.585 20.685 -63.734
v -21.112 19.738 -61.185
v -21.218 22.84 -64.191
v -21.118 23.062 -63.961
v -21.112 22.864 -64.214
v 0.753 21.312 -64.903
v 0.444 21.11 -64.903
v -21.112 23.075 -63.948
v 0.475 21.409 -64.903
v -21.249 22.729 -64.262
v -21.478 22.348 -64.458
v -21.039 19.368 -61.618
v -21.249 19.872 -61.138
v -21.219 19.762 -61.208
v -21.118 19.54 -61.439
v -21.112 19.527 -61.452
v 0.12 21.654 -64.903
v 5.0 21.3 -64.903
v -21.112 21.873 -64.769
v -21.112 22.406 -64.555
v -21.0 21.116 -62.493
v -21.0 21.108 -62.563
v -19.589 23.939 -62.7
v -19.589 23.849 -62.038
v -21.112 21.301 -64.842
v 0.878 21.705 -64.903
v -19.589 23.585 -61.421
v -21.0 21.223 -62.816
v -21.0 21.461 -62.918
v -21.484 19.828 -61.26
v -21.496 19.869 -61.235
v -21.482 19.821 -61.265
v -21.478 19.812 -61.275
v -21.478 19.487 -61.685
v -21.478 21.843 -64.661
v -21.0 21.138 -62.7
v -21.478 20.759 -64.661
v -21.478 21.301 -64.73
v -21.366 19.564 -61.532
v -21.478 19.278 -62.174
v -21.112 19.166 -62.145
v -21.478 20.254 -64.458
v -20.332 39.66 -62.164
v -20.019 39.623 -61.447
v -19.835 23.787 -62.054
v -20.588 39.685 -62.748
v -20.567 39.687 -62.7
v -20.567 39.129 -62.7
v -17.794 17.559 -60.27
v -17.794 17.654 -61.898
v -20.834 39.127 -62.652
v -20.834 39.685 -62.652
v -21.478 19.206 -62.7
v -21.484 22.774 -64.138
v -21.496 22.732 -64.165
v -17.794 17.583 -62.563
v -21.482 22.781 -64.134
v -21.478 22.79 -64.125
v -21.478 23.115 -63.715
v -21.366 23.038 -63.868
v -17.794 16.887 -63.368
v -17.794 16.8 -62.563
v -17.794 16.887 -61.757
v -21.31 23.161 -63.741
v -20.525 39.687 -62.7
v -20.552 39.684 -62.762
v -20.808 39.654 -63.346
v -21.85 23.007 -63.654
v -20.843 39.655 -63.333
v -20.296 39.66 -62.177
v -19.983 39.624 -61.46
v -19.911 39.616 -61.297
v -21.85 21.811 -64.544
v -21.85 21.301 -64.609
v -19.0 19.331 -60.791
v -19.0 18.888 -61.35
v -20.869 39.684 -62.638
v -20.115 23.799 -62.7
v -20.299 39.618 -61.337
v -20.227 39.609 -61.172
v -21.065 19.142 -62.218
v -21.85 19.398 -62.206
v -20.613 39.654 -62.054
v -19.97 39.614 -61.274
v -20.552 40.798 -62.762
v -20.263 40.771 -62.102
v -20.075 40.749 -61.671
v -19.835 23.787 -63.345
v -20.58 40.764 -61.978
v -19.835 23.875 -62.7
v -21.85 19.331 -62.7
v -19.953 40.07 -61.392
v -21.478 22.732 -64.172
v -20.269 40.07 -61.268
v -20.39 40.742 -61.544
v -19.217 18.935 -61.376
v -19.097 18.909 -61.361
v -19.217 19.369 -60.827
v -19.382 19.398 -60.856
v -20.525 40.801 -62.7
v -19.097 19.348 -60.807
v -21.31 19.441 -61.659
v -21.112 19.18 -62.112
v -19.382 18.971 -61.396
v -21.098 19.162 -62.144
v -19.097 19.92 -60.382
v -19.024 19.335 -60.795
v -20.255 40.745 -61.598
v -21.478 19.869 -61.228
v -19.217 19.935 -60.406
v -19.861 38.212 -61.086
v -19.819 38.197 -60.99
v -20.063 38.182 -60.89
v -20.149 38.212 -61.086
v -19.877 38.194 -60.966
v -19.62 34.494 -60.534
v -20.802 38.267 -63.238
v -19.835 19.072 -61.453
v -19.589 19.436 -60.892
v -20.525 38.294 -62.7
v -20.552 38.291 -62.762
v -20.767 38.266 -63.252
v -20.552 39.126 -62.762
v -20.896 39.129 -62.7
v -20.337 38.272 -62.272
v -20.074 38.242 -61.67
v -19.819 38.212 -61.086
v -20.869 38.291 -62.638
v -20.655 38.266 -62.148
v -20.391 38.235 -61.547
v -19.0 19.908 -60.362
v -20.63 39.098 -62.092
v -20.869 39.126 -62.638
v -20.096 38.179 -60.872
v -19.024 19.911 -60.367
v -19.782 38.199 -61.0
v -20.023 38.184 -60.902
v -20.525 39.129 -62.7
v -19.589 19.982 -60.486
v -20.588 39.127 -62.748
v -20.826 39.099 -63.295
usemtl Bleu
f 1 2 3
f 1 3 4
f 1 4 5
f 1 5 6
f 1 6 7
f 1 7 8
f 1 8 9
f 1 9 10
f 1 10 11
f 1 11 12
f 1 12 13
f 1 13 14
f 1 14 15
f 1 15 16
f 1 16 17
f 1 17 18
f 1 18 19
f 1 19 20
f 1 20 21
f 1 21 22
f 1 22 23
f 1 23 24
f 1 24 25
f 1 25 2
f 3 2 26
f 2 27 26
f 4 3 28
f 3 26 28
f 5 4 29
f 4 28 29
f 6 5 30
f 5 29 30
f 7 6 31
f 6 30 31
f 8 7 32
f 7 31 32
f 9 8 33
f 8 32 33
f 10 9 34
f 9 33 34
f 11 10 35
f 10 34 35
f 12 11 36
f 11 35 36
f 13 12 37
f 12 36 37
f 14 13 38
f 13 37 38
f 15 14 39
f 14 38 39
f 16 15 40
f 15 39 40
f 17 16 41
f 16 40 41
f 18 17 42
f 17 41 42
f 19 18 43
f 18 42 43
f 20 19 44
f 19 43 44
f 21 20 45
f 20 44 45
f 22 21 46
f 21 45 46
f 23 22 47
f 22 46 47
f 24 23 48
f 23 47 48
f 25 24 49
f 24 48 49
f 2 25 27
f 25 49 27
f 26 27 50
f 27 51 50
f 28 26 52
f 26 50 52
f 29 28 53
f 28 52 53
f 30 29 54
f 29 53 54
f 31 30 55
f 30 54 55
f 32 31 56
f 31 55 56
f 33 32 57
f 32 56 57
f 34 33 58
f 33 57 58
f 35 34 59
f 34 58 59
f 36 35 60
f 35 59 60
f 37 36 61
f 36 60 61
f 38 37 62
f 37 61 62
f 39 38 63
f 38 62 63
f 40 39 64
f 39 63 64
f 41 40 65
f 40 64 65
f 42 41 66
f 41 65 66
f 43 42 67
f 42 66 67
f 44 43 68
f 43 67 68
f 45 44 69
f 44 68 69
f 46 45 70
f 45 69 70
f 47 46 71
f 46 70 71
f 48 47 72
f 47 71 72
f 49 48 73
f 48 72 73
f 27 49 51
f 49 73 51
f 50 51 74
f 51 75 74
f 52 50 76
f 50 74 76
f 53 52 77
f 52 76 77
f 54 53 78
f 53 77 78
f 55 54 79
f 54 78 79
f 56 55 80
f 55 79 80
f 57 56 81
f 56 80 81
f 58 57 82
f 57 81 82
f 59 58 83
f 58 82 83
f 60 59 84
f 59 83 84
f 61 60 85
f 60 84 85
f 62 61 86
f 61 85 86
f 63 62 87
f 62 86 87
f 64 63 88
f 63 87 88
f 65 64 89
f 64 88 89
f 66 65 90
f 65 89 90
f 67 66 91
f 66 90 91
f 68 67 92
f 67 91 92
f 69 68 93
f 68 92 93
f 70 69 94
f 69 93 94
f 71 70 95
f 70 94 95
f 72 71 96
f 71 95 96
f 73 72 97
f 72 96 97
f 51 73 75
f 73 97 75
f 74 75 98
f 75 99 98
f 76 74 100
f 74 98 100
f 77 76 101
f 76 100 101
f 78 77 102
f 77 101 102
f 79 78 103
f 78 102 103
f 80 79 104
f 79 103 104
f 81 80 105
f 80 104 105
f 82 81 106
f 81 105 106
f 83 82 107
f 82 106 107
f 84 83 108
f 83 107 108
f 85 84 109
f 84 108 109
f 86 85 110
f 85 109 110
f 87 86 111
f 86 110 111
f 88 87 112
f 87 111 112
f 89 88 113
f 88 112 113
f 90 89 114
f 89 113 114
f 91 90 115
f 90 114 115
f 92 91 116
f 91 115 116
f 93 92 117
f 92 116 117
f 94 93 118
f 93 117 118
f 95 94 119
f 94 118 119
f 96 95 120
f 95 119 120
f 97 96 121
f 96 120 121
f 75 97 99
f 97 121 99
f 98 99 122
f 99 123 122
f 100 98 124
f 98 122 124
f 101 100 125
f 100 124 125
f 102 101 126
f 101 125 126
f 103 102 127
f 102 126 127
f 104 103 128
f 103 127 128
f 105 104 129
f 104 128 129
f 106 105 130
f 105 129 130
f 107 106 131
f 106 130 131
f 108 107 132
f 107 131 132
f 109 108 133
f 108 132 133
f 110 109 134
f 109 133 134
f 111 110 135
f 110 134 135
f 112 111 136
f 111 135 136
f 113 112 137
f 112 136 137
f 114 113 138
f 113 137 138
f 115 114 139
f 114 138 139
f 116 115 140
f 115 139 140
f 117 116 141
f 116 140 141
f 118 117 142
f 117 141 142
f 119 118 143
f 118 142 143
f 120 119 144
f 119 143 144
f 121 120 145
f 120 144 145
f 99 121 123
f 121 145 123
f 122 123 146
f 123 147 146
f 124 122 148
f 122 146 148
f 125 124 149
f 124 148 149
f 126 125 150
f 125 149 150
f 127 126 151
f 126 150 151
f 128 127 152
f 127 151 152
f 129 128 153
f 128 152 153
f 130 129 154
f 129 153 154
f 131 130 155
f 130 154 155
f 132 131 156
f 131 155 156
f 133 132 157
f 132 156 157
f 134 133 158
f 133 157 158
f 135 134 159
f 134 158 159
f 136 135 160
f 135 159 160
f 137 136 161
f 136 160 161
f 138 137 162
f 137 161 162
f 139 138 163
f 138 162 163
f 140 139 164
f 139 163 164
f 141 140 165
f 140 164 165
f 142 141 166
f 141 165 166
f 143 142 167
f 142 166 167
f 144 143 168
f 143 167 168
f 145 144 169
f 144 168 169
f 123 145 147
f 145 169 147
f 146 147 170
f 147 171 170
f 148 146 172
f 146 170 172
f 149 148 173
f 148 172 173
f 150 149 174
f 149 173 174
f 151 150 175
f 150 174 175
f 152 151 176
f 151 175 176
f 153 152 177
f 152 176 177
f 154 153 178
f 153 177 178
f 155 154 179
f 154 178 179
f 156 155 180
f 155 179 180
f 157 156 181
f 156 180 181
f 158 157 182
f 157 181 182
f 159 158 183
f 158 182 183
f 160 159 184
f 159 183 184
f 161 160 185
f 160 184 185
f 162 161 186
f 161 185 186
f 163 162 187
f 162 186 187
f 164 163 188
f 163 187 188
f 165 164 189
f 164 188 189
f 166 165 190
f 165 189 190
f 167 166 191
f 166 190 191
f 168 167 192
f 167 191 192
f 169 168 193
f 168 192 193
f 147 169 171
f 169 193 171
f 170 171 194
f 171 195 194
f 172 170 196
f 170 194 196
f 173 172 197
f 172 196 197
f 174 173 198
f 173 197 198
f 175 174 199
f 174 198 199
f 176 175 200
f 175 199 200
f 177 176 201
f 176 200 201
f 178 177 202
f 177 201 202
f 179 178 203
f 178 202 203
f 180 179 204
f 179 203 204
f 181 180 205
f 180 204 205
f 182 181 206
f 181 205 206
f 183 182 207
f 182 206 207
f 184 183 208
f 183 207 208
f 185 184 209
f 184 208 209
f 186 185 210
f 185 209 210
f 187 186 211
f 186 210 211
f 188 187 212
f 187 211 212
f 189 188 213
f 188 212 213
f 190 189 214
f 189 213 214
f 191 190 215
f 190 214 215
f 192 191 216
f 191 215 216
f 193 192 217
f 192 216 217
f 171 193 195
f 193 217 195
f 194 195 218
f 195 219 218
f 196 194 220
f 194 218 220
f 197 196 221
f 196 220 221
f 198 197 222
f 197 221 222
f 199 198 223
f 198 222 223
f 200 199 224
f 199 223 224
f 201 200 225
f 200 224 225
f 202 201 226
f 201 225 226
f 203 202 227
f 202 226 227
f 204 203 228
f 203 227 228
f 205 204 229
f 204 228 229
f 206 205 230
f 205 229 230
f 207 206 231
f 206 230 231
f 208 207 232
f 207 231 232
f 209 208 233
f 208 232 233
f 210 209 234
f 209 233 234
f 211 210 235
f 210 234 235
f 212 211 236
f 211 235 236
f 213 212 237
f 212 236 237
f 214 213 238
f 213 237 238
f 215 214 239
f 214 238 239
f 216 215 240
f 215 239 240
f 217 216 241
f 216 240 241
f 195 217 219
f 217 241 219
f 218 219 242
f 219 243 242
f 220 218 244
f 218 242 244
f 221 220 245
f 220 244 245
f 222 221 246
f 221 245 246
f 223 222 247
f 222 246 247
f 224 223 248
f 223 247 248
f 225 224 249
f 224 248 249
f 226 225 250
f 225 249 250
f 227 226 251
f 226 250 251
f 228 227 252
f 227 251 252
f 229 228 253
f 228 252 253
f 230 229 254
f 229 253 254
f 231 230 255
f 230 254 255
f 232 231 256
f 231 255 256
f 233 232 257
f 232 256 257
f 234 233 258
f 233 257 258
f 235 234 259
f 234 258 259
f 236 235 260
f 235 259 260
f 237 236 261
f 236 260 261
f 238 237 262
f 237 261 262
f 239 238 263
f 238 262 263
f 240 239 264
f 239 263 264
f 241 240 265
f 240 264 265
f 219 241 243
f 241 265 243
f 242 243 266
f 243 267 266
f 244 242 268
f 242 266 268
f 245 244 269
f 244 268 269
f 246 245 270
f 245 269 270
f 247 246 271
f 246 270 271
f 248 247 272
f 247 271 272
f 249 248 273
f 248 272 273
f 250 249 274
f 249 273 274
f 251 250 275
f 250 274 275
f 252 251 276
f 251 275 276
f 253 252 277
f 252 276 277
f 254 253 278
f 253 277 278
f 255 254 279
f 254 278 279
f 256 255 280
f 255 279 280
f 257 256 281
f 256 280 281
f 258 257 282
f 257 281 282
f 259 258 283
f 258 282 283
f 260 259 284
f 259 283 284
f 261 260 285
f 260 284 285
f 262 261 286
f 261 285 286
f 263 262 287
f 262 286 287
f 264 263 288
f 263 287 288
f 265 264 289
f 264 288 289
f 243 265 267
f 265 289 267
f 266 267 290
f 267 291 290
f 268 266 292
f 266 290 292
f 269 268 293
f 268 292 293
f 270 269 294
f 269 293 294
f 271 270 295
f 270 294 295
f 272 271 296
f 271 295 296
f 273 272 297
f 272 296 297
f 274 273 298
f 273 297 298
f 275 274 299
f 274 298 299
f 276 275 300
f 275 299 300
f 277 276 301
f 276 300 301
f 278 277 302
f 277 301 302
f 279 278 303
f 278 302 303
f 280 279 304
f 279 303 304
f 281 280 305
f 280 304 305
f 282 281 306
f 281 305 306
f 283 282 307
f 282 306 307
f 284 283 308
f 283 307 308
f 285 284 309
f 284 308 309
f 286 285 310
f 285 309 310
f 287 286 311
f 286 310 311
f 288 287 312
f 287 311 312
f 289 288 313
f 288 312 313
f 267 289 291
f 289 313 291
f 290 291 314
f 291 315 314
f 292 290 316
f 290 314 316
f 293 292 317
f 292 316 317
f 294 293 318
f 293 317 318
f 295 294 319
f 294 318 319
f 296 295 320
f 295 319 320
f 297 296 321
f 296 320 321
f 298 297 322
f 297 321 322
f 299 298 323
f 298 322 323
f 300 299 324
f 299 323 324
f 301 300 325
f 300 324 325
f 302 301 326
f 301 325 326
f 303 302 327
f 302 326 327
f 304 303 328
f 303 327 328
f 305 304 329
f 304 328 329
f 306 305 330
f 305 329 330
f 307 306 331
f 306 330 331
f 308 307 332
f 307 331 332
f 309 308 333
f 308 332 333
f 310 309 334
f 309 333 334
f 311 310 335
f 310 334 335
f 312 311 336
f 311 335 336
f 313 312 337
f 312 336 337
f 291 313 315
f 313 337 315
f 314 315 338
f 315 339 338
f 316 314 340
f 314 338 340
f 317 316 341
f 316 340 341
f 318 317 342
f 317 341 342
f 319 318 343
f 318 342 343
f 320 319 344
f 319 343 344
f 321 320 345
f 320 344 345
f 322 321 346
f 321 345 346
f 323 322 347
f 322 346 347
f 324 323 348
f 323 347 348
f 325 324 349
f 324 348 349
f 326 325 350
f 325 349 350
f 327 326 351
f 326 350 351
f 328 327 352
f 327 351 352
f 329 328 353
f 328 352 353
f 330 329 354
f 329 353 354
f 331 330 355
f 330 354 355
f 332 331 356
f 331 355 356
f 333 332 357
f 332 356 357
f 334 333 358
f 333 357 358
f 335 334 359
f 334 358 359
f 336 335 360
f 335 359 360
f 337 336 361
f 336 360 361
f 315 337 339
f 337 361 339
f 338 339 362
f 339 363 362
f 340 338 364
f 338 362 364
f 341 340 365
f 340 364 365
f 342 341 366
f 341 365 366
f 343 342 367
f 342 366 367
f 344 343 368
f 343 367 368
f 345 344 369
f 344 368 369
f 346 345 370
f 345 369 370
f 347 346 371
f 346 370 371
f 348 347 372
f 347 371 372
f 349 348 373
f 348 372 373
f 350 349 374
f 349 373 374
f 351 350 375
f 350 374 375
f 352 351 376
f 351 375 376
f 353 352 377
f 352 376 377
f 354 353 378
f 353 377 378
f 355 354 379
f 354 378 379
f 356 355 380
f 355 379 380
f 357 356 381
f 356 380 381
f 358 357 382
f 357 381 382
f 359 358 383
f 358 382 383
f 360 359 384
f 359 383 384
f 361 360 385
f 360 384 385
f 339 361 363
f 361 385 363
f 362 363 386
f 363 387 386
f 364 362 388
f 362 386 388
f 365 364 389
f 364 388 389
f 366 365 390
f 365 389 390
f 367 366 391
f 366 390 391
f 368 367 392
f 367 391 392
f 369 368 393
f 368 392 393
f 370 369 394
f 369 393 394
f 371 370 395
f 370 394 395
f 372 371 396
f 371 395 396
f 373 372 397
f 372 396 397
f 374 373 398
f 373 397 398
f 375 374 399
f 374 398 399
f 376 375 400
f 375 399 400
f 377 376 401
f 376 400 401
f 378 377 402
f 377 401 402
f 379 378 403
f 378 402 403
f 380 379 404
f 379 403 404
f 381 380 405
f 380 404 405
f 382 381 406
f 381 405 406
f 383 382 407
f 382 406 407
f 384 383 408
f 383 407 408
f 385 384 409
f 384 408 409
f 363 385 387
f 385 409 387
f 386 387 410
f 387 411 410
f 388 386 412
f 386 410 412
f 389 388 413
f 388 412 413
f 390 389 414
f 389 413 414
f 391 390 415
f 390 414 415
f 392 391 416
f 391 415 416
f 393 392 417
f 392 416 417
f 394 393 418
f 393 417 418
f 395 394 419
f 394 418 419
f 396 395 420
f 395 419 420
f 397 396 421
f 396 420 421
f 398 397 422
f 397 421 422
f 399 398 423
f 398 422 423
f 400 399 424
f 399 423 424
f 401 400 425
f 400 424 425
f 402 401 426
f 401 425 426
f 403 402 427
f 402 426 427
f 404 403 428
f 403 427 428
f 405 404 429
f 404 428 429
f 406 405 430
f 405 429 430
f 407 406 431
f 406 430 431
f 408 407 432
f 407 431 432
f 409 408 433
f 408 432 433
f 387 409 411
f 409 433 411
f 410 411 434
f 411 435 434
f 412 410 436
f 410 434 436
f 413 412 437
f 412 436 437
f 414 413 438
f 413 437 438
f 415 414 439
f 414 438 439
f 416 415 440
f 415 439 440
f 417 416 441
f 416 440 441
f 418 417 442
f 417 441 442
f 419 418 443
f 418 442 443
f 420 419 444
f 419 443 444
f 421 420 445
f 420 444 445
f 422 421 446
f 421 445 446
f 423 422 447
f 422 446 447
f 424 423 448
f 423 447 448
f 425 424 449
f 424 448 449
f 426 425 450
f 425 449 450
f 427 426 451
f 426 450 451
f 428 427 452
f 427 451 452
f 429 428 453
f 428 452 453
f 430 429 454
f 429 453 454
f 431 430 455
f 430 454 455
f 432 431 456
f 431 455 456
f 433 432 457
f 432 456 457
f 411 433 435
f 433 457 435
f 434 435 458
f 435 459 458
f 436 434 460
f 434 458 460
f 437 436 461
f 436 460 461
f 438 437 462
f 437 461 462
f 439 438 463
f 438 462 463
f 440 439 464
f 439 463 464
f 441 440 465
f 440 464 465
f 442 441 466
f 441 465 466
f 443 442 467
f 442 466 467
f 444 443 468
f 443 467 468
f 445 444 469
f 444 468 469
f 446 445 470
f 445 469 470
f 447 446 471
f 446 470 471
f 448 447 472
f 447 471 472
f 449 448 473
f 448 472 473
f 450 449 474
f 449 473 474
f 451 450 475
f 450 474 475
f 452 451 476
f 451 475 476
f 453 452 477
f 452 476 477
f 454 453 478
f 453 477 478
f 455 454 479
f 454 478 479
f 456 455 480
f 455 479 480
f 457 456 481
f 456 480 481
f 435 457 459
f 457 481 459
f 458 459 482
f 459 483 482
f 460 458 484
f 458 482 484
f 461 460 485
f 460 484 485
f 462 461 486
f 461 485 486
f 463 462 487
f 462 486 487
f 464 463 488
f 463 487 488
f 465 464 489
f 464 488 489
f 466 465 490
f 465 489 490
f 467 466 491
f 466 490 491
f 468 467 492
f 467 491 492
f 469 468 493
f 468 492 493
f 470 469 494
f 469 493 494
f 471 470 495
f 470 494 495
f 472 471 496
f 471 495 496
f 473 472 497
f 472 496 497
f 474 473 498
f 473 497 498
f 475 474 499
f 474 498 499
f 476 475 500
f 475 499 500
f 477 476 501
f 476 500 501
f 478 477 502
f 477 501 502
f 479 478 503
f 478 502 503
f 480 479 504
f 479 503 504
f 481 480 505
f 480 504 505
f 459 481 483
f 481 505 483
f 482 483 506
f 483 507 506
f 484 482 508
f 482 506 508
f 485 484 509
f 484 508 509
f 486 485 510
f 485 509 510
f 487 486 511
f 486 510 511
f 488 487 512
f 487 511 512
f 489 488 513
f 488 512 513
f 490 489 514
f 489 513 514
f 491 490 515
f 490 514 515
f 492 491 516
f 491 515 516
f 493 492 517
f 492 516 517
f 494 493 518
f 493 517 518
f 495 494 519
f 494 518 519
f 496 495 520
f 495 519 520
f 497 496 521
f 496 520 521
f 498 497 522
f 497 521 522
f 499 498 523
f 498 522 523
f 500 499 524
f 499 523 524
f 501 500 525
f 500 524 525
f 502 501 526
f 501 525 526
f 503 502 527
f 502 526 527
f 504 503 528
f 503 527 528
f 505 504 529
f 504 528 529
f 483 505 507
f 505 529 507
f 506 507 530
f 507 531 530
f 508 506 532
f 506 530 532
f 509 508 533
f 508 532 533
f 510 509 534
f 509 533 534
f 511 510 535
f 510 534 535
f 512 511 536
f 511 535 536
f 513 512 537
f 512 536 537
f 514 513 538
f 513 537 538
f 515 514 539
f 514 538 539
f 516 515 540
f 515 539 540
f 517 516 541
f 516 540 541
f 518 517 542
f 517 541 542
f 519 518 543
f 518 542 543
f 520 519 544
f 519 543 544
f 521 520 545
f 520 544 545
f 522 521 546
f 521 545 546
f 523 522 547
f 522 546 547
f 524 523 548
f 523 547 548
f 525 524 549
f 524 548 549
f 526 525 550
f 525 549 550
f 527 526 551
f 526 550 551
f 528 527 552
f 527 551 552
f 529 528 553
f 528 552 553
f 507 529 531
f 529 553 531
f 530 531 554
f 531 555 554
f 532 530 556
f 530 554 556
f 533 532 557
f 532 556 557
f 534 533 558
f 533 557 558
f 535 534 559
f 534 558 559
f 536 535 560
f 535 559 560
f 537 536 561
f 536 560 561
f 538 537 562
f 537 561 562
f 539 538 563
f 538 562 563
f 540 539 564
f 539 563 564
f 541 540 565
f 540 564 565
f 542 541 566
f 541 565 566
f 543 542 567
f 542 566 567
f 544 543 568
f 543 567 568
f 545 544 569
f 544 568 569
f 546 545 570
f 545 569 570
f 547 546 571
f 546 570 571
f 548 547 572
f 547 571 572
f 549 548 573
f 548 572 573
f 550 549 574
f 549 573 574
f 551 550 575
f 550 574 575
f 552 551 576
f 551 575 576
f 553 552 577
f 552 576 577
f 531 553 555
f 553 577 555
f 554 555 578
f 556 554 578
f 557 556 578
f 558 557 578
f 559 558 578
f 560 559 578
f 561 560 578
f 562 561 578
f 563 562 578
f 564 563 578
f 565 564 578
f 566 565 578
f 567 566 578
f 568 567 578
f 569 568 578
f 570 569 578
f 571 570 578
f 572 571 578
f 573 572 578
f 574 573 578
f 575 574 578
f 576 575 578
f 577 576 578
f 555 577 578
f 579 580 581
f 582 579 581
f 583 582 581
f 584 583 581
f 585 584 581
f 586 585 581
f 587 586 581
f 588 587 581
f 589 588 581
f 590 589 581
f 591 590 581
f 592 591 581
f 593 592 581
f 594 593 581
f 595 594 581
f 596 595 581
f 597 596 581
f 598 597 581
f 599 598 581
f 580 599 581
f 600 601 602
f 601 603 602
f 603 604 602
f 604 605 602
f 605 606 602
f 606 607 602
f 607 608 602
f 608 609 602
f 609 610 602
f 610 611 602
f 611 612 602
f 612 613 602
f 613 614 602
f 614 615 602
f 615 616 602
f 616 617 602
f 617 618 602
f 618 619 602
f 619 620 602
f 620 600 602
f 580 579 601
f 580 601 600
f 579 582 603
f 579 603 601
f 582 583 604
f 582 604 603
f 583 584 605
f 583 605 604
f 584 585 606
f 584 606 605
f 585 586 607
f 585 607 606
f 586 587 608
f 586 608 607
f 587 588 609
f 587 609 608
f 588 589 610
f 588 610 609
f 589 590 611
f 589 611 610
f 590 591 612
f 590 612 611
f 591 592 613
f 591 613 612
f 592 593 614
f 592 614 613
f 593 594 615
f 593 615 614
f 594 595 616
f 594 616 615
f 595 596 617
f 595 617 616
f 596 597 618
f 596 618 617
f 597 598 619
f 597 619 618
f 598 599 620
f 598 620 619
f 599 580 600
f 599 600 620
f 621 622 623
f 624 621 623
f 625 624 623
f 626 625 623
f 627 626 623
f 628 627 623
f 629 628 623
f 630 629 623
f 631 630 623
f 632 631 623
f 633 632 623
f 634 633 623
f 635 634 623
f 636 635 623
f 637 636 623
f 638 637 623
f 639 638 623
f 640 639 623
f 641 640 623
f 622 641 623
f 642 643 644
f 643 645 644
f 645 646 644
f 646 647 644
f 647 648 644
f 648 649 644
f 649 650 644
f 650 651 644
f 651 652 644
f 652 653 644
f 653 654 644
f 654 655 644
f 655 656 644
f 656 657 644
f 657 658 644
f 658 659 644
f 659 660 644
f 660 661 644
f 661 662 644
f 662 642 644
f 622 621 643
f 622 643 642
f 621 624 645
f 621 645 643
f 624 625 646
f 624 646 645
f 625 626 647
f 625 647 646
f 626 627 648
f 626 648 647
f 627 628 649
f 627 649 648
f 628 629 650
f 628 650 649
f 629 630 651
f 629 651 650
f 630 631 652
f 630 652 651
f 631 632 653
f 631 653 652
f 632 633 654
f 632 654 653
f 633 634 655
f 633 655 654
f 634 635 656
f 634 656 655
f 635 636 657
f 635 657 656
f 636 637 658
f 636 658 657
f 637 638 659
f 637 659 658
f 638 639 660
f 638 660 659
f 639 640 661
f 639 661 660
f 640 641 662
f 640 662 661
f 641 622 642
f 641 642 662
f 1738 1739 1740
f 1738 1740 1741
f 1742 1743 1744
f 1745 1746 1747
f 1748 1749 1750
f 1751 1742 1744
f 1752 1753 1754
f 1754 1753 1755
f 1756 1757 1758
f 1759 1758 1760
f 1761 1762 1744
f 1761 1744 1763
f 1750 1747 1748
f 1764 1753 1765
f 1752 1765 1753
f 1766 1755 1753
f 1767 1768 1755
f 1766 1767 1755
f 1769 1770 1771
f 1769 1771 1772
f 1762 1773 1751
f 1762 1751 1744
f 1774 1775 1776
f 1771 1777 1778
f 1771 1778 1772
f 1779 1780 1781
f 1782 1779 1781
f 1783 1782 1781
f 1781 1784 1783
f 1785 1786 1787
f 1788 1785 1787
f 1777 1789 1790
f 1777 1790 1778
f 1791 1774 1792
f 1793 1792 1774
f 1775 1774 1791
f 1794 1776 1775
f 1768 1793 1774
f 1774 1755 1768
f 1773 1795 1796
f 1773 1796 1751
f 1797 1798 1799
f 1800 1799 1798
f 1801 1802 1803
f 1804 1805 1806
f 1807 1808 1809
f 1810 1811 1812
f 1813 1814 1815
f 1816 1814 1813
f 1817 1806 1805
f 1818 1815 1819
f 1820 1810 1812
f 1821 1822 1778
f 1772 1778 1822
f 1813 1787 1816
f 1790 1823 1824
f 1764 1784 1781
f 1825 1787 1786
f 1826 1827 1828
f 1826 1828 1820
f 1813 1815 1787
f 1773 1762 1771
f 1761 1771 1762
f 1823 1829 1824
f 1830 1815 1818
f 1826 1831 1827
f 1803 1832 1801
f 1833 1834 1832
f 1835 1836 1832
f 1835 1832 1803
f 1837 1838 1785
f 1837 1785 1839
f 1818 1840 1830
f 1795 1773 1771
f 1841 1842 1828
f 1843 1844 1807
f 1804 1845 1805
f 1836 1846 1833
f 1836 1833 1832
f 1740 1847 1771
f 1847 1848 1771
f 1838 1771 1848
f 1837 1771 1838
f 1841 1828 1827
f 1841 1827 1831
f 1817 1805 1845
f 1817 1845 1746
f 1848 1786 1785
f 1848 1785 1838
f 1849 1850 1851
f 1852 1853 1854
f 1855 1851 1850
f 1829 1750 1749
f 1748 1747 1746
f 1749 1824 1829
f 1847 1856 1786
f 1847 1786 1848
f 1841 1857 1858
f 1841 1858 1859
f 1740 1739 1856
f 1740 1856 1847
f 1748 1845 1860
f 1857 1861 1858
f 1835 1854 1853
f 1845 1748 1746
f 1830 1839 1788
f 1785 1788 1839
f 1862 1863 1861
f 1809 1864 1865
f 1866 1825 1786
f 1863 1862 1867
f 1760 1867 1862
f 1786 1856 1866
f 1738 1868 1867
f 1861 1869 1858
f 1863 1868 1861
f 1870 1738 1867
f 1760 1870 1867
f 1739 1870 1856
f 1870 1866 1856
f 1844 1797 1799
f 1844 1799 1871
f 1872 1811 1864
f 1872 1864 1873
f 1842 1809 1865
f 1809 1843 1807
f 1874 1800 1798
f 1874 1798 1742
f 1875 1876 1877
f 1853 1878 1836
f 1879 1876 1875
f 1810 1865 1864
f 1810 1864 1811
f 1747 1880 1745
f 1821 1790 1881
f 1882 1883 1884
f 1824 1881 1790
f 1778 1790 1821
f 1799 1800 1874
f 1799 1874 1871
f 1880 1885 1886
f 1880 1886 1745
f 1784 1812 1811
f 1811 1872 1784
f 1887 1784 1872
f 1888 1889 1890
f 1891 1892 1890
f 1892 1893 1894
f 1890 1892 1894
f 1875 1895 1896
f 1875 1896 1879
f 1885 1897 1898
f 1885 1898 1886
f 1844 1742 1798
f 1844 1798 1797
f 1820 1828 1810
f 1865 1810 1828
f 1779 1782 1891
f 1877 1899 1895
f 1877 1895 1875
f 1865 1828 1842
f 1897 1900 1901
f 1897 1901 1898
f 1871 1807 1844
f 1843 1743 1844
f 1859 1744 1743
f 1858 1902 1859
f 1903 1904 1899
f 1903 1899 1877
f 1796 1905 1874
f 1906 1907 1871
f 1807 1871 1907
f 1900 1837 1839
f 1900 1839 1901
f 1874 1742 1796
f 1751 1796 1742
f 1744 1859 1763
f 1908 1909 1906
f 1783 1784 1887
f 1826 1820 1910
f 1910 1820 1812
f 1911 1912 1913
f 1895 1899 1914
f 1896 1895 1914
f 1871 1874 1906
f 1913 1912 1910
f 1915 1916 1849
f 1855 1850 1917
f 1917 1850 1918
f 1844 1743 1742
f 1822 1919 1920
f 1904 1921 1899
f 1919 1914 1899
f 1922 1894 1906
f 1908 1906 1894
f 1842 1743 1809
f 1843 1809 1743
f 1842 1859 1743
f 1906 1874 1905
f 1905 1923 1906
f 1905 1796 1924
f 1795 1924 1796
f 1802 1860 1925
f 1926 1922 1923
f 1902 1858 1869
f 1763 1859 1902
f 1860 1802 1748
f 1801 1748 1802
f 1924 1927 1923
f 1924 1923 1905
f 1761 1763 1902
f 1749 1748 1834
f 1834 1748 1801
f 1834 1928 1824
f 1834 1824 1749
f 1927 1929 1926
f 1927 1926 1923
f 1824 1928 1881
f 1930 1881 1928
f 1739 1738 1870
f 1863 1867 1868
f 1754 1910 1752
f 1754 1913 1910
f 1931 1926 1929
f 1914 1821 1930
f 1821 1881 1930
f 1765 1752 1910
f 1932 1896 1928
f 1930 1928 1896
f 1833 1932 1928
f 1928 1834 1833
f 1801 1832 1834
f 1812 1765 1910
f 1929 1927 1771
f 1924 1771 1927
f 1795 1771 1924
f 1913 1755 1774
f 1869 1861 1868
f 1932 1833 1933
f 1846 1933 1833
f 1754 1755 1913
f 1929 1934 1931
f 1846 1836 1878
f 1864 1808 1873
f 1932 1933 1879
f 1932 1879 1896
f 1914 1930 1896
f 1908 1894 1893
f 1893 1873 1908
f 1821 1914 1822
f 1919 1822 1914
f 1935 1761 1902
f 1771 1934 1929
f 1771 1837 1900
f 1771 1900 1897
f 1771 1897 1885
f 1771 1885 1880
f 1934 1936 1937
f 1934 1937 1931
f 1921 1920 1919
f 1892 1891 1782
f 1892 1782 1783
f 1936 1938 1884
f 1936 1884 1937
f 1761 1935 1771
f 1939 1771 1935
f 1760 1758 1757
f 1938 1940 1941
f 1938 1941 1884
f 1886 1898 1942
f 1870 1757 1943
f 1909 1908 1873
f 1830 1942 1898
f 1898 1901 1830
f 1757 1870 1760
f 1940 1770 1769
f 1940 1769 1941
f 1883 1944 1945
f 1783 1887 1893
f 1783 1893 1892
f 1839 1830 1901
f 1909 1873 1808
f 1809 1808 1864
f 1940 1771 1770
f 1938 1771 1940
f 1936 1771 1938
f 1934 1771 1936
f 1808 1807 1909
f 1883 1945 1888
f 1817 1746 1806
f 1946 1806 1746
f 1887 1872 1873
f 1887 1873 1893
f 1804 1947 1845
f 1946 1947 1804
f 1946 1804 1806
f 1920 1882 1941
f 1931 1948 1926
f 1948 1922 1926
f 1937 1948 1931
f 1919 1899 1921
f 1921 1904 1949
f 1950 1889 1945
f 1950 1945 1949
f 1944 1949 1945
f 1921 1949 1944
f 1831 1826 1951
f 1769 1772 1920
f 1941 1769 1920
f 1746 1745 1946
f 1942 1946 1886
f 1903 1952 1949
f 1903 1949 1904
f 1902 1869 1939
f 1902 1939 1935
f 1888 1945 1889
f 1793 1768 1876
f 1952 1780 1950
f 1952 1950 1949
f 1822 1920 1772
f 1953 1925 1947
f 1947 1946 1953
f 1780 1779 1889
f 1780 1889 1950
f 1768 1954 1876
f 1891 1890 1889
f 1841 1831 1857
f 1831 1955 1857
f 1956 1939 1868
f 1868 1939 1869
f 1942 1953 1946
f 1745 1886 1946
f 1891 1889 1779
f 1884 1941 1882
f 1937 1884 1883
f 1957 1937 1883
f 1948 1937 1957
f 1906 1923 1922
f 1794 1775 1852
f 1952 1903 1954
f 1903 1877 1954
f 1956 1771 1939
f 1775 1853 1852
f 1882 1920 1944
f 1921 1944 1920
f 1954 1766 1781
f 1766 1753 1781
f 1841 1859 1842
f 1775 1791 1853
f 1944 1883 1882
f 1947 1925 1845
f 1860 1845 1925
f 1883 1888 1957
f 1784 1765 1812
f 1857 1958 1861
f 1948 1957 1890
f 1888 1890 1957
f 1741 1956 1738
f 1868 1738 1956
f 1922 1948 1894
f 1890 1894 1948
f 1862 1861 1958
f 1741 1740 1771
f 1741 1771 1956
f 1866 1870 1943
f 1907 1906 1909
f 1825 1866 1816
f 1943 1816 1866
f 1951 1910 1912
f 1826 1910 1951
f 1807 1907 1909
f 1816 1787 1825
f 1954 1768 1767
f 1831 1951 1912
f 1831 1912 1955
f 1787 1815 1788
f 1912 1911 1759
f 1912 1759 1955
f 1815 1830 1788
f 1911 1959 1758
f 1911 1758 1759
f 1767 1766 1954
f 1819 1855 1917
f 1819 1917 1960
f 1959 1961 1756
f 1959 1756 1758
f 1781 1753 1764
f 1917 1918 1962
f 1917 1962 1960
f 1784 1764 1765
f 1760 1862 1759
f 1955 1759 1862
f 1862 1958 1955
f 1958 1857 1955
f 1911 1913 1959
f 1913 1849 1961
f 1959 1913 1961
f 1916 1961 1849
f 1851 1915 1849
f 1756 1961 1916
f 1756 1916 1963
f 1960 1962 1818
f 1819 1960 1818
f 1840 1818 1962
f 1916 1915 1964
f 1916 1964 1963
f 1965 1966 1747
f 1965 1747 1750
f 1915 1851 1814
f 1915 1814 1964
f 1840 1962 1967
f 1851 1855 1819
f 1851 1819 1814
f 1966 1880 1747
f 1943 1757 1963
f 1963 1964 1943
f 1963 1757 1756
f 1816 1943 1964
f 1942 1830 1840
f 1823 1790 1968
f 1789 1968 1790
f 1964 1814 1816
f 1840 1953 1942
f 1968 1969 1829
f 1968 1829 1823
f 1819 1815 1814
f 1750 1829 1969
f 1750 1969 1965
f 1840 1967 1970
f 1967 1971 1970
f 1802 1972 1803
f 1970 1953 1840
f 1880 1966 1771
f 1966 1965 1771
f 1965 1969 1771
f 1969 1968 1771
f 1968 1777 1771
f 1789 1777 1968
f 1925 1953 1970
f 1967 1973 1854
f 1967 1854 1971
f 1854 1835 1803
f 1854 1803 1971
f 1854 1973 1852
f 1973 1918 1852
f 1850 1852 1918
f 1962 1918 1973
f 1962 1973 1967
f 1971 1803 1972
f 1970 1971 1972
f 1972 1925 1970
f 1925 1972 1802
f 1774 1849 1913
f 1849 1794 1850
f 1794 1852 1850
f 1774 1776 1849
f 1849 1776 1794
f 1933 1846 1878
f 1836 1835 1853
f 1876 1954 1877
f 1879 1933 1878
f 1878 1876 1879
f 1853 1791 1792
f 1853 1792 1878
f 1780 1952 1954
f 1792 1793 1878
f 1878 1793 1876
f 1954 1781 1780
f 2024 2025 2026
f 2027 2028 2029
f 2030 2029 2028
f 2031 2032 2033
f 2034 2035 2036
f 2035 2037 2036
f 2038 2039 2040
f 2039 2041 2040
f 2042 2043 2024
f 2033 2044 2042
f 2044 2043 2042
f 2043 2045 2024
f 2025 2024 2045
f 2046 2047 2048
f 2049 2046 2048
f 2050 2048 2047
f 2051 2052 2053
f 2053 2054 2055
f 2046 2049 2056
f 2057 2026 2058
f 2025 2058 2026
f 2049 2057 2056
f 2056 2057 2058
f 2036 2037 2059
f 2060 2059 2037
f 2047 2061 2050
f 2062 2063 2064
f 2038 2065 2039
f 2066 2046 2056
f 2067 2068 2069
f 2070 2064 2063
f 2029 2071 2072
f 2069 2073 2067
f 2065 2067 2073
f 2073 2039 2065
f 2063 2055 2074
f 2051 2053 2075
f 2076 2077 2078
f 2079 2080 2077
f 2069 2033 2073
f 2081 2057 2049
f 2076 2082 2077
f 2083 2070 2074
f 2063 2074 2070
f 2084 2085 2072
f 2086 2087 2088
f 2088 2089 2090
f 2091 2072 2085
f 2085 2059 2091
f 2060 2091 2059
f 2056 2092 2066
f 2085 2030 2059
f 2093 2069 2068
f 2063 2094 2055
f 2095 2096 2031
f 2075 2053 2055
f 2097 2098 2086
f 2059 2028 2099
f 2059 2099 2036
f 2080 2078 2077
f 2064 2070 2100
f 2100 2101 2095
f 2096 2095 2101
f 2096 2032 2031
f 2044 2033 2032
f 2101 2100 2070
f 2087 2086 2098
f 2089 2088 2087
f 2098 2097 2102
f 2030 2102 2071
f 2103 2104 2105
f 2106 2105 2104
f 2105 2093 2103
f 2068 2103 2093
f 2070 2083 2101
f 2091 2029 2072
f 2107 2064 2100
f 2108 2109 2078
f 2110 2094 2062
f 2060 2027 2091
f 2029 2091 2027
f 2104 2101 2083
f 2111 2075 2112
f 2113 2112 2075
f 2075 2094 2113
f 2110 2113 2094
f 2063 2062 2094
f 2084 2114 2115
f 2072 2114 2084
f 2111 2051 2075
f 2103 2096 2104
f 2101 2104 2096
f 2116 2117 2118
f 2096 2103 2032
f 2068 2032 2103
f 2075 2055 2094
f 2119 2120 2121
f 2108 2121 2122
f 2123 2090 2089
f 2068 2067 2032
f 2122 2109 2108
f 2076 2078 2109
f 2113 2110 2124
f 2044 2032 2067
f 2061 2047 2125
f 2126 2109 2122
f 2065 2043 2044
f 2065 2044 2067
f 2127 2128 2119
f 2043 2065 2045
f 2038 2045 2065
f 2081 2041 2057
f 2129 2130 2078
f 2095 2105 2106
f 2076 2109 2082
f 2126 2082 2109
f 2072 2071 2114
f 2050 2131 2048
f 2045 2038 2025
f 2040 2025 2038
f 2113 2124 2054
f 2132 2133 2048
f 2049 2048 2133
f 2080 2079 2134
f 2058 2025 2040
f 2081 2049 2133
f 2135 2136 2099
f 2079 2137 2134
f 2138 2134 2137
f 2121 2139 2119
f 2026 2057 2041
f 2137 2140 2138
f 2141 2138 2140
f 2035 2034 2131
f 2039 2024 2041
f 2026 2041 2024
f 2140 2115 2141
f 2114 2141 2115
f 2139 2121 2108
f 2139 2142 2143
f 2066 2132 2125
f 2131 2125 2132
f 2144 2145 2128
f 2100 2106 2107
f 2130 2146 2139
f 2066 2092 2133
f 2133 2132 2066
f 2081 2133 2092
f 2092 2147 2081
f 2040 2041 2147
f 2119 2128 2117
f 2120 2119 2117
f 2122 2121 2120
f 2024 2039 2073
f 2024 2073 2042
f 2107 2062 2064
f 2027 2135 2028
f 2099 2028 2135
f 2042 2073 2033
f 2117 2128 2145
f 2051 2145 2144
f 2033 2069 2093
f 2033 2093 2031
f 2081 2147 2041
f 2145 2051 2118
f 2031 2093 2095
f 2105 2095 2093
f 2123 2137 2079
f 2125 2131 2034
f 2058 2092 2056
f 2095 2106 2100
f 2123 2148 2090
f 2092 2058 2147
f 2090 2080 2134
f 2037 2135 2027
f 2116 2120 2117
f 2130 2129 2126
f 2082 2126 2129
f 2146 2130 2126
f 2142 2139 2146
f 2149 2082 2129
f 2129 2148 2149
f 2123 2149 2148
f 2125 2047 2066
f 2047 2046 2066
f 2149 2077 2082
f 2090 2134 2138
f 2061 2099 2136
f 2118 2117 2145
f 2123 2079 2149
f 2061 2136 2050
f 2126 2122 2146
f 2128 2127 2144
f 2150 2144 2127
f 2135 2037 2136
f 2058 2040 2147
f 2122 2120 2146
f 2142 2146 2120
f 2150 2112 2144
f 2071 2102 2097
f 2131 2050 2035
f 2050 2136 2035
f 2029 2030 2071
f 2119 2143 2127
f 2132 2048 2131
f 2108 2078 2130
f 2139 2143 2119
f 2138 2088 2090
f 2052 2144 2112
f 2141 2086 2088
f 2141 2088 2138
f 2108 2130 2139
f 2080 2148 2078
f 2086 2141 2097
f 2114 2097 2141
f 2148 2080 2090
f 2052 2112 2054
f 2113 2054 2112
f 2129 2078 2148
f 2034 2061 2125
f 2118 2051 2111
f 2028 2059 2030
f 2062 2151 2110
f 2030 2085 2102
f 2084 2102 2085
f 2127 2143 2116
f 2116 2143 2142
f 2115 2098 2084
f 2104 2083 2106
f 2107 2106 2083
f 2098 2102 2084
f 2118 2111 2150
f 2127 2118 2150
f 2116 2118 2127
f 2112 2150 2111
f 2083 2074 2107
f 2151 2107 2074
f 2055 2151 2074
f 2120 2116 2142
f 2098 2115 2087
f 2140 2087 2115
f 2089 2087 2137
f 2140 2137 2087
f 2137 2123 2089
f 2151 2062 2107
f 2077 2149 2079
f 2061 2034 2099
f 2036 2099 2034
f 2124 2151 2055
f 2124 2110 2151
f 2027 2060 2037
f 2136 2037 2035
f 2124 2055 2054
f 2054 2053 2052
f 2144 2052 2051
f 2097 2114 2071
f 3758 3759 3760
f 3758 3760 3761
f 3762 3763 3764
f 3765 3766 3767
f 3768 3769 3770
f 3771 3762 3764
f 3772 3773 3774
f 3774 3773 3775
f 3776 3777 3778
f 3779 3778 3780
f 3781 3782 3764
f 3781 3764 3783
f 3770 3767 3768
f 3784 3773 3785
f 3772 3785 3773
f 3786 3775 3773
f 3787 3788 3775
f 3786 3787 3775
f 3789 3790 3791
f 3789 3791 3792
f 3782 3793 3771
f 3782 3771 3764
f 3794 3795 3796
f 3791 3797 3798
f 3791 3798 3792
f 3799 3800 3801
f 3802 3799 3801
f 3803 3802 3801
f 3801 3804 3803
f 3805 3806 3807
f 3808 3805 3807
f 3797 3809 3810
f 3797 3810 3798
f 3811 3794 3812
f 3813 3812 3794
f 3795 3794 3811
f 3814 3796 3795
f 3788 3813 3794
f 3794 3775 3788
f 3793 3815 3816
f 3793 3816 3771
f 3817 3818 3819
f 3820 3819 3818
f 3821 3822 3823
f 3824 3825 3826
f 3827 3828 3829
f 3830 3831 3832
f 3833 3834 3835
f 3836 3834 3833
f 3837 3826 3825
f 3838 3835 3839
f 3840 3830 3832
f 3841 3842 3798
f 3792 3798 3842
f 3833 3807 3836
f 3810 3843 3844
f 3784 3804 3801
f 3845 3807 3806
f 3846 3847 3848
f 3846 3848 3840
f 3833 3835 3807
f 3793 3782 3791
f 3781 3791 3782
f 3843 3849 3844
f 3850 3835 3838
f 3846 3851 3847
f 3823 3852 3821
f 3853 3854 3852
f 3855 3856 3852
f 3855 3852 3823
f 3857 3858 3805
f 3857 3805 3859
f 3838 3860 3850
f 3815 3793 3791
f 3861 3862 3848
f 3863 3864 3827
f 3824 3865 3825
f 3856 3866 3853
f 3856 3853 3852
f 3760 3867 3791
f 3867 3868 3791
f 3858 3791 3868
f 3857 3791 3858
f 3861 3848 3847
f 3861 3847 3851
f 3837 3825 3865
f 3837 3865 3766
f 3868 3806 3805
f 3868 3805 3858
f 3869 3870 3871
f 3872 3873 3874
f 3875 3871 3870
f 3849 3770 3769
f 3768 3767 3766
f 3769 3844 3849
f 3867 3876 3806
f 3867 3806 3868
f 3861 3877 3878
f 3861 3878 3879
f 3760 3759 3876
f 3760 3876 3867
f 3768 3865 3880
f 3877 3881 3878
f 3855 3874 3873
f 3865 3768 3766
f 3850 3859 3808
f 3805 3808 3859
f 3882 3883 3881
f 3829 3884 3885
f 3886 3845 3806
f 3883 3882 3887
f 3780 3887 3882
f 3806 3876 3886
f 3758 3888 3887
f 3881 3889 3878
f 3883 3888 3881
f 3890 3758 3887
f 3780 3890 3887
f 3759 3890 3876
f 3890 3886 3876
f 3864 3817 3819
f 3864 3819 3891
f 3892 3831 3884
f 3892 3884 3893
f 3862 3829 3885
f 3829 3863 3827
f 3894 3820 3818
f 3894 3818 3762
f 3895 3896 3897
f 3873 3898 3856
f 3899 3896 3895
f 3830 3885 3884
f 3830 3884 3831
f 3767 3900 3765
f 3841 3810 3901
f 3902 3903 3904
f 3844 3901 3810
f 3798 3810 3841
f 3819 3820 3894
f 3819 3894 3891
f 3900 3905 3906
f 3900 3906 3765
f 3804 3832 3831
f 3831 3892 3804
f 3907 3804 3892
f 3908 3909 3910
f 3911 3912 3910
f 3912 3913 3914
f 3910 3912 3914
f 3895 3915 3916
f 3895 3916 3899
f 3905 3917 3918
f 3905 3918 3906
f 3864 3762 3818
f 3864 3818 3817
f 3840 3848 3830
f 3885 3830 3848
f 3799 3802 3911
f 3897 3919 3915
f 3897 3915 3895
f 3885 3848 3862
f 3917 3920 3921
f 3917 3921 3918
f 3891 3827 3864
f 3863 3763 3864
f 3879 3764 3763
f 3878 3922 3879
f 3923 3924 3919
f 3923 3919 3897
f 3816 3925 3894
f 3926 3927 3891
f 3827 3891 3927
f 3920 3857 3859
f 3920 3859 3921
f 3894 3762 3816
f 3771 3816 3762
f 3764 3879 3783
f 3928 3929 3926
f 3803 3804 3907
f 3846 3840 3930
f 3930 3840 3832
f 3931 3932 3933
f 3915 3919 3934
f 3916 3915 3934
f 3891 3894 3926
f 3933 3932 3930
f 3935 3936 3869
f 3875 3870 3937
f 3937 3870 3938
f 3864 3763 3762
f 3842 3939 3940
f 3924 3941 3919
f 3939 3934 3919
f 3942 3914 3926
f 3928 3926 3914
f 3862 3763 3829
f 3863 3829 3763
f 3862 3879 3763
f 3926 3894 3925
f 3925 3943 3926
f 3925 3816 3944
f 3815 3944 3816
f 3822 3880 3945
f 3946 3942 3943
f 3922 3878 3889
f 3783 3879 3922
f 3880 3822 3768
f 3821 3768 3822
f 3944 3947 3943
f 3944 3943 3925
f 3781 3783 3922
f 3769 3768 3854
f 3854 3768 3821
f 3854 3948 3844
f 3854 3844 3769
f 3947 3949 3946
f 3947 3946 3943
f 3844 3948 3901
f 3950 3901 3948
f 3759 3758 3890
f 3883 3887 3888
f 3774 3930 3772
f 3774 3933 3930
f 3951 3946 3949
f 3934 3841 3950
f 3841 3901 3950
f 3785 3772 3930
f 3952 3916 3948
f 3950 3948 3916
f 3853 3952 3948
f 3948 3854 3853
f 3821 3852 3854
f 3832 3785 3930
f 3949 3947 3791
f 3944 3791 3947
f 3815 3791 3944
f 3933 3775 3794
f 3889 3881 3888
f 3952 3853 3953
f 3866 3953 3853
f 3774 3775 3933
f 3949 3954 3951
f 3866 3856 3898
f 3884 3828 3893
f 3952 3953 3899
f 3952 3899 3916
f 3934 3950 3916
f 3928 3914 3913
f 3913 3893 3928
f 3841 3934 3842
f 3939 3842 3934
f 3955 3781 3922
f 3791 3954 3949
f 3791 3857 3920
f 3791 3920 3917
f 3791 3917 3905
f 3791 3905 3900
f 3954 3956 3957
f 3954 3957 3951
f 3941 3940 3939
f 3912 3911 3802
f 3912 3802 3803
f 3956 3958 3904
f 3956 3904 3957
f 3781 3955 3791
f 3959 3791 3955
f 3780 3778 3777
f 3958 3960 3961
f 3958 3961 3904
f 3906 3918 3962
f 3890 3777 3963
f 3929 3928 3893
f 3850 3962 3918
f 3918 3921 3850
f 3777 3890 3780
f 3960 3790 3789
f 3960 3789 3961
f 3903 3964 3965
f 3803 3907 3913
f 3803 3913 3912
f 3859 3850 3921
f 3929 3893 3828
f 3829 3828 3884
f 3960 3791 3790
f 3958 3791 3960
f 3956 3791 3958
f 3954 3791 3956
f 3828 3827 3929
f 3903 3965 3908
f 3837 3766 3826
f 3966 3826 3766
f 3907 3892 3893
f 3907 3893 3913
f 3824 3967 3865
f 3966 3967 3824
f 3966 3824 3826
f 3940 3902 3961
f 3951 3968 3946
f 3968 3942 3946
f 3957 3968 3951
f 3939 3919 3941
f 3941 3924 3969
f 3970 3909 3965
f 3970 3965 3969
f 3964 3969 3965
f 3941 3969 3964
f 3851 3846 3971
f 3789 3792 3940
f 3961 3789 3940
f 3766 3765 3966
f 3962 3966 3906
f 3923 3972 3969
f 3923 3969 3924
f 3922 3889 3959
f 3922 3959 3955
f 3908 3965 3909
f 3813 3788 3896
f 3972 3800 3970
f 3972 3970 3969
f 3842 3940 3792
f 3973 3945 3967
f 3967 3966 3973
f 3800 3799 3909
f 3800 3909 3970
f 3788 3974 3896
f 3911 3910 3909
f 3861 3851 3877
f 3851 3975 3877
f 3976 3959 3888
f 3888 3959 3889
f 3962 3973 3966
f 3765 3906 3966
f 3911 3909 3799
f 3904 3961 3902
f 3957 3904 3903
f 3977 3957 3903
f 3968 3957 3977
f 3926 3943 3942
f 3814 3795 3872
f 3972 3923 3974
f 3923 3897 3974
f 3976 3791 3959
f 3795 3873 3872
f 3902 3940 3964
f 3941 3964 3940
f 3974 3786 3801
f 3786 3773 3801
f 3861 3879 3862
f 3795 3811 3873
f 3964 3903 3902
f 3967 3945 3865
f 3880 3865 3945
f 3903 3908 3977
f 3804 3785 3832
f 3877 3978 3881
f 3968 3977 3910
f 3908 3910 3977
f 3761 3976 3758
f 3888 3758 3976
f 3942 3968 3914
f 3910 3914 3968
f 3882 3881 3978
f 3761 3760 3791
f 3761 3791 3976
f 3886 3890 3963
f 3927 3926 3929
f 3845 3886 3836
f 3963 3836 3886
f 3971 3930 3932
f 3846 3930 3971
f 3827 3927 3929
f 3836 3807 3845
f 3974 3788 3787
f 3851 3971 3932
f 3851 3932 3975
f 3807 3835 3808
f 3932 3931 3779
f 3932 3779 3975
f 3835 3850 3808
f 3931 3979 3778
f 3931 3778 3779
f 3787 3786 3974
f 3839 3875 3937
f 3839 3937 3980
f 3979 3981 3776
f 3979 3776 3778
f 3801 3773 3784
f 3937 3938 3982
f 3937 3982 3980
f 3804 3784 3785
f 3780 3882 3779
f 3975 3779 3882
f 3882 3978 3975
f 3978 3877 3975
f 3931 3933 3979
f 3933 3869 3981
f 3979 3933 3981
f 3936 3981 3869
f 3871 3935 3869
f 3776 3981 3936
f 3776 3936 3983
f 3980 3982 3838
f 3839 3980 3838
f 3860 3838 3982
f 3936 3935 3984
f 3936 3984 3983
f 3985 3986 3767
f 3985 3767 3770
f 3935 3871 3834
f 3935 3834 3984
f 3860 3982 3987
f 3871 3875 3839
f 3871 3839 3834
f 3986 3900 3767
f 3963 3777 3983
f 3983 3984 3963
f 3983 3777 3776
f 3836 3963 3984
f 3962 3850 3860
f 3843 3810 3988
f 3809 3988 3810
f 3984 3834 3836
f 3860 3973 3962
f 3988 3989 3849
f 3988 3849 3843
f 3839 3835 3834
f 3770 3849 3989
f 3770 3989 3985
f 3860 3987 3990
f 3987 3991 3990
f 3822 3992 3823
f 3990 3973 3860
f 3900 3986 3791
f 3986 3985 3791
f 3985 3989 3791
f 3989 3988 3791
f 3988 3797 3791
f 3809 3797 3988
f 3945 3973 3990
f 3987 3993 3874
f 3987 3874 3991
f 3874 3855 3823
f 3874 3823 3991
f 3874 3993 3872
f 3993 3938 3872
f 3870 3872 3938
f 3982 3938 3993
f 3982 3993 3987
f 3991 3823 3992
f 3990 3991 3992
f 3992 3945 3990
f 3945 3992 3822
f 3794 3869 3933
f 3869 3814 3870
f 3814 3872 3870
f 3794 3796 3869
f 3869 3796 3814
f 3953 3866 3898
f 3856 3855 3873
f 3896 3974 3897
f 3899 3953 3898
f 3898 3896 3899
f 3873 3811 3812
f 3873 3812 3898
f 3800 3972 3974
f 3812 3813 3898
f 3898 3813 3896
f 3974 3801 3800
f 5019 5020 5021
f 5022 5019 5021
f 5023 5022 5021
f 5024 5023 5021
f 5025 5024 5021
f 5026 5025 5021
f 5027 5026 5021
f 5028 5027 5021
f 5029 5028 5021
f 5030 5029 5021
f 5031 5030 5021
f 5032 5031 5021
f 5033 5032 5021
f 5034 5033 5021
f 5035 5034 5021
f 5036 5035 5021
f 5037 5036 5021
f 5038 5037 5021
f 5039 5038 5021
f 5020 5039 5021
f 5040 5041 5042
f 5041 5043 5042
f 5043 5044 5042
f 5044 5045 5042
f 5045 5046 5042
f 5046 5047 5042
f 5047 5048 5042
f 5048 5049 5042
f 5049 5050 5042
f 5050 5051 5042
f 5051 5052 5042
f 5052 5053 5042
f 5053 5054 5042
f 5054 5055 5042
f 5055 5056 5042
f 5056 5057 5042
f 5057 5058 5042
f 5058 5059 5042
f 5059 5060 5042
f 5060 5040 5042
f 5020 5019 5041
f 5020 5041 5040
f 5019 5022 5043
f 5019 5043 5041
f 5022 5023 5044
f 5022 5044 5043
f 5023 5024 5045
f 5023 5045 5044
f 5024 5025 5046
f 5024 5046 5045
f 5025 5026 5047
f 5025 5047 5046
f 5026 5027 5048
f 5026 5048 5047
f 5027 5028 5049
f 5027 5049 5048
f 5028 5029 5050
f 5028 5050 5049
f 5029 5030 5051
f 5029 5051 5050
f 5030 5031 5052
f 5030 5052 5051
f 5031 5032 5053
f 5031 5053 5052
f 5032 5033 5054
f 5032 5054 5053
f 5033 5034 5055
f 5033 5055 5054
f 5034 5035 5056
f 5034 5056 5055
f 5035 5036 5057
f 5035 5057 5056
f 5036 5037 5058
f 5036 5058 5057
f 5037 5038 5059
f 5037 5059 5058
f 5038 5039 5060
f 5038 5060 5059
f 5039 5020 5040
f 5039 5040 5060
f 6123 6124 6125
f 6126 6123 6125
f 6127 6126 6125
f 6128 6127 6125
f 6129 6128 6125
f 6130 6129 6125
f 6131 6130 6125
f 6132 6131 6125
f 6133 6132 6125
f 6134 6133 6125
f 6135 6134 6125
f 6136 6135 6125
f 6137 6136 6125
f 6138 6137 6125
f 6139 6138 6125
f 6140 6139 6125
f 6141 6140 6125
f 6142 6141 6125
f 6143 6142 6125
f 6124 6143 6125
f 6144 6145 6146
f 6145 6147 6146
f 6147 6148 6146
f 6148 6149 6146
f 6149 6150 6146
f 6150 6151 6146
f 6151 6152 6146
f 6152 6153 6146
f 6153 6154 6146
f 6154 6155 6146
f 6155 6156 6146
f 6156 6157 6146
f 6157 6158 6146
f 6158 6159 6146
f 6159 6160 6146
f 6160 6161 6146
f 6161 6162 6146
f 6162 6163 6146
f 6163 6164 6146
f 6164 6144 6146
f 6124 6123 6145
f 6124 6145 6144
f 6123 6126 6147
f 6123 6147 6145
f 6126 6127 6148
f 6126 6148 6147
f 6127 6128 6149
f 6127 6149 6148
f 6128 6129 6150
f 6128 6150 6149
f 6129 6130 6151
f 6129 6151 6150
f 6130 6131 6152
f 6130 6152 6151
f 6131 6132 6153
f 6131 6153 6152
f 6132 6133 6154
f 6132 6154 6153
f 6133 6134 6155
f 6133 6155 6154
f 6134 6135 6156
f 6134 6156 6155
f 6135 6136 6157
f 6135 6157 6156
f 6136 6137 6158
f 6136 6158 6157
f 6137 6138 6159
f 6137 6159 6158
f 6138 6139 6160
f 6138 6160 6159
f 6139 6140 6161
f 6139 6161 6160
f 6140 6141 6162
f 6140 6162 6161
f 6141 6142 6163
f 6141 6163 6162
f 6142 6143 6164
f 6142 6164 6163
f 6143 6124 6144
f 6143 6144 6164
usemtl Helice
f 663 664 665
f 664 666 665
f 667 668 669
f 668 670 669
f 667 669 665
f 669 663 665
f 670 668 664
f 668 666 664
f 669 670 663
f 670 664 663
f 665 666 667
f 666 668 667
f 671 672 673
f 672 674 673
f 674 675 673
f 675 676 673
f 676 677 673
f 677 678 673
f 678 679 673
f 679 680 673
f 680 681 673
f 681 682 673
f 682 683 673
f 683 684 673
f 684 685 673
f 685 686 673
f 686 687 673
f 687 688 673
f 688 689 673
f 689 690 673
f 690 691 673
f 691 671 673
f 692 693 694
f 695 692 694
f 696 695 694
f 697 696 694
f 698 697 694
f 699 698 694
f 700 699 694
f 701 700 694
f 702 701 694
f 703 702 694
f 704 703 694
f 705 704 694
f 706 705 694
f 707 706 694
f 708 707 694
f 709 708 694
f 710 709 694
f 711 710 694
f 712 711 694
f 693 712 694
f 672 671 692
f 692 671 693
f 674 672 695
f 695 672 692
f 675 674 696
f 696 674 695
f 676 675 697
f 697 675 696
f 677 676 698
f 698 676 697
f 678 677 699
f 699 677 698
f 679 678 700
f 700 678 699
f 680 679 701
f 701 679 700
f 681 680 702
f 702 680 701
f 682 681 703
f 703 681 702
f 683 682 704
f 704 682 703
f 684 683 705
f 705 683 704
f 685 684 706
f 706 684 705
f 686 685 707
f 707 685 706
f 687 686 708
f 708 686 707
f 688 687 709
f 709 687 708
f 689 688 710
f 710 688 709
f 690 689 711
f 711 689 710
f 691 690 712
f 712 690 711
f 671 691 693
f 693 691 712
f 715 716 717
f 718 719 720
f 713 714 719
f 721 722 723
f 724 725 726
f 721 727 722
f 728 725 729
f 727 730 722
f 728 731 725
f 732 728 729
f 733 734 735
f 736 737 738
f 739 717 740
f 725 741 726
f 741 742 726
f 743 744 738
f 745 746 747
f 748 738 746
f 749 750 751
f 752 751 750
f 753 754 755
f 756 757 758
f 759 760 761
f 754 762 763
f 761 743 759
f 762 764 763
f 747 746 738
f 747 739 745
f 765 745 739
f 754 763 755
f 739 740 765
f 760 758 766
f 761 760 766
f 766 758 767
f 768 769 770
f 767 758 757
f 771 757 756
f 725 731 741
f 772 759 743
f 743 738 772
f 748 772 738
f 773 774 768
f 775 731 728
f 776 777 778
f 777 779 778
f 780 781 731
f 782 778 779
f 783 760 759
f 784 768 774
f 769 768 784
f 770 769 785
f 741 786 742
f 785 769 787
f 774 773 788
f 789 788 773
f 741 731 781
f 790 791 792
f 793 794 795
f 796 795 794
f 779 797 782
f 798 799 797
f 799 782 797
f 800 734 801
f 802 796 794
f 803 802 794
f 780 731 775
f 795 796 765
f 745 765 796
f 804 748 746
f 805 806 807
f 808 809 810
f 805 811 806
f 746 745 804
f 802 804 745
f 802 745 796
f 805 812 811
f 753 755 813
f 814 815 816
f 817 818 815
f 805 819 812
f 805 820 819
f 794 758 803
f 783 803 758
f 760 783 758
f 805 821 820
f 721 824 727
f 811 825 806
f 816 815 818
f 826 823 818
f 824 721 827
f 812 828 811
f 829 830 831
f 832 833 834
f 834 835 836
f 819 837 812
f 838 839 840
f 841 840 839
f 836 810 842
f 843 727 824
f 812 837 828
f 844 845 846
f 808 810 836
f 810 847 842
f 848 842 847
f 849 837 819
f 808 836 835
f 742 786 850
f 824 851 843
f 835 834 833
f 844 846 852
f 849 853 837
f 820 849 819
f 854 855 852
f 781 786 741
f 817 833 832
f 821 856 820
f 852 855 844
f 856 849 820
f 857 822 858
f 857 841 859
f 839 859 841
f 859 822 857
f 831 830 860
f 830 861 860
f 862 863 828
f 822 864 858
f 786 865 850
f 861 866 860
f 867 790 844
f 864 826 858
f 855 867 844
f 837 862 828
f 868 786 781
f 869 858 826
f 870 871 724
f 868 865 786
f 872 824 827
f 832 869 817
f 818 817 869
f 826 818 869
f 837 853 862
f 836 768 770
f 836 770 834
f 770 785 834
f 832 834 785
f 873 832 785
f 872 827 874
f 870 875 874
f 876 877 780
f 768 836 773
f 861 878 866
f 879 880 881
f 878 882 866
f 883 853 849
f 875 872 874
f 841 782 799
f 841 799 840
f 884 885 886
f 726 875 870
f 886 885 887
f 858 714 776
f 858 776 778
f 858 778 857
f 782 841 778
f 857 778 841
f 856 883 849
f 885 880 887
f 879 887 880
f 888 885 889
f 884 889 885
f 832 873 869
f 720 869 873
f 726 870 724
f 890 882 891
f 892 885 888
f 869 720 858
f 714 858 720
f 882 878 891
f 872 851 824
f 893 894 895
f 896 895 897
f 898 899 900
f 883 901 853
f 897 895 894
f 902 903 807
f 893 895 904
f 872 905 851
f 896 906 895
f 806 902 807
f 806 825 902
f 905 872 875
f 828 825 811
f 907 900 899
f 908 909 903
f 742 905 875
f 902 908 903
f 910 753 911
f 912 913 895
f 783 759 772
f 914 908 902
f 758 794 756
f 793 756 794
f 912 915 913
f 783 804 803
f 915 916 913
f 802 803 804
f 825 914 902
f 828 863 825
f 783 772 804
f 748 804 772
f 863 914 825
f 917 918 919
f 920 921 922
f 863 923 914
f 757 771 924
f 726 742 875
f 790 845 844
f 845 790 792
f 916 915 925
f 926 927 923
f 925 928 916
f 929 899 930
f 862 931 863
f 931 923 863
f 853 932 862
f 791 933 792
f 932 931 862
f 742 850 905
f 934 935 912
f 936 912 935
f 853 901 932
f 931 937 923
f 938 939 940
f 941 937 931
f 915 912 831
f 932 941 931
f 942 943 944
f 901 945 932
f 945 941 932
f 936 831 912
f 942 946 943
f 946 947 943
f 948 949 843
f 829 831 936
f 851 948 843
f 941 950 937
f 831 860 915
f 951 948 851
f 942 944 952
f 950 953 937
f 954 950 941
f 945 954 941
f 715 918 716
f 740 717 716
f 955 956 948
f 851 905 951
f 957 958 928
f 905 850 951
f 959 960 909
f 947 961 962
f 909 908 959
f 949 948 956
f 925 957 928
f 956 963 949
f 927 959 908
f 961 947 946
f 866 957 925
f 964 965 966
f 955 948 951
f 914 927 908
f 866 882 957
f 923 927 914
f 967 951 850
f 968 733 960
f 969 970 971
f 922 921 970
f 959 968 960
f 972 924 771
f 971 973 969
f 927 974 959
f 968 959 974
f 926 974 927
f 976 977 958
f 740 716 978
f 765 740 978
f 716 917 978
f 937 926 923
f 976 979 977
f 938 940 980
f 917 919 981
f 982 981 919
f 981 978 917
f 968 983 733
f 984 985 986
f 957 976 958
f 983 734 733
f 987 922 988
f 922 970 988
f 989 983 968
f 957 882 976
f 970 969 988
f 969 972 990
f 984 986 991
f 990 988 969
f 992 986 985
f 756 972 771
f 989 968 974
f 756 990 972
f 926 993 974
f 992 852 986
f 900 907 962
f 852 846 986
f 900 962 961
f 966 992 985
f 974 993 989
f 915 860 925
f 953 993 926
f 860 866 925
f 953 994 993
f 966 965 992
f 953 926 937
f 995 906 996
f 896 897 996
f 894 996 897
f 944 943 997
f 896 996 906
f 943 998 997
f 999 1000 829
f 1001 895 906
f 1001 1002 912
f 1001 912 895
f 1003 912 1002
f 854 852 992
f 1004 983 989
f 934 912 1003
f 989 993 1005
f 998 1006 997
f 965 854 992
f 1007 1008 936
f 898 1009 1010
f 1007 936 935
f 994 1005 993
f 1008 1011 936
f 1012 936 1013
f 829 936 999
f 1014 998 1015
f 846 991 986
f 995 1001 906
f 1001 995 1002
f 1015 962 1016
f 1002 995 1003
f 1017 980 1018
f 1019 1018 980
f 962 907 1016
f 1020 1021 1022
f 1023 1024 1025
f 995 934 1003
f 1026 1020 1027
f 1024 1028 1025
f 947 998 943
f 934 995 935
f 935 995 1007
f 1007 995 1008
f 995 1011 1008
f 1029 829 1000
f 1011 1013 936
f 1012 999 936
f 998 947 1015
f 922 987 920
f 1030 920 987
f 999 1012 995
f 987 982 1030
f 919 1030 982
f 795 1031 793
f 962 1015 947
f 1032 1033 1034
f 793 1031 1035
f 1035 1031 1036
f 1037 1036 1031
f 982 1038 981
f 1039 1040 1016
f 795 765 1031
f 978 1031 765
f 1016 907 1039
f 1012 1013 995
f 995 1013 1011
f 1031 978 1037
f 1038 1037 978
f 981 1038 978
f 988 990 1041
f 1036 1041 990
f 1036 990 1035
f 1035 990 756
f 1035 756 793
f 1041 987 988
f 1017 1018 1042
f 982 987 1038
f 1041 1038 987
f 1037 1038 1041
f 1037 1041 1036
f 1043 1044 1045
f 815 814 1046
f 1042 1018 1047
f 1048 910 911
f 1014 1006 998
f 1049 1050 1048
f 1019 980 940
f 1051 1019 940
f 1018 1019 1047
f 1051 1052 1019
f 910 1053 753
f 1053 754 753
f 822 1054 823
f 1022 1027 1020
f 1055 1056 1057
f 762 754 1058
f 1059 1034 1060
f 1058 754 1053
f 1061 1046 1062
f 1063 809 1061
f 1064 1058 1053
f 1065 1066 1067
f 1068 1067 1069
f 1070 1061 809
f 1046 1061 1070
f 1046 814 1062
f 892 1071 885
f 1072 1062 814
f 809 1063 1074
f 1075 1074 1063
f 1076 1077 1078
f 1079 1078 1080
f 1069 1081 1068
f 1082 1081 1083
f 1084 1085 1086
f 1082 1068 1081
f 1080 1078 1077
f 1054 1066 1065
f 1069 1067 1066
f 1087 910 1048
f 823 1054 1065
f 1079 1088 1078
f 1089 1078 1088
f 816 823 1073
f 814 816 1073
f 1072 814 1073
f 1065 1073 823
f 1090 1091 1092
f 1093 1092 1094
f 1095 1086 1096
f 1094 1092 1091
f 1097 1092 1093
f 1092 1061 1090
f 1098 1090 1061
f 1062 1098 1061
f 1099 1048 1050
f 1072 1098 1062
f 1078 1089 880
f 880 1089 881
f 1100 1099 1050
f 880 1101 1078
f 1097 1063 1092
f 1061 1092 1063
f 1087 1102 910
f 1102 1053 910
f 1103 1098 1073
f 1104 1105 1106
f 880 1107 1101
f 1094 1068 1082
f 1094 1082 1093
f 1103 1065 1067
f 1107 1108 1101
f 1102 1064 1053
f 1067 1068 1103
f 1091 1103 1068
f 1091 1068 1094
f 880 1109 1107
f 1096 1086 1085
f 1090 1098 1103
f 1090 1103 1091
f 1107 1110 1108
f 1099 1087 1048
f 1111 1112 1113
f 1073 1098 1072
f 1073 1065 1103
f 885 1109 880
f 1070 809 808
f 1046 1070 835
f 808 835 1070
f 835 833 815
f 835 815 1046
f 1095 1096 1106
f 1106 1105 1095
f 1095 1114 1086
f 1115 1114 1095
f 1116 1110 1107
f 1105 1115 1095
f 1108 1117 1118
f 1119 1120 1086
f 1121 1064 1102
f 1113 1122 1111
f 1108 1110 1117
f 1087 1099 1123
f 1124 1125 1122
f 1125 1111 1122
f 1126 1112 1111
f 1127 1112 1126
f 1128 1129 1130
f 1131 1132 1040
f 1110 1133 1117
f 1039 1134 1040
f 1135 1117 1133
f 1100 1130 1136
f 1137 1133 1110
f 1136 1099 1100
f 1132 1138 1014
f 1139 1136 1130
f 1015 1016 1132
f 1040 1132 1016
f 1140 1141 1142
f 1015 1132 1014
f 1143 1034 1033
f 1025 1028 1144
f 1135 1145 1146
f 1034 1059 1147
f 898 1010 899
f 1133 1145 1135
f 1148 1052 899
f 847 810 809
f 1074 847 809
f 1144 1149 1150
f 847 1074 848
f 1149 1144 1151
f 1123 1136 1152
f 1083 1081 838
f 839 838 1081
f 1081 1069 859
f 1081 859 839
f 1071 1153 1154
f 1071 1154 885
f 1109 885 1154
f 1156 1157 1158
f 1109 1154 1159
f 1160 1102 1087
f 1161 1162 1163
f 1085 1164 1165
f 1107 1109 1116
f 1087 1123 1160
f 1084 1164 1085
f 1166 1055 1167
f 1109 1159 1116
f 1084 1086 1120
f 1123 1099 1136
f 1119 1086 1168
f 1086 1169 1168
f 1169 1086 1170
f 1114 1170 1086
f 1110 1116 1137
f 1069 1066 859
f 822 859 1066
f 1159 1171 1116
f 1054 822 1066
f 1121 1102 1160
f 1137 1116 1171
f 822 823 864
f 833 817 815
f 864 823 826
f 816 818 823
f 1171 1172 1137
f 1172 1173 1137
f 1165 1174 1163
f 730 1175 1176
f 1177 1178 1179
f 1161 1163 1174
f 1180 1177 1179
f 1181 1179 1178
f 1178 1182 1181
f 1063 1181 1182
f 1176 722 730
f 1164 1084 1174
f 1174 1084 1120
f 1063 1182 1075
f 1183 1174 1120
f 1184 1185 1186
f 1187 1186 1185
f 1186 1188 1184
f 1189 1184 1188
f 1083 1189 1188
f 1083 1188 1082
f 1190 1191 1175
f 1180 1187 1177
f 1185 1177 1187
f 1006 1014 1192
f 730 1190 1175
f 1014 1138 1192
f 1133 1137 1173
f 1193 1190 730
f 1180 1194 1187
f 1145 1133 1173
f 1097 1195 1196
f 1166 1167 1197
f 1196 1195 1198
f 1093 1195 1097
f 1199 1198 1195
f 1166 1197 1200
f 1179 1181 1201
f 1198 1201 1181
f 1198 1181 1196
f 1097 1196 1063
f 1181 1063 1196
f 727 1193 730
f 1201 1180 1179
f 727 843 1193
f 1187 1194 1186
f 1188 1195 1082
f 1093 1082 1195
f 1195 1188 1199
f 1194 1199 1188
f 1186 1194 1188
f 1020 1009 1021
f 1180 1201 1194
f 1201 1198 1199
f 1201 1199 1194
f 1202 1203 1177
f 1060 1204 1197
f 1204 1200 1197
f 1074 1075 848
f 848 1075 1182
f 1185 1205 1177
f 1206 1190 1193
f 1083 838 1189
f 843 949 1193
f 1147 1059 1197
f 1197 1032 1147
f 1131 1207 1208
f 1184 1209 1185
f 1060 1197 1059
f 1191 1210 1211
f 1023 1025 1212
f 1190 1210 1191
f 1043 1045 1213
f 1190 1206 1210
f 1146 1214 1215
f 1213 1216 1043
f 1167 1055 1057
f 1040 1134 1207
f 1217 1218 1056
f 1040 1207 1131
f 1193 949 1206
f 1132 1131 1138
f 1021 1219 1022
f 1052 1220 1021
f 1219 1021 1220
f 1221 1222 1223
f 1207 1134 929
f 1224 1221 1223
f 1225 1221 1224
f 723 722 1216
f 963 1206 949
f 1227 1228 1229
f 1230 1228 1227
f 1172 1231 1232
f 1192 1231 1233
f 1234 1235 1236
f 1234 1236 1237
f 1231 1238 1232
f 1238 1239 1232
f 1138 1238 1231
f 1240 1241 1124
f 1228 1230 1235
f 1228 1235 1234
f 1057 1226 1167
f 1138 1131 1238
f 721 723 1242
f 1243 1241 1240
f 1197 1167 1226
f 1242 827 721
f 1192 1138 1231
f 827 1242 1244
f 874 827 1244
f 1208 1245 1246
f 1247 874 1244
f 1245 930 1248
f 1164 1174 1165
f 930 1249 1248
f 1245 1248 1246
f 1078 1250 1076
f 1234 1251 1252
f 1234 1252 1228
f 1208 1246 1239
f 1243 1240 1250
f 1245 929 930
f 1208 1207 1245
f 1253 1115 1254
f 1250 1101 1243
f 1238 1208 1239
f 1170 1114 1155
f 1255 1155 1114
f 1078 1101 1250
f 1114 1115 1255
f 1255 1115 1256
f 1118 1257 1241
f 1120 1119 1183
f 1243 1118 1241
f 1142 1141 1143
f 929 1245 1207
f 1243 1101 1108
f 1108 1118 1243
f 1118 1258 1257
f 1238 1131 1208
f 1032 1197 1033
f 1143 1033 1197
f 1142 1143 1197
f 1259 790 867
f 1259 791 790
f 1168 1183 1119
f 1169 1170 1183
f 1260 1261 933
f 1257 1258 1262
f 1260 1263 1261
f 1168 1169 1183
f 791 1260 933
f 1258 1118 1117
f 791 1259 1264
f 791 1264 1260
f 1265 798 1183
f 797 779 1183
f 1266 1225 1224
f 1135 1258 1117
f 1237 1265 1183
f 1241 1125 1124
f 1267 1225 1266
f 1257 1268 1125
f 1269 1263 1260
f 1234 1237 1183
f 1222 1221 1270
f 1269 952 1263
f 1241 1257 1125
f 1251 1234 1183
f 1269 1260 1264
f 1222 1270 1212
f 1057 1271 1226
f 1271 1218 1226
f 1272 1270 1221
f 1262 1273 1268
f 1268 1257 1262
f 1274 1251 1183
f 1263 952 944
f 1274 1275 1251
f 1251 1275 1252
f 1140 1142 1197
f 1225 1272 1221
f 1267 1276 1225
f 1028 1151 1144
f 1277 1219 1220
f 1276 1272 1225
f 1151 1278 1279
f 1280 1278 1151
f 1028 1280 1151
f 1023 1212 1270
f 1272 1281 1270
f 1270 1281 1023
f 1278 1282 1279
f 1283 1272 1276
f 1280 1284 1278
f 1283 1281 1272
f 1285 1275 1274
f 1284 1286 1278
f 1044 1283 1276
f 1287 1262 1258
f 1258 1135 1287
f 1135 1146 1287
f 1183 1288 1289
f 1289 1274 1183
f 1146 1215 1287
f 1286 1290 1282
f 1291 1292 1217
f 1292 1218 1217
f 1271 1056 1218
f 1293 1294 1295
f 1056 933 1261
f 1286 1282 1278
f 1261 1217 1056
f 1296 1293 1295
f 1262 1287 1297
f 1298 1299 1296
f 1287 1215 1297
f 1299 1293 1296
f 1045 1276 1267
f 1294 1045 1267
f 1293 1213 1294
f 1218 1292 1226
f 1289 1285 1274
f 1213 1045 1294
f 1300 1213 1293
f 888 1301 892
f 1300 1216 1213
f 1299 1300 1293
f 1292 1291 1226
f 892 1301 1071
f 1153 1071 1301
f 1301 888 889
f 1044 1276 1045
f 1156 1302 1157
f 1052 1051 1220
f 1303 1304 1226
f 884 1301 889
f 1149 1279 1158
f 887 1301 886
f 886 1301 884
f 1156 1158 1279
f 1305 1306 1307
f 881 1301 879
f 879 1301 887
f 1279 1149 1151
f 1308 830 829
f 1301 1089 1088
f 1279 1282 1156
f 1089 1301 881
f 1309 861 830
f 1156 1282 1310
f 1308 1309 830
f 1051 1311 1220
f 1047 1019 1052
f 1290 1312 1310
f 1282 1290 1310
f 861 1313 878
f 1301 1088 1314
f 1080 1314 1079
f 1077 1314 1080
f 1111 1125 1268
f 1315 1316 1317
f 1079 1314 1088
f 1111 1268 1126
f 1318 1319 1316
f 1315 1318 1316
f 1320 1315 1317
f 1309 1313 861
f 1320 1157 1302
f 1321 1313 1309
f 1302 1315 1320
f 1126 1268 1273
f 1240 1322 1250
f 1323 1307 1306
f 1324 1307 1323
f 1302 1325 1315
f 1326 1077 1076
f 1327 1324 1323
f 1170 1155 1183
f 1315 1325 1318
f 1255 1183 1155
f 1256 1183 1255
f 1328 1324 1327
f 1302 1310 1325
f 870 874 1247
f 1256 1115 1253
f 1310 1312 1325
f 1329 800 871
f 1310 1302 1156
f 1318 1330 1319
f 1329 871 1247
f 1331 1332 1308
f 800 801 871
f 1333 1334 1335
f 1319 1330 1336
f 1337 1338 876
f 1126 1339 1127
f 1340 1330 1318
f 1341 1197 1226
f 877 876 1338
f 1334 1309 1308
f 1339 1342 1127
f 1343 1338 1337
f 1126 1273 1339
f 1340 1318 1325
f 1343 1344 1338
f 1273 1345 1339
f 1343 1337 1346
f 1340 1325 1312
f 1334 1321 1309
f 1347 1346 1336
f 1330 1347 1336
f 877 1348 1349
f 1350 1321 1334
f 1027 1022 1351
f 1348 877 1338
f 1290 1352 1312
f 1338 1344 1348
f 1128 1130 1350
f 1286 1353 1290
f 1353 1352 1290
f 1354 1353 1286
f 1355 1356 1349
f 1100 1050 1321
f 1353 966 1352
f 1254 1183 1253
f 1253 1183 1256
f 996 1174 749
f 1344 1141 1348
f 870 1247 871
f 1174 750 749
f 1219 1277 1357
f 1022 1219 1357
f 801 724 871
f 1357 1351 1022
f 1358 1359 893
f 1360 1361 1362
f 850 865 967
f 1360 1341 1361
f 1321 1350 1100
f 1005 1004 989
f 1005 1363 1004
f 1350 1130 1100
f 1364 868 781
f 1365 829 1366
f 1367 1308 1365
f 996 1358 1174
f 1368 1369 868
f 1308 1370 1331
f 732 1371 1004
f 780 1364 781
f 1335 1308 1332
f 1004 1363 732
f 1364 780 877
f 1372 1334 1333
f 1373 1174 1374
f 1284 1354 1286
f 1161 1174 1373
f 1374 1174 1358
f 1308 1335 1334
f 1352 985 1375
f 1376 1377 1334
f 894 1359 996
f 966 985 1352
f 1350 1334 1378
f 1379 953 950
f 1379 994 953
f 964 1353 1354
f 1317 1379 950
f 996 1359 1358
f 964 966 1353
f 1364 1368 868
f 1380 1368 1364
f 1375 984 1381
f 1317 950 954
f 1379 1382 994
f 1364 877 1349
f 1312 1352 1375
f 1317 1316 1379
f 1362 1361 1301
f 1316 1382 1379
f 1383 1380 1364
f 1364 1349 1383
f 1332 995 1335
f 983 1371 734
f 1371 801 734
f 1332 1331 995
f 1349 1384 1385
f 983 1004 1371
f 1348 1386 1349
f 729 724 801
f 1375 985 984
f 1386 1387 1349
f 1371 729 801
f 1388 1376 1334
f 1347 1389 1346
f 1348 1141 1386
f 1372 1388 1334
f 732 729 1371
f 1340 1381 1330
f 1341 1360 1197
f 1224 1223 1305
f 1381 1347 1330
f 1307 1224 1305
f 1375 1381 1340
f 1324 1266 1307
f 1355 1349 1385
f 1312 1375 1340
f 1266 1224 1307
f 1390 1266 1324
f 865 1322 967
f 1328 1390 1324
f 1347 1381 1391
f 1391 1389 1347
f 1390 1328 1295
f 1393 1394 1197
f 1029 1366 829
f 1295 1294 1390
f 1394 1395 1197
f 1396 1076 1369
f 1267 1390 1294
f 1397 1398 1197
f 1366 1029 995
f 1399 1400 805
f 1383 1349 1356
f 1000 995 1029
f 995 1367 1365
f 1366 995 1365
f 1384 1349 1387
f 1401 1402 1197
f 1395 1397 1197
f 1403 898 1404
f 1039 907 899
f 1405 1393 1197
f 1406 1308 1367
f 829 1365 1308
f 1362 1301 1407
f 1406 1370 1308
f 944 997 1408
f 1333 1335 995
f 1406 995 1370
f 1409 1141 1140
f 1405 1197 1360
f 1367 995 1406
f 805 1410 1399
f 805 1411 1410
f 1197 1412 1356
f 805 1413 1411
f 1360 1362 1405
f 805 1414 1413
f 1415 1217 1416
f 1407 1405 1362
f 805 1417 1414
f 1393 1405 1407
f 1323 1306 1400
f 1380 1412 1368
f 1369 1368 1412
f 1416 1418 1415
f 1419 1420 1421
f 1422 1421 1420
f 1370 995 1331
f 1399 1323 1400
f 1327 1323 1399
f 1006 1418 1416
f 1356 1412 1383
f 1380 1383 1412
f 1327 1399 1410
f 1378 1334 1377
f 1411 1423 1410
f 1393 1424 1425
f 1425 1394 1393
f 1327 1410 1423
f 1413 1426 1411
f 1426 1423 1411
f 1427 1128 1428
f 1429 1426 1413
f 1430 1427 1428
f 1432 1426 1429
f 1431 1387 1386
f 1433 1431 1386
f 1414 1429 1413
f 1416 1408 997
f 1388 1372 1392
f 1386 1141 1433
f 1433 1141 1434
f 1435 1414 1417
f 997 1006 1416
f 1372 1333 1392
f 1435 1429 1414
f 939 1436 940
f 940 1311 1051
f 1437 1415 1438
f 1423 1328 1327
f 1377 1376 1392
f 1439 1328 1423
f 1440 1197 1398
f 1021 899 1052
f 1426 1439 1423
f 1153 1441 1154
f 1442 1154 1441
f 1420 1393 1407
f 1443 1420 1419
f 1311 1436 1277
f 1393 1420 1424
f 1443 1424 1420
f 1444 1445 1442
f 1446 1445 1444
f 1432 1439 1426
f 1027 1351 1447
f 1436 1447 1351
f 1357 1436 1351
f 1448 1432 1429
f 1449 1421 1450
f 1311 940 1436
f 1422 1450 1421
f 1451 1450 1422
f 1356 1355 1197
f 1452 1397 1453
f 1355 1385 1197
f 1395 1394 1453
f 1233 1418 1192
f 1448 1429 1435
f 1454 1451 1455
f 1422 1455 1451
f 1439 1295 1328
f 1456 1454 1455
f 1432 1296 1439
f 1384 1387 1197
f 1384 1197 1385
f 1457 1453 1394
f 1425 1458 1394
f 1439 1296 1295
f 1458 1457 1394
f 1395 1453 1397
f 1398 1397 1452
f 1298 1432 1448
f 1259 1459 1264
f 1298 1296 1432
f 1390 1267 1266
f 1433 1434 1197
f 1431 1433 1197
f 1460 1459 1259
f 1459 1461 1264
f 1387 1431 1197
f 1449 1462 1419
f 1269 1264 1461
f 951 967 955
f 1458 1425 1463
f 1434 1141 1409
f 1421 1449 1419
f 1464 1443 1462
f 1434 1409 1197
f 1140 1197 1409
f 1424 1463 1425
f 1465 956 955
f 1464 1463 1424
f 1322 1466 967
f 1424 1443 1464
f 1419 1462 1443
f 1467 1024 1023
f 1468 1462 1449
f 1469 1468 1450
f 1449 1450 1468
f 1470 1471 1024
f 1451 1472 1450
f 1467 1470 1024
f 1473 1474 939
f 1076 1322 865
f 1240 1466 1322
f 1023 1281 1467
f 1076 1250 1322
f 868 1076 865
f 1453 1475 1452
f 1192 1418 1006
f 868 1369 1076
f 1154 1442 1445
f 1468 1476 1462
f 1445 1159 1154
f 1477 898 1478
f 1466 1240 1124
f 1479 717 739
f 1446 1480 1445
f 956 1481 963
f 1482 898 1403
f 1483 1171 1159
f 757 924 1484
f 1134 1039 899
f 1404 898 900
f 757 1484 767
f 1485 767 1484
f 929 1134 899
f 956 1465 1481
f 1445 1483 1159
f 1482 1478 898
f 1486 1479 1472
f 1466 955 967
f 1445 1415 1483
f 1466 1465 955
f 1233 1172 1171
f 1233 1231 1172
f 1487 1488 1489
f 1122 1113 1481
f 1483 1233 1171
f 1076 1396 1326
f 1122 1481 1465
f 1485 1484 1475
f 1124 1122 1465
f 924 1490 1484
f 1490 1475 1484
f 1472 1451 1454
f 1472 1454 1486
f 1466 1124 1465
f 1469 1450 1472
f 1412 1314 1326
f 1464 1462 1476
f 1077 1326 1314
f 1326 1396 1412
f 1491 1475 1457
f 1357 1277 1436
f 1026 1027 1447
f 1369 1412 1396
f 1227 1229 1492
f 1490 1452 1475
f 1479 739 737
f 1493 1227 1492
f 1494 1492 1229
f 1229 1495 1494
f 773 1494 1495
f 1277 1220 1311
f 766 1496 761
f 1497 761 1496
f 1498 1499 1488
f 1500 1501 1502
f 773 1495 789
f 1501 1503 1502
f 1497 1504 761
f 736 738 1505
f 744 1505 738
f 1236 1506 1237
f 1506 1507 1237
f 1507 1508 1237
f 1265 1237 1508
f 798 1265 1508
f 1508 799 798
f 1223 1222 1500
f 744 743 1504
f 1222 1501 1500
f 747 738 737
f 1418 1233 1483
f 747 737 739
f 842 1509 773
f 1485 1510 767
f 1510 1496 767
f 766 767 1496
f 1376 1388 1392
f 1415 1418 1483
f 761 1504 743
f 1403 1511 1512
f 1150 1513 1514
f 1153 1301 1441
f 1469 1472 737
f 1503 1150 1514
f 1441 1301 1442
f 1489 952 1269
f 1301 1444 1442
f 1475 1491 1510
f 1501 1515 1503
f 1377 1516 1378
f 1517 1497 1491
f 1510 1485 1475
f 1461 1489 1269
f 1150 1503 1515
f 1212 1515 1501
f 1505 744 1476
f 1487 1489 1461
f 1486 717 1479
f 737 736 1469
f 1468 1469 736
f 1489 1518 952
f 1212 1501 1222
f 1519 1303 1415
f 942 952 1518
f 1392 1288 1377
f 1488 1518 1489
f 1506 1236 1520
f 1392 1285 1289
f 1227 1493 1230
f 1521 1230 1493
f 1158 1522 1513
f 1158 1157 1522
f 1236 1235 1520
f 1438 1445 1523
f 1149 1158 1513
f 1235 1230 1520
f 1524 1415 1437
f 1519 1415 1524
f 1499 1525 1518
f 1521 1520 1230
f 1150 1149 1513
f 1523 1445 1480
f 1516 1526 1378
f 842 773 836
f 1488 1499 1518
f 1144 1150 1515
f 1492 1527 1493
f 1520 1528 1506
f 1212 1025 1515
f 1525 946 942
f 1529 840 799
f 1025 1144 1515
f 1530 1529 1507
f 1301 1437 1438
f 799 1508 1529
f 942 1518 1525
f 737 1472 1479
f 1505 1468 736
f 1516 1377 1288
f 1496 1491 1497
f 1510 1491 1496
f 1306 1531 1532
f 1533 848 1182
f 1497 1517 1504
f 1476 744 1517
f 1468 1505 1476
f 1504 1517 744
f 1210 1534 1211
f 1535 1536 1537
f 1412 1538 1314
f 1509 842 1533
f 1412 1537 1538
f 1534 1104 1211
f 1453 1457 1475
f 1539 1534 1210
f 1491 1458 1517
f 1540 1502 1541
f 1533 842 848
f 1533 1542 1509
f 1457 1458 1491
f 1463 1517 1458
f 1301 1538 1536
f 1206 1539 1210
f 1531 1543 1544
f 1476 1517 1464
f 1463 1464 1517
f 1543 1540 1544
f 840 1529 838
f 1545 838 1529
f 1306 1305 1531
f 1546 1492 1509
f 1494 773 1509
f 1547 1104 1534
f 1305 1543 1531
f 1301 1314 1538
f 1494 1509 1492
f 1547 1105 1104
f 1539 1548 1534
f 1301 1422 1420
f 1301 1549 1550
f 1528 1530 1506
f 1444 1301 1446
f 1480 1446 1301
f 1534 1548 1547
f 1520 1521 1528
f 1541 1551 1552
f 1438 1523 1301
f 1480 1301 1523
f 1508 1507 1529
f 1551 1541 1502
f 1500 1502 1540
f 1263 944 1408
f 1139 1152 1136
f 1185 1209 1553
f 1540 1543 1500
f 1223 1543 1305
f 1217 1415 1303
f 1178 1177 1203
f 1223 1500 1543
f 1533 1182 1542
f 1542 1182 1178
f 1203 1542 1178
f 1202 1177 1205
f 1189 838 1545
f 1554 1547 1548
f 1545 1555 1189
f 1555 1209 1189
f 1184 1189 1209
f 1160 1123 1556
f 1471 1028 1024
f 1553 1205 1185
f 1445 1438 1415
f 1028 1471 1280
f 1361 1304 1301
f 1527 1546 1202
f 1203 1202 1546
f 1509 1542 1546
f 1539 1206 963
f 1203 1546 1542
f 1557 1548 1539
f 1205 1527 1202
f 1301 1455 1422
f 1301 1550 1558
f 1551 1503 1514
f 1530 1528 1553
f 1553 1209 1530
f 1209 1555 1530
f 1529 1530 1555
f 1555 1545 1529
f 1559 1560 1471
f 1525 1511 946
f 963 1557 1539
f 1301 1558 1561
f 1527 1205 1528
f 1455 1301 1456
f 1561 1456 1301
f 1553 1528 1205
f 1301 1420 1407
f 1512 1525 1499
f 963 1481 1557
f 1521 1493 1527
f 1527 1492 1546
f 1507 1506 1530
f 1512 1511 1525
f 1197 1402 1535
f 1560 1284 1280
f 1521 1527 1528
f 1537 1412 1197
f 1562 1548 1557
f 1560 1280 1471
f 1559 1471 1470
f 1557 1481 1113
f 1511 961 946
f 1524 1437 1304
f 1404 961 1511
f 1559 1470 1563
f 1404 900 961
f 1564 1115 1105
f 1301 1304 1437
f 1560 1565 1284
f 1404 1511 1403
f 1519 1524 1304
f 1547 1564 1105
f 1547 1554 1564
f 1563 1566 1559
f 1567 1568 979
f 1273 1262 1297
f 1548 1562 1554
f 1297 1345 1273
f 1115 1564 1569
f 1570 1571 1345
f 1042 1047 1148
f 1297 1570 1345
f 1176 1043 1216
f 1215 1570 1297
f 1043 1176 1572
f 1502 1503 1551
f 1573 1574 1498
f 1570 1575 1571
f 1576 1577 1554
f 1578 821 805
f 1562 1576 1554
f 805 1579 1578
f 1575 1580 1571
f 1581 1582 1569
f 1583 1574 1573
f 1584 1585 1586
f 1303 1519 1304
f 1587 1588 1580
f 1573 1498 1589
f 1584 1586 1590
f 1587 1591 1588
f 1535 1537 1197
f 1430 1342 1339
f 1176 1175 1572
f 1430 1428 1342
f 1538 1537 1536
f 1303 1592 1217
f 1592 1291 1217
f 1549 1301 1536
f 1339 1345 1430
f 1562 1557 1113
f 1577 1569 1564
f 1593 1569 1577
f 1535 1402 1536
f 1345 1571 1430
f 1554 1577 1564
f 1430 1571 1427
f 1549 1536 1402
f 1585 1467 1281
f 1283 1585 1281
f 1591 1594 1588
f 1586 1283 1044
f 1595 1596 1197
f 805 1597 1579
f 805 1598 1597
f 1575 1587 1580
f 805 1532 1598
f 805 1400 1532
f 1599 1573 1568
f 1600 1601 1550
f 1601 1602 1550
f 1575 1603 1587
f 1128 1427 1129
f 1602 1558 1550
f 1580 1129 1427
f 1604 1605 1591
f 1597 1606 1579
f 1606 1597 1544
f 1607 1605 1608
f 1580 1427 1571
f 1544 1540 1606
f 1594 1591 1605
f 1598 1544 1597
f 1609 1595 1197
f 1596 1401 1197
f 1605 1607 1594
f 1531 1598 1532
f 1139 1594 1152
f 1608 1610 1607
f 1531 1544 1598
f 1609 1197 1440
f 1611 1401 1612
f 1596 1612 1401
f 1400 1306 1532
f 1613 1600 1401
f 1611 1613 1401
f 1550 1401 1600
f 1402 1401 1550
f 1606 1540 1541
f 1549 1402 1550
f 1614 856 821
f 1614 1615 856
f 1121 1160 1616
f 1578 1614 821
f 1129 1139 1130
f 1578 1579 1617
f 1580 1588 1129
f 1617 1614 1578
f 1606 1617 1579
f 1588 1139 1129
f 883 856 1615
f 1552 1615 1614
f 1052 1148 1047
f 1261 1263 1408
f 1556 1123 1152
f 1617 1552 1614
f 1606 1541 1617
f 1610 1556 1607
f 1541 1552 1617
f 899 1618 1249
f 1607 1556 1152
f 1408 1416 1217
f 1556 1610 1616
f 1217 1261 1408
f 1607 1152 1594
f 1160 1556 1616
f 1249 930 899
f 1588 1594 1139
f 1291 1592 1226
f 1619 1620 1618
f 1592 1303 1226
f 1602 1601 1621
f 1601 1600 1622
f 1622 1621 1601
f 1623 901 883
f 1624 945 901
f 883 1615 1623
f 1620 1249 1618
f 1615 1625 1623
f 1626 1611 1627
f 1619 1618 1628
f 1625 1629 1623
f 1612 1627 1611
f 1628 1618 1630
f 1613 1611 1626
f 762 1009 764
f 1552 1625 1615
f 1009 1618 1021
f 1626 1622 1613
f 1600 1613 1622
f 1551 1625 1552
f 899 1021 1618
f 762 1058 1009
f 1214 1631 1215
f 1631 1214 1632
f 1624 901 1623
f 1596 1595 1633
f 1633 1627 1596
f 1629 1624 1623
f 1456 1561 1634
f 1635 1634 1558
f 1634 1454 1456
f 1514 1629 1625
f 1629 1522 1624
f 1513 1629 1514
f 1558 1634 1561
f 1602 1621 1558
f 1621 1635 1558
f 1636 1637 1638
f 1009 898 764
f 1612 1596 1627
f 1595 1609 1633
f 1551 1514 1625
f 1609 1440 1639
f 1452 1639 1440
f 1639 1633 1609
f 1624 1640 945
f 1452 1440 1398
f 1640 954 945
f 918 1641 919
f 1522 1640 1624
f 917 716 918
f 1641 975 919
f 1522 1157 1640
f 1642 919 975
f 1619 1637 1636
f 972 969 973
f 1619 1628 1637
f 971 970 921
f 972 1643 924
f 1009 1610 1618
f 1644 1638 1632
f 1522 1629 1513
f 972 973 1643
f 1477 764 898
f 1645 921 920
f 920 1030 1645
f 1642 1645 1030
f 1145 1173 1646
f 1030 919 1642
f 1064 1009 1058
f 1232 1646 1173
f 1647 1641 1648
f 1486 1649 717
f 1239 1650 1646
f 1232 1239 1646
f 1232 1173 1172
f 1490 1643 1651
f 1064 1121 1009
f 1648 918 1649
f 1640 1320 954
f 717 1649 715
f 1320 1317 954
f 1608 1618 1610
f 1630 1618 1608
f 1157 1320 1640
f 715 1649 918
f 918 1648 1641
f 975 1641 1647
f 1652 1620 1636
f 1653 1651 973
f 1585 1283 1586
f 1654 1299 1298
f 1572 1586 1044
f 971 1653 973
f 971 921 1653
f 1655 1653 921
f 1043 1572 1044
f 973 1651 1643
f 924 1643 1490
f 1656 1470 1467
f 1249 1620 1652
f 921 1645 1655
f 1585 1656 1467
f 1645 1642 1655
f 975 1647 1642
f 1655 1642 1647
f 1656 1585 1584
f 1635 1621 1648
f 1647 1648 1621
f 1622 1647 1621
f 1656 1563 1470
f 1649 1486 1454
f 1649 1635 1648
f 1121 1616 1009
f 1649 1454 1634
f 1635 1649 1634
f 1249 1652 1248
f 1610 1009 1616
f 1653 1633 1651
f 1654 1298 1657
f 1639 1651 1633
f 1658 1659 1657
f 1246 1650 1239
f 878 1049 891
f 1490 1651 1452
f 1639 1452 1651
f 1655 1626 1627
f 1655 1627 1633
f 1655 1633 1653
f 1654 1657 1659
f 1248 1652 1660
f 1658 1661 1659
f 1246 1248 1660
f 1622 1626 1647
f 1655 1647 1626
f 1246 1660 1650
f 1313 1049 878
f 1146 1145 1662
f 1662 1214 1146
f 1313 1321 1050
f 1646 1662 1145
f 1562 1113 1112
f 1654 1663 1299
f 1313 1050 1049
f 1576 1562 1112
f 1049 911 891
f 1663 1300 1299
f 1664 1663 1654
f 1662 1665 1214
f 911 813 891
f 1665 1632 1214
f 1650 1662 1646
f 1666 1563 1656
f 1662 1650 1665
f 1584 1666 1656
f 1667 1593 1577
f 1659 1664 1654
f 1644 1636 1638
f 1354 1284 1565
f 1576 1667 1577
f 1668 1565 1560
f 723 1300 1663
f 1127 1667 1576
f 723 1216 1300
f 1668 1560 1559
f 1242 723 1663
f 1566 1668 1559
f 1342 1667 1127
f 1664 1242 1663
f 1127 1576 1112
f 1244 1242 1664
f 1665 1644 1632
f 1669 1435 1417
f 1636 1644 1652
f 1636 1620 1619
f 1660 1665 1650
f 1668 1162 1565
f 1644 1660 1652
f 1048 911 1049
f 1669 1670 1435
f 1665 1660 1644
f 1448 1435 1670
f 911 753 813
f 1671 1672 1669
f 1672 1670 1669
f 1667 1673 1593
f 890 979 976
f 1667 1342 1673
f 979 890 1567
f 882 890 976
f 1657 1298 1448
f 1670 1657 1448
f 1658 1657 1670
f 1569 1674 1115
f 1254 1115 1674
f 1674 1569 1582
f 1473 939 938
f 1581 1569 1675
f 1658 1670 1672
f 1676 1417 805
f 805 1677 1676
f 805 1678 1677
f 805 1679 1678
f 805 1680 1679
f 805 807 1680
f 1020 1026 1009
f 1676 1669 1417
f 1681 1682 977
f 1671 1676 1677
f 1671 1669 1676
f 1683 1671 1677
f 1026 1010 1009
f 1678 1683 1677
f 1593 1684 1569
f 1675 1569 1684
f 1682 1487 1461
f 1686 1685 1593
f 1687 1683 1678
f 1679 1687 1678
f 1688 1687 1679
f 1680 1688 1679
f 1689 867 855
f 807 903 1680
f 1684 1593 1685
f 903 1688 1680
f 1689 1460 867
f 1683 1690 1671
f 1259 867 1460
f 1690 1672 1671
f 1691 1690 1683
f 1304 1361 1341
f 1304 1341 1226
f 1042 1148 1010
f 1687 1691 1683
f 1688 1692 1687
f 984 1391 1381
f 1692 1691 1687
f 909 1688 903
f 984 991 1391
f 909 1692 1688
f 1593 1673 1693
f 1686 1593 1693
f 904 895 913
f 1346 1389 1343
f 913 916 1694
f 1694 916 1695
f 1389 1696 1343
f 1696 1344 1343
f 1658 1672 1697
f 1391 1698 1389
f 1699 1460 1689
f 916 928 1695
f 1690 1697 1672
f 1698 1696 1389
f 1391 991 1698
f 1700 904 1701
f 1702 1691 1692
f 909 960 1692
f 1703 855 854
f 1703 1689 855
f 1704 1696 1698
f 1697 1661 1658
f 1701 1703 854
f 1698 991 1705
f 904 1694 1701
f 1705 1704 1698
f 1697 1706 1661
f 1694 1703 1701
f 913 1694 904
f 1707 1697 1690
f 1691 1707 1690
f 991 846 1705
f 1703 1695 1689
f 846 845 1705
f 1691 1702 1707
f 1694 1695 1703
f 845 1708 1705
f 1692 960 1702
f 1695 1699 1689
f 1707 1706 1697
f 1699 1695 928
f 735 1706 1707
f 928 958 1699
f 1702 735 1707
f 1709 1055 1710
f 733 1702 960
f 733 735 1702
f 1661 1711 1659
f 1708 1709 1710
f 1711 1664 1659
f 792 1709 1708
f 1329 1711 1661
f 1711 1244 1664
f 1329 1247 1711
f 792 933 1709
f 1247 1244 1711
f 813 1567 890
f 845 792 1708
f 1329 1661 1706
f 735 800 1706
f 1055 1166 1200
f 1200 1204 1055
f 891 813 890
f 1060 1055 1204
f 1706 800 1329
f 734 800 735
f 1573 1599 1583
f 1055 1709 1056
f 1477 1574 1583
f 1709 933 1056
f 1696 1712 1344
f 1712 1141 1344
f 1704 1712 1696
f 1477 1478 1574
f 1567 1599 1568
f 1583 764 1477
f 1183 1686 1288
f 1693 1288 1686
f 1141 1712 1034
f 1034 1143 1141
f 1704 1710 1712
f 813 755 1567
f 1034 1712 1710
f 764 1583 763
f 1705 1708 1704
f 1583 1599 763
f 1708 1710 1704
f 755 763 1599
f 1147 1032 1034
f 1710 1055 1034
f 755 1599 1567
f 1673 1342 1428
f 1681 1487 1682
f 1034 1055 1060
f 1271 1057 1056
f 1631 1575 1570
f 977 979 1681
f 1681 1589 1487
f 1675 1684 1183
f 1589 1488 1487
f 1581 1675 1183
f 1568 1589 1681
f 1582 1581 1183
f 1570 1215 1631
f 1573 1589 1568
f 979 1568 1681
f 1512 1713 1482
f 1575 1631 1603
f 1632 1603 1631
f 1403 1512 1482
f 1714 1591 1587
f 1714 1604 1591
f 1713 1512 1499
f 1630 1605 1604
f 1684 1685 1183
f 1488 1589 1498
f 1603 1714 1587
f 1686 1183 1685
f 1638 1637 1714
f 1604 1714 1637
f 1637 1628 1604
f 1498 1713 1499
f 1715 1693 1673
f 1603 1638 1714
f 1713 1498 1574
f 1630 1604 1628
f 1632 1638 1603
f 1630 1608 1605
f 1574 1478 1713
f 1482 1713 1478
f 1148 899 1010
f 1693 1715 1288
f 1715 1716 1288
f 1572 1590 1586
f 1674 1183 1254
f 1183 1674 1582
f 1572 1175 1590
f 1363 1717 732
f 1717 728 732
f 1428 1378 1673
f 1717 775 728
f 1584 1590 1718
f 1128 1378 1428
f 1718 1666 1584
f 994 1719 1005
f 1191 1718 1590
f 1378 1716 1673
f 1719 1363 1005
f 1382 1719 994
f 1191 1590 1175
f 1720 1721 1719
f 1382 1720 1719
f 1666 1722 1563
f 1526 1716 1378
f 1715 1673 1716
f 1211 1718 1191
f 1721 1363 1719
f 1722 1566 1563
f 1128 1350 1378
f 1096 1085 1566
f 1363 1721 1717
f 1316 1319 1382
f 1723 1722 1666
f 1716 1526 1288
f 1526 1516 1288
f 1319 1720 1382
f 1724 775 1717
f 1718 1723 1666
f 1724 1717 1721
f 1392 1289 1288
f 1720 1725 1721
f 1723 1718 1211
f 1725 1724 1721
f 1216 722 1176
f 1336 1720 1319
f 1336 1725 1720
f 1096 1566 1722
f 876 780 775
f 1106 1096 1722
f 1724 876 775
f 1723 1106 1722
f 1725 1337 1724
f 1104 1106 1723
f 1337 876 1724
f 1211 1104 1723
f 1336 1346 1725
f 1346 1337 1725
f 995 784 774
f 729 725 724
f 1726 787 1727
f 787 769 1727
f 995 774 788
f 1728 1726 1727
f 1729 1728 777
f 777 1728 779
f 1729 713 1728
f 719 1728 713
f 1728 718 1726
f 1728 719 718
f 1495 995 789
f 797 1183 798
f 752 1730 751
f 1728 1727 1730
f 1727 1731 1730
f 1731 751 1730
f 995 1285 1392
f 1275 1285 995
f 995 749 751
f 995 1392 1333
f 1000 999 995
f 995 996 749
f 751 1731 995
f 1275 995 1252
f 995 1229 1228
f 995 769 784
f 995 1731 1727
f 995 1727 769
f 995 1495 1229
f 788 789 995
f 995 1228 1252
f 1183 1730 752
f 750 1174 1183
f 1183 752 750
f 1183 779 1728
f 1728 1730 1183
f 1017 1042 1732
f 1732 1733 1734
f 1017 1732 1734
f 1700 893 904
f 1474 980 1734
f 1736 964 1354
f 1565 1736 1354
f 1565 1162 1736
f 1085 1162 1668
f 1566 1085 1668
f 1165 1163 1162
f 1161 893 1162
f 1085 1165 1162
f 1474 1473 980
f 1474 1447 939
f 938 980 1473
f 1436 939 1447
f 1700 965 964
f 1736 1700 964
f 1736 1162 893
f 893 1700 1736
f 1700 1701 965
f 1701 854 965
f 893 1161 1373
f 1373 1374 893
f 1374 1358 893
f 1359 894 893
f 1017 1734 980
f 1734 1735 1474
f 1735 1734 1733
f 1699 958 1737
f 1732 1010 1733
f 1026 1447 1735
f 1733 1026 1735
f 1459 1737 1682
f 1682 1461 1459
f 1699 1737 1460
f 1737 1459 1460
f 958 977 1737
f 977 1682 1737
f 1732 1042 1010
f 1474 1735 1447
f 1026 1733 1010
f 785 787 873
f 787 1726 873
f 720 873 1726
f 1726 718 720
f 776 714 1729
f 777 776 1729
f 1729 714 713
f 720 719 714
f 1974 1975 1976
f 1975 1977 1976
f 1978 1979 1980
f 1979 1981 1980
f 1978 1980 1976
f 1980 1974 1976
f 1981 1979 1975
f 1979 1977 1975
f 1980 1981 1974
f 1981 1975 1974
f 1976 1977 1978
f 1977 1979 1978
f 1982 1983 1984
f 1983 1985 1984
f 1985 1986 1984
f 1986 1987 1984
f 1987 1988 1984
f 1988 1989 1984
f 1989 1990 1984
f 1990 1991 1984
f 1991 1992 1984
f 1992 1993 1984
f 1993 1994 1984
f 1994 1995 1984
f 1995 1996 1984
f 1996 1997 1984
f 1997 1998 1984
f 1998 1999 1984
f 1999 2000 1984
f 2000 2001 1984
f 2001 2002 1984
f 2002 1982 1984
f 2003 2004 2005
f 2006 2003 2005
f 2007 2006 2005
f 2008 2007 2005
f 2009 2008 2005
f 2010 2009 2005
f 2011 2010 2005
f 2012 2011 2005
f 2013 2012 2005
f 2014 2013 2005
f 2015 2014 2005
f 2016 2015 2005
f 2017 2016 2005
f 2018 2017 2005
f 2019 2018 2005
f 2020 2019 2005
f 2021 2020 2005
f 2022 2021 2005
f 2023 2022 2005
f 2004 2023 2005
f 1983 1982 2003
f 2003 1982 2004
f 1985 1983 2006
f 2006 1983 2003
f 1986 1985 2007
f 2007 1985 2006
f 1987 1986 2008
f 2008 1986 2007
f 1988 1987 2009
f 2009 1987 2008
f 1989 1988 2010
f 2010 1988 2009
f 1990 1989 2011
f 2011 1989 2010
f 1991 1990 2012
f 2012 1990 2011
f 1992 1991 2013
f 2013 1991 2012
f 1993 1992 2014
f 2014 1992 2013
f 1994 1993 2015
f 2015 1993 2014
f 1995 1994 2016
f 2016 1994 2015
f 1996 1995 2017
f 2017 1995 2016
f 1997 1996 2018
f 2018 1996 2017
f 1998 1997 2019
f 2019 1997 2018
f 1999 1998 2020
f 2020 1998 2019
f 2000 1999 2021
f 2021 1999 2020
f 2001 2000 2022
f 2022 2000 2021
f 2002 2001 2023
f 2023 2001 2022
f 1982 2002 2004
f 2004 2002 2023
f 3118 3119 3120
f 3121 3118 3120
f 3122 3121 3120
f 3123 3122 3120
f 3124 3123 3120
f 3125 3124 3120
f 3126 3125 3120
f 3127 3126 3120
f 3128 3127 3120
f 3129 3128 3120
f 3130 3129 3120
f 3131 3130 3120
f 3132 3131 3120
f 3133 3132 3120
f 3134 3133 3120
f 3135 3134 3120
f 3136 3135 3120
f 3137 3136 3120
f 3138 3137 3120
f 3119 3138 3120
f 3139 3140 3141
f 3140 3142 3141
f 3142 3143 3141
f 3143 3144 3141
f 3144 3145 3141
f 3145 3146 3141
f 3146 3147 3141
f 3147 3148 3141
f 3148 3149 3141
f 3149 3150 3141
f 3150 3151 3141
f 3151 3152 3141
f 3152 3153 3141
f 3153 3154 3141
f 3154 3155 3141
f 3155 3156 3141
f 3156 3157 3141
f 3157 3158 3141
f 3158 3159 3141
f 3159 3139 3141
f 3119 3118 3140
f 3119 3140 3139
f 3118 3121 3142
f 3118 3142 3140
f 3121 3122 3143
f 3121 3143 3142
f 3122 3123 3144
f 3122 3144 3143
f 3123 3124 3145
f 3123 3145 3144
f 3124 3125 3146
f 3124 3146 3145
f 3125 3126 3147
f 3125 3147 3146
f 3126 3127 3148
f 3126 3148 3147
f 3127 3128 3149
f 3127 3149 3148
f 3128 3129 3150
f 3128 3150 3149
f 3129 3130 3151
f 3129 3151 3150
f 3130 3131 3152
f 3130 3152 3151
f 3131 3132 3153
f 3131 3153 3152
f 3132 3133 3154
f 3132 3154 3153
f 3133 3134 3155
f 3133 3155 3154
f 3134 3135 3156
f 3134 3156 3155
f 3135 3136 3157
f 3135 3157 3156
f 3136 3137 3158
f 3136 3158 3157
f 3137 3138 3159
f 3137 3159 3158
f 3138 3119 3139
f 3138 3139 3159
f 3994 3995 3996
f 3997 3998 3999
f 4000 4001 4002
f 3996 3995 4001
f 4003 4004 4005
f 4006 4007 4008
f 4003 4009 4004
f 4010 4007 4011
f 4009 4012 4004
f 4010 4013 4007
f 4014 4010 4011
f 4015 4016 4017
f 4018 4019 4020
f 4021 3999 4022
f 4007 4023 4008
f 4023 4024 4008
f 4025 4026 4020
f 4027 4028 4029
f 4030 4020 4028
f 4031 4032 4033
f 4034 4033 4032
f 4035 4036 4037
f 4038 4039 4040
f 4041 4042 4043
f 4036 4044 4045
f 4043 4025 4041
f 4044 4046 4045
f 4029 4028 4020
f 4029 4021 4027
f 4047 4027 4021
f 4036 4045 4037
f 4021 4022 4047
f 4042 4040 4048
f 4043 4042 4048
f 4048 4040 4049
f 4050 4051 4052
f 4049 4040 4039
f 4053 4039 4038
f 4007 4013 4023
f 4054 4041 4025
f 4025 4020 4054
f 4030 4054 4020
f 4055 4056 4050
f 4057 4013 4010
f 4058 4059 4060
f 4059 4061 4060
f 4062 4063 4013
f 4064 4060 4061
f 4065 4042 4041
f 4066 4050 4056
f 4051 4050 4066
f 4052 4051 4067
f 4023 4068 4024
f 4067 4051 4069
f 4056 4055 4070
f 4071 4070 4055
f 4023 4013 4063
f 4072 4073 4074
f 4075 4076 4077
f 4078 4077 4076
f 4061 4079 4064
f 4080 4081 4079
f 4081 4064 4079
f 4082 4016 4083
f 4084 4078 4076
f 4085 4084 4076
f 4062 4013 4057
f 4077 4078 4047
f 4027 4047 4078
f 4086 4030 4028
f 4087 4088 4089
f 4090 4091 4092
f 4087 4093 4088
f 4028 4027 4086
f 4084 4086 4027
f 4084 4027 4078
f 4087 4094 4093
f 4035 4037 4095
f 4096 4097 4098
f 4099 4100 4097
f 4087 4101 4094
f 4087 4102 4101
f 4076 4040 4085
f 4065 4085 4040
f 4042 4065 4040
f 4087 4103 4102
f 4003 4106 4009
f 4093 4107 4088
f 4098 4097 4100
f 4108 4105 4100
f 4106 4003 4109
f 4094 4110 4093
f 4111 4112 4113
f 4114 4115 4116
f 4116 4117 4118
f 4101 4119 4094
f 4120 4121 4122
f 4123 4122 4121
f 4118 4092 4124
f 4125 4009 4106
f 4094 4119 4110
f 4126 4127 4128
f 4090 4092 4118
f 4092 4129 4124
f 4130 4124 4129
f 4131 4119 4101
f 4090 4118 4117
f 4024 4068 4132
f 4106 4133 4125
f 4117 4116 4115
f 4126 4128 4134
f 4131 4135 4119
f 4102 4131 4101
f 4136 4137 4134
f 4063 4068 4023
f 4099 4115 4114
f 4103 4138 4102
f 4134 4137 4126
f 4138 4131 4102
f 4139 4104 4140
f 4139 4123 4141
f 4121 4141 4123
f 4141 4104 4139
f 4113 4112 4142
f 4112 4143 4142
f 4144 4145 4110
f 4104 4146 4140
f 4068 4147 4132
f 4143 4148 4142
f 4149 4072 4126
f 4146 4108 4140
f 4137 4149 4126
f 4119 4144 4110
f 4150 4068 4063
f 4151 4140 4108
f 4152 4153 4006
f 4150 4147 4068
f 4154 4106 4109
f 4114 4151 4099
f 4100 4099 4151
f 4108 4100 4151
f 4119 4135 4144
f 4118 4050 4052
f 4118 4052 4116
f 4052 4067 4116
f 4114 4116 4067
f 4155 4114 4067
f 4154 4109 4156
f 4152 4157 4156
f 4158 4159 4062
f 4050 4118 4055
f 4143 4160 4148
f 4161 4162 4163
f 4160 4164 4148
f 4165 4135 4131
f 4157 4154 4156
f 4123 4064 4081
f 4123 4081 4122
f 4166 4167 4168
f 4008 4157 4152
f 4168 4167 4169
f 4140 3995 4058
f 4140 4058 4060
f 4140 4060 4139
f 4064 4123 4060
f 4139 4060 4123
f 4138 4165 4131
f 4167 4162 4169
f 4161 4169 4162
f 4170 4167 4171
f 4166 4171 4167
f 4114 4155 4151
f 4002 4151 4155
f 4008 4152 4006
f 4172 4164 4173
f 4174 4167 4170
f 4151 4002 4140
f 3995 4140 4002
f 4164 4160 4173
f 4154 4133 4106
f 4175 4176 4177
f 4178 4177 4179
f 4180 4181 4182
f 4165 4183 4135
f 4179 4177 4176
f 4184 4185 4089
f 4175 4177 4186
f 4154 4187 4133
f 4178 4188 4177
f 4088 4184 4089
f 4088 4107 4184
f 4187 4154 4157
f 4110 4107 4093
f 4189 4182 4181
f 4190 4191 4185
f 4024 4187 4157
f 4184 4190 4185
f 4192 4035 4193
f 4194 4195 4177
f 4065 4041 4054
f 4196 4190 4184
f 4040 4076 4038
f 4075 4038 4076
f 4194 4197 4195
f 4065 4086 4085
f 4197 4198 4195
f 4084 4085 4086
f 4107 4196 4184
f 4110 4145 4107
f 4065 4054 4086
f 4030 4086 4054
f 4145 4196 4107
f 4199 4200 4201
f 4202 4203 4204
f 4145 4205 4196
f 4039 4053 4206
f 4008 4024 4157
f 4072 4127 4126
f 4127 4072 4074
f 4198 4197 4207
f 4208 4209 4205
f 4207 4210 4198
f 4211 4181 4212
f 4144 4213 4145
f 4213 4205 4145
f 4135 4214 4144
f 4073 4215 4074
f 4214 4213 4144
f 4024 4132 4187
f 4216 4217 4194
f 4218 4194 4217
f 4135 4183 4214
f 4213 4219 4205
f 4220 4221 4222
f 4223 4219 4213
f 4197 4194 4113
f 4214 4223 4213
f 4224 4225 4226
f 4183 4227 4214
f 4227 4223 4214
f 4218 4113 4194
f 4224 4228 4225
f 4228 4229 4225
f 4230 4231 4125
f 4111 4113 4218
f 4133 4230 4125
f 4223 4232 4219
f 4113 4142 4197
f 4233 4230 4133
f 4224 4226 4234
f 4232 4235 4219
f 4236 4232 4223
f 4227 4236 4223
f 3997 4200 3998
f 4022 3999 3998
f 4237 4238 4230
f 4133 4187 4233
f 4239 4240 4210
f 4187 4132 4233
f 4241 4242 4191
f 4229 4243 4244
f 4191 4190 4241
f 4231 4230 4238
f 4207 4239 4210
f 4238 4245 4231
f 4209 4241 4190
f 4243 4229 4228
f 4148 4239 4207
f 4246 4247 4248
f 4237 4230 4233
f 4196 4209 4190
f 4148 4164 4239
f 4205 4209 4196
f 4249 4233 4132
f 4250 4015 4242
f 4251 4252 4253
f 4204 4203 4252
f 4241 4250 4242
f 4254 4206 4053
f 4253 4255 4251
f 4209 4256 4241
f 4250 4241 4256
f 4208 4256 4209
f 4258 4259 4240
f 4022 3998 4260
f 4047 4022 4260
f 3998 4199 4260
f 4219 4208 4205
f 4258 4261 4259
f 4220 4222 4262
f 4199 4201 4263
f 4264 4263 4201
f 4263 4260 4199
f 4250 4265 4015
f 4266 4267 4268
f 4239 4258 4240
f 4265 4016 4015
f 4269 4204 4270
f 4204 4252 4270
f 4271 4265 4250
f 4239 4164 4258
f 4252 4251 4270
f 4251 4254 4272
f 4266 4268 4273
f 4272 4270 4251
f 4274 4268 4267
f 4038 4254 4053
f 4271 4250 4256
f 4038 4272 4254
f 4208 4275 4256
f 4274 4134 4268
f 4182 4189 4244
f 4134 4128 4268
f 4182 4244 4243
f 4248 4274 4267
f 4256 4275 4271
f 4197 4142 4207
f 4235 4275 4208
f 4142 4148 4207
f 4235 4276 4275
f 4248 4247 4274
f 4235 4208 4219
f 4277 4188 4278
f 4178 4179 4278
f 4176 4278 4179
f 4226 4225 4279
f 4178 4278 4188
f 4225 4280 4279
f 4281 4282 4111
f 4283 4177 4188
f 4283 4284 4194
f 4283 4194 4177
f 4285 4194 4284
f 4136 4134 4274
f 4286 4265 4271
f 4216 4194 4285
f 4271 4275 4287
f 4280 4288 4279
f 4247 4136 4274
f 4180 4290 4291
f 4289 4218 4217
f 4276 4287 4275
f 4289 4292 4218
f 4293 4218 4294
f 4111 4218 4281
f 4295 4280 4296
f 4128 4273 4268
f 4277 4283 4188
f 4283 4277 4284
f 4296 4244 4297
f 4284 4277 4285
f 4298 4262 4299
f 4300 4299 4262
f 4244 4189 4297
f 4301 4302 4303
f 4304 4305 4306
f 4277 4216 4285
f 4307 4301 4308
f 4305 4309 4306
f 4229 4280 4225
f 4216 4277 4217
f 4217 4277 4289
f 4277 4292 4289
f 4310 4111 4282
f 4292 4294 4218
f 4293 4281 4218
f 4280 4229 4296
f 4204 4269 4202
f 4311 4202 4269
f 4281 4293 4277
f 4269 4264 4311
f 4201 4311 4264
f 4077 4312 4075
f 4244 4296 4229
f 4313 4314 4315
f 4075 4312 4316
f 4316 4312 4317
f 4318 4317 4312
f 4264 4319 4263
f 4320 4321 4297
f 4077 4047 4312
f 4260 4312 4047
f 4297 4189 4320
f 4293 4294 4277
f 4277 4294 4292
f 4312 4260 4318
f 4319 4318 4260
f 4263 4319 4260
f 4270 4272 4322
f 4317 4322 4272
f 4317 4272 4316
f 4316 4272 4038
f 4316 4038 4075
f 4322 4269 4270
f 4298 4299 4323
f 4264 4269 4319
f 4322 4319 4269
f 4318 4319 4322
f 4318 4322 4317
f 4324 4325 4326
f 4097 4096 4327
f 4323 4299 4328
f 4329 4192 4193
f 4295 4288 4280
f 4330 4331 4329
f 4300 4262 4222
f 4332 4300 4222
f 4299 4300 4328
f 4332 4333 4300
f 4192 4334 4035
f 4334 4036 4035
f 4303 4308 4301
f 4335 4336 4337
f 4044 4036 4338
f 4339 4315 4340
f 4338 4036 4334
f 4341 4327 4342
f 4343 4091 4341
f 4344 4338 4334
f 4345 4346 4347
f 4348 4347 4349
f 4350 4341 4091
f 4327 4341 4350
f 4327 4096 4342
f 4174 4351 4167
f 4352 4342 4096
f 4091 4343 4354
f 4355 4354 4343
f 4356 4357 4358
f 4359 4358 4360
f 4349 4361 4348
f 4362 4361 4363
f 4364 4365 4366
f 4362 4348 4361
f 4360 4358 4357
f 4105 4346 4345
f 4349 4347 4346
f 4367 4192 4329
f 4359 4368 4358
f 4369 4358 4368
f 4098 4105 4353
f 4096 4098 4353
f 4352 4096 4353
f 4345 4353 4105
f 4370 4371 4372
f 4373 4372 4374
f 4375 4366 4376
f 4374 4372 4371
f 4377 4372 4373
f 4372 4341 4370
f 4378 4370 4341
f 4342 4378 4341
f 4379 4329 4331
f 4352 4378 4342
f 4358 4369 4162
f 4162 4369 4163
f 4380 4379 4331
f 4162 4381 4358
f 4377 4343 4372
f 4341 4372 4343
f 4367 4382 4192
f 4382 4334 4192
f 4383 4378 4353
f 4384 4385 4386
f 4162 4387 4381
f 4374 4348 4362
f 4374 4362 4373
f 4383 4345 4347
f 4387 4388 4381
f 4382 4344 4334
f 4347 4348 4383
f 4371 4383 4348
f 4371 4348 4374
f 4162 4389 4387
f 4376 4366 4365
f 4370 4378 4383
f 4370 4383 4371
f 4387 4390 4388
f 4379 4367 4329
f 4391 4392 4393
f 4353 4378 4352
f 4353 4345 4383
f 4167 4389 4162
f 4350 4091 4090
f 4327 4350 4117
f 4090 4117 4350
f 4117 4115 4097
f 4117 4097 4327
f 4375 4376 4386
f 4386 4385 4375
f 4375 4394 4366
f 4395 4394 4375
f 4396 4390 4387
f 4385 4395 4375
f 4388 4397 4398
f 4399 4400 4366
f 4401 4344 4382
f 4393 4402 4391
f 4388 4390 4397
f 4367 4379 4403
f 4404 4405 4402
f 4405 4391 4402
f 4406 4392 4391
f 4407 4392 4406
f 4408 4409 4410
f 4411 4412 4321
f 4390 4413 4397
f 4320 4414 4321
f 4415 4397 4413
f 4380 4410 4416
f 4417 4413 4390
f 4416 4379 4380
f 4412 4418 4295
f 4419 4416 4410
f 4296 4297 4412
f 4321 4412 4297
f 4420 4421 4422
f 4296 4412 4295
f 4423 4315 4314
f 4306 4309 4424
f 4415 4425 4426
f 4315 4339 4427
f 4180 4291 4181
f 4413 4425 4415
f 4428 4333 4181
f 4129 4092 4091
f 4354 4129 4091
f 4424 4429 4430
f 4129 4354 4130
f 4429 4424 4431
f 4403 4416 4432
f 4363 4361 4120
f 4121 4120 4361
f 4361 4349 4141
f 4361 4141 4121
f 4351 4433 4434
f 4351 4434 4167
f 4389 4167 4434
f 4436 4437 4438
f 4389 4434 4439
f 4440 4382 4367
f 4441 4442 4443
f 4365 4444 4445
f 4387 4389 4396
f 4367 4403 4440
f 4364 4444 4365
f 4446 4335 4447
f 4389 4439 4396
f 4364 4366 4400
f 4403 4379 4416
f 4399 4366 4448
f 4366 4449 4448
f 4449 4366 4450
f 4394 4450 4366
f 4390 4396 4417
f 4349 4346 4141
f 4104 4141 4346
f 4439 4451 4396
f 4105 4104 4346
f 4401 4382 4440
f 4417 4396 4451
f 4104 4105 4146
f 4115 4099 4097
f 4146 4105 4108
f 4098 4100 4105
f 4451 4452 4417
f 4452 4453 4417
f 4445 4454 4443
f 4012 4455 4456
f 4457 4458 4459
f 4441 4443 4454
f 4460 4457 4459
f 4461 4459 4458
f 4458 4462 4461
f 4343 4461 4462
f 4456 4004 4012
f 4444 4364 4454
f 4454 4364 4400
f 4343 4462 4355
f 4463 4454 4400
f 4464 4465 4466
f 4467 4466 4465
f 4466 4468 4464
f 4469 4464 4468
f 4363 4469 4468
f 4363 4468 4362
f 4470 4471 4455
f 4460 4467 4457
f 4465 4457 4467
f 4288 4295 4472
f 4012 4470 4455
f 4295 4418 4472
f 4413 4417 4453
f 4473 4470 4012
f 4460 4474 4467
f 4425 4413 4453
f 4377 4475 4476
f 4446 4447 4477
f 4476 4475 4478
f 4373 4475 4377
f 4479 4478 4475
f 4446 4477 4480
f 4459 4461 4481
f 4478 4481 4461
f 4478 4461 4476
f 4377 4476 4343
f 4461 4343 4476
f 4009 4473 4012
f 4481 4460 4459
f 4009 4125 4473
f 4467 4474 4466
f 4468 4475 4362
f 4373 4362 4475
f 4475 4468 4479
f 4474 4479 4468
f 4466 4474 4468
f 4301 4290 4302
f 4460 4481 4474
f 4481 4478 4479
f 4481 4479 4474
f 4482 4483 4457
f 4340 4484 4477
f 4484 4480 4477
f 4354 4355 4130
f 4130 4355 4462
f 4465 4482 4457
f 4485 4470 4473
f 4363 4120 4469
f 4125 4231 4473
f 4427 4339 4477
f 4477 4313 4427
f 4411 4486 4487
f 4464 4488 4465
f 4340 4477 4339
f 4471 4489 4490
f 4304 4306 4491
f 4470 4489 4471
f 4324 4326 4492
f 4470 4485 4489
f 4426 4493 4494
f 4492 4495 4324
f 4447 4335 4337
f 4321 4414 4486
f 4496 4497 4336
f 4321 4486 4411
f 4473 4231 4485
f 4412 4411 4418
f 4302 4498 4303
f 4333 4499 4302
f 4498 4302 4499
f 4500 4501 4502
f 4486 4414 4211
f 4503 4500 4502
f 4504 4500 4503
f 4005 4004 4495
f 4245 4485 4231
f 4506 4507 4508
f 4509 4507 4506
f 4452 4510 4511
f 4472 4510 4512
f 4513 4514 4515
f 4513 4515 4516
f 4510 4517 4511
f 4517 4518 4511
f 4418 4517 4510
f 4519 4520 4404
f 4507 4509 4514
f 4507 4514 4513
f 4337 4505 4447
f 4418 4411 4517
f 4003 4005 4521
f 4522 4520 4519
f 4477 4447 4505
f 4521 4109 4003
f 4472 4418 4510
f 4109 4521 4523
f 4156 4109 4523
f 4487 4524 4525
f 4526 4156 4523
f 4524 4212 4527
f 4444 4454 4445
f 4212 4528 4527
f 4524 4527 4525
f 4358 4529 4356
f 4513 4530 4531
f 4513 4531 4507
f 4487 4525 4518
f 4522 4519 4529
f 4524 4211 4212
f 4487 4486 4524
f 4532 4395 4533
f 4529 4381 4522
f 4337 4534 4505
f 4517 4487 4518
f 4450 4394 4435
f 4535 4435 4394
f 4358 4381 4529
f 4394 4395 4535
f 4535 4395 4536
f 4398 4537 4520
f 4400 4399 4463
f 4522 4398 4520
f 4422 4421 4423
f 4211 4524 4486
f 4522 4381 4388
f 4388 4398 4522
f 4398 4538 4537
f 4517 4411 4487
f 4313 4477 4314
f 4423 4314 4477
f 4422 4423 4477
f 4539 4072 4149
f 4539 4073 4072
f 4448 4463 4399
f 4449 4450 4463
f 4540 4541 4215
f 4537 4538 4542
f 4540 4543 4541
f 4448 4449 4463
f 4073 4540 4215
f 4538 4398 4397
f 4073 4539 4544
f 4073 4544 4540
f 4545 4080 4463
f 4337 4336 4534
f 4079 4061 4463
f 4546 4504 4503
f 4415 4538 4397
f 4516 4545 4463
f 4520 4405 4404
f 4547 4504 4546
f 4537 4548 4405
f 4549 4543 4540
f 4513 4516 4463
f 4501 4500 4550
f 4549 4234 4543
f 4520 4537 4405
f 4530 4513 4463
f 4549 4540 4544
f 4501 4550 4491
f 4534 4551 4505
f 4551 4497 4505
f 4552 4550 4500
f 4542 4553 4548
f 4548 4537 4542
f 4554 4530 4463
f 4543 4234 4226
f 4554 4555 4530
f 4530 4555 4531
f 4420 4422 4477
f 4504 4552 4500
f 4547 4556 4504
f 4309 4431 4424
f 4557 4498 4499
f 4556 4552 4504
f 4431 4558 4559
f 4560 4558 4431
f 4309 4560 4431
f 4304 4491 4550
f 4552 4561 4550
f 4550 4561 4304
f 4558 4562 4559
f 4563 4552 4556
f 4560 4564 4558
f 4563 4561 4552
f 4565 4555 4554
f 4564 4566 4558
f 4325 4563 4556
f 4567 4542 4538
f 4538 4415 4567
f 4415 4426 4567
f 4463 4568 4569
f 4569 4554 4463
f 4426 4494 4567
f 4566 4570 4562
f 4571 4572 4496
f 4572 4497 4496
f 4551 4336 4497
f 4573 4574 4575
f 4336 4215 4541
f 4566 4562 4558
f 4541 4496 4336
f 4576 4573 4575
f 4542 4567 4577
f 4578 4579 4576
f 4567 4494 4577
f 4579 4573 4576
f 4326 4556 4547
f 4574 4326 4547
f 4573 4492 4574
f 4497 4572 4505
f 4569 4565 4554
f 4492 4326 4574
f 4580 4492 4573
f 4170 4581 4174
f 4580 4495 4492
f 4579 4580 4573
f 4572 4571 4505
f 4174 4581 4351
f 4433 4351 4581
f 4581 4170 4171
f 4325 4556 4326
f 4436 4582 4437
f 4333 4332 4499
f 4583 4584 4505
f 4166 4581 4171
f 4429 4559 4438
f 4169 4581 4168
f 4168 4581 4166
f 4436 4438 4559
f 4585 4586 4587
f 4163 4581 4161
f 4161 4581 4169
f 4559 4429 4431
f 4588 4112 4111
f 4581 4369 4368
f 4559 4562 4436
f 4369 4581 4163
f 4589 4143 4112
f 4436 4562 4590
f 4588 4589 4112
f 4332 4591 4499
f 4328 4300 4333
f 4570 4592 4590
f 4562 4570 4590
f 4143 4593 4160
f 4581 4368 4594
f 4360 4594 4359
f 4357 4594 4360
f 4391 4405 4548
f 4595 4596 4597
f 4359 4594 4368
f 4391 4548 4406
f 4598 4599 4596
f 4595 4598 4596
f 4600 4595 4597
f 4589 4593 4143
f 4600 4437 4582
f 4601 4593 4589
f 4582 4595 4600
f 4406 4548 4553
f 4519 4602 4529
f 4603 4587 4586
f 4604 4587 4603
f 4582 4605 4595
f 4606 4357 4356
f 4607 4604 4603
f 4450 4435 4463
f 4595 4605 4598
f 4535 4463 4435
f 4536 4463 4535
f 4608 4604 4607
f 4582 4590 4605
f 4152 4156 4526
f 4536 4395 4532
f 4590 4592 4605
f 4609 4082 4153
f 4590 4582 4436
f 4598 4610 4599
f 4609 4153 4526
f 4611 4612 4588
f 4082 4083 4153
f 4613 4614 4615
f 4599 4610 4616
f 4617 4618 4158
f 4406 4619 4407
f 4620 4610 4598
f 4621 4477 4505
f 4159 4158 4618
f 4614 4589 4588
f 4619 4622 4407
f 4623 4618 4617
f 4406 4553 4619
f 4620 4598 4605
f 4623 4624 4618
f 4553 4625 4619
f 4623 4617 4626
f 4620 4605 4592
f 4614 4601 4589
f 4627 4626 4616
f 4610 4627 4616
f 4159 4628 4629
f 4630 4601 4614
f 4308 4303 4631
f 4628 4159 4618
f 4570 4632 4592
f 4618 4624 4628
f 4408 4410 4630
f 4566 4633 4570
f 4633 4632 4570
f 4634 4633 4566
f 4635 4636 4629
f 4380 4331 4601
f 4633 4248 4632
f 4533 4463 4532
f 4532 4463 4536
f 4278 4454 4031
f 4624 4421 4628
f 4152 4526 4153
f 4454 4032 4031
f 4498 4557 4637
f 4303 4498 4637
f 4083 4006 4153
f 4637 4631 4303
f 4638 4639 4175
f 4640 4641 4642
f 4132 4147 4249
f 4640 4621 4641
f 4601 4630 4380
f 4287 4286 4271
f 4287 4643 4286
f 4630 4410 4380
f 4644 4150 4063
f 4645 4111 4646
f 4647 4588 4645
f 4278 4638 4454
f 4648 4649 4150
f 4588 4650 4611
f 4014 4651 4286
f 4062 4644 4063
f 4615 4588 4612
f 4286 4643 4014
f 4644 4062 4159
f 4652 4614 4613
f 4653 4454 4654
f 4564 4634 4566
f 4441 4454 4653
f 4654 4454 4638
f 4588 4615 4614
f 4632 4267 4655
f 4656 4657 4614
f 4176 4639 4278
f 4248 4267 4632
f 4630 4614 4658
f 4659 4235 4232
f 4659 4276 4235
f 4246 4633 4634
f 4597 4659 4232
f 4278 4639 4638
f 4246 4248 4633
f 4644 4648 4150
f 4660 4648 4644
f 4655 4266 4661
f 4597 4232 4236
f 4659 4662 4276
f 4644 4159 4629
f 4592 4632 4655
f 4597 4596 4659
f 4642 4641 4581
f 4596 4662 4659
f 4663 4660 4644
f 4644 4629 4663
f 4612 4277 4615
f 4265 4651 4016
f 4651 4083 4016
f 4612 4611 4277
f 4629 4664 4665
f 4265 4286 4651
f 4628 4666 4629
f 4011 4006 4083
f 4655 4267 4266
f 4666 4667 4629
f 4651 4011 4083
f 4668 4656 4614
f 4627 4669 4626
f 4628 4421 4666
f 4652 4668 4614
f 4014 4011 4651
f 4620 4661 4610
f 4621 4640 4477
f 4503 4502 4585
f 4661 4627 4610
f 4587 4503 4585
f 4655 4661 4620
f 4604 4546 4587
f 4635 4629 4665
f 4592 4655 4620
f 4546 4503 4587
f 4670 4546 4604
f 4147 4602 4249
f 4608 4670 4604
f 4627 4661 4671
f 4671 4669 4627
f 4670 4608 4575
f 4673 4674 4477
f 4310 4646 4111
f 4575 4574 4670
f 4674 4675 4477
f 4676 4356 4649
f 4547 4670 4574
f 4677 4678 4477
f 4646 4310 4277
f 4679 4680 4087
f 4663 4629 4636
f 4282 4277 4310
f 4277 4647 4645
f 4646 4277 4645
f 4664 4629 4667
f 4681 4682 4477
f 4675 4677 4477
f 4683 4180 4684
f 4320 4189 4181
f 4685 4673 4477
f 4686 4588 4647
f 4111 4645 4588
f 4642 4581 4687
f 4686 4650 4588
f 4226 4279 4688
f 4613 4615 4277
f 4686 4277 4650
f 4689 4421 4420
f 4685 4477 4640
f 4647 4277 4686
f 4087 4690 4679
f 4087 4691 4690
f 4477 4692 4636
f 4087 4693 4691
f 4640 4642 4685
f 4087 4694 4693
f 4695 4496 4696
f 4687 4685 4642
f 4087 4697 4694
f 4673 4685 4687
f 4603 4586 4680
f 4660 4692 4648
f 4649 4648 4692
f 4696 4698 4695
f 4699 4700 4701
f 4702 4701 4700
f 4650 4277 4611
f 4679 4603 4680
f 4607 4603 4679
f 4288 4698 4696
f 4636 4692 4663
f 4660 4663 4692
f 4607 4679 4690
f 4658 4614 4657
f 4691 4703 4690
f 4673 4704 4705
f 4705 4674 4673
f 4607 4690 4703
f 4693 4706 4691
f 4706 4703 4691
f 4707 4408 4708
f 4709 4706 4693
f 4710 4707 4708
f 4712 4706 4709
f 4711 4667 4666
f 4713 4711 4666
f 4694 4709 4693
f 4696 4688 4279
f 4668 4652 4672
f 4666 4421 4713
f 4713 4421 4714
f 4715 4694 4697
f 4279 4288 4696
f 4652 4613 4672
f 4715 4709 4694
f 4221 4716 4222
f 4222 4591 4332
f 4717 4695 4718
f 4703 4608 4607
f 4657 4656 4672
f 4719 4608 4703
f 4720 4477 4678
f 4302 4181 4333
f 4706 4719 4703
f 4433 4721 4434
f 4722 4434 4721
f 4700 4673 4687
f 4723 4700 4699
f 4591 4716 4557
f 4673 4700 4704
f 4723 4704 4700
f 4724 4725 4722
f 4726 4725 4724
f 4712 4719 4706
f 4308 4631 4727
f 4716 4727 4631
f 4637 4716 4631
f 4728 4712 4709
f 4729 4701 4730
f 4591 4222 4716
f 4702 4730 4701
f 4731 4730 4702
f 4636 4635 4477
f 4732 4677 4733
f 4635 4665 4477
f 4675 4674 4733
f 4512 4698 4472
f 4728 4709 4715
f 4734 4731 4735
f 4702 4735 4731
f 4719 4575 4608
f 4736 4734 4735
f 4712 4576 4719
f 4664 4667 4477
f 4664 4477 4665
f 4737 4733 4674
f 4705 4738 4674
f 4719 4576 4575
f 4738 4737 4674
f 4675 4733 4677
f 4678 4677 4732
f 4578 4712 4728
f 4539 4739 4544
f 4578 4576 4712
f 4670 4547 4546
f 4713 4714 4477
f 4711 4713 4477
f 4740 4739 4539
f 4739 4741 4544
f 4667 4711 4477
f 4729 4742 4699
f 4549 4544 4741
f 4233 4249 4237
f 4738 4705 4743
f 4714 4421 4689
f 4701 4729 4699
f 4744 4723 4742
f 4714 4689 4477
f 4420 4477 4689
f 4704 4743 4705
f 4745 4238 4237
f 4744 4743 4704
f 4602 4746 4249
f 4704 4723 4744
f 4699 4742 4723
f 4747 4305 4304
f 4748 4742 4729
f 4749 4748 4730
f 4729 4730 4748
f 4750 4751 4305
f 4731 4752 4730
f 4747 4750 4305
f 4753 4754 4221
f 4356 4602 4147
f 4519 4746 4602
f 4304 4561 4747
f 4356 4529 4602
f 4150 4356 4147
f 4733 4755 4732
f 4472 4698 4288
f 4150 4649 4356
f 4434 4722 4725
f 4748 4756 4742
f 4725 4439 4434
f 4757 4180 4758
f 4746 4519 4404
f 4759 3999 4021
f 4726 4760 4725
f 4238 4761 4245
f 4762 4180 4683
f 4763 4451 4439
f 4039 4206 4764
f 4414 4320 4181
f 4684 4180 4182
f 4039 4764 4049
f 4765 4049 4764
f 4211 4414 4181
f 4238 4745 4761
f 4725 4763 4439
f 4762 4758 4180
f 4766 4759 4752
f 4746 4237 4249
f 4725 4695 4763
f 4746 4745 4237
f 4512 4452 4451
f 4512 4510 4452
f 4767 4768 4769
f 4402 4393 4761
f 4763 4512 4451
f 4356 4676 4606
f 4402 4761 4745
f 4765 4764 4755
f 4404 4402 4745
f 4206 4770 4764
f 4770 4755 4764
f 4752 4731 4734
f 4752 4734 4766
f 4746 4404 4745
f 4749 4730 4752
f 4692 4594 4606
f 4744 4742 4756
f 4357 4606 4594
f 4606 4676 4692
f 4771 4755 4737
f 4637 4557 4716
f 4307 4308 4727
f 4649 4692 4676
f 4506 4508 4772
f 4770 4732 4755
f 4759 4021 4019
f 4773 4506 4772
f 4774 4772 4508
f 4508 4775 4774
f 4055 4774 4775
f 4557 4499 4591
f 4048 4776 4043
f 4777 4043 4776
f 4778 4779 4768
f 4780 4781 4782
f 4055 4775 4071
f 4781 4783 4782
f 4777 4784 4043
f 4026 4018 4020
f 4515 4785 4516
f 4785 4786 4516
f 4786 4787 4516
f 4545 4516 4787
f 4080 4545 4787
f 4787 4081 4080
f 4502 4501 4780
f 4026 4025 4784
f 4501 4781 4780
f 4029 4020 4019
f 4698 4512 4763
f 4029 4019 4021
f 4124 4788 4055
f 4765 4789 4049
f 4789 4776 4049
f 4048 4049 4776
f 4656 4668 4672
f 4695 4698 4763
f 4043 4784 4025
f 4683 4790 4791
f 4430 4792 4793
f 4433 4581 4721
f 4749 4752 4019
f 4783 4430 4793
f 4721 4581 4722
f 4769 4234 4549
f 4581 4724 4722
f 4755 4771 4789
f 4781 4794 4783
f 4657 4795 4658
f 4796 4777 4771
f 4789 4765 4755
f 4741 4769 4549
f 4430 4783 4794
f 4491 4794 4781
f 4018 4026 4756
f 4767 4769 4741
f 4766 3999 4759
f 4019 4018 4749
f 4748 4749 4018
f 4769 4797 4234
f 4491 4781 4501
f 4798 4583 4695
f 4224 4234 4797
f 4672 4568 4657
f 4768 4797 4769
f 4785 4515 4799
f 4672 4565 4569
f 4506 4773 4509
f 4800 4509 4773
f 4438 4801 4792
f 4438 4437 4801
f 4515 4514 4799
f 4718 4725 4802
f 4429 4438 4792
f 4514 4509 4799
f 4803 4695 4717
f 4798 4695 4803
f 4779 4804 4797
f 4800 4799 4509
f 4430 4429 4792
f 4802 4725 4760
f 4795 4805 4658
f 4124 4055 4118
f 4768 4779 4797
f 4424 4430 4794
f 4772 4806 4773
f 4799 4807 4785
f 4491 4306 4794
f 4804 4228 4224
f 4808 4122 4081
f 4306 4424 4794
f 4809 4808 4786
f 4581 4717 4718
f 4081 4787 4808
f 4224 4797 4804
f 4019 4752 4759
f 4795 4657 4568
f 4776 4771 4777
f 4789 4771 4776
f 4586 4810 4811
f 4812 4130 4462
f 4777 4796 4784
f 4756 4026 4796
f 4748 4018 4756
f 4784 4796 4026
f 4489 4813 4490
f 4814 4815 4816
f 4692 4817 4594
f 4788 4124 4812
f 4692 4816 4817
f 4813 4384 4490
f 4733 4737 4755
f 4818 4813 4489
f 4771 4738 4796
f 4819 4782 4820
f 4812 4124 4130
f 4812 4821 4788
f 4737 4738 4771
f 4743 4796 4738
f 4581 4817 4815
f 4485 4818 4489
f 4810 4822 4823
f 4756 4796 4744
f 4743 4744 4796
f 4822 4819 4823
f 4122 4808 4120
f 4824 4120 4808
f 4586 4585 4810
f 4825 4772 4788
f 4774 4055 4788
f 4826 4384 4813
f 4585 4822 4810
f 4581 4594 4817
f 4774 4788 4772
f 4826 4385 4384
f 4818 4827 4813
f 4581 4702 4700
f 4581 4828 4829
f 4807 4809 4785
f 4724 4581 4726
f 4760 4726 4581
f 4813 4827 4826
f 4799 4800 4807
f 4820 4830 4831
f 4718 4802 4581
f 4760 4581 4802
f 4787 4786 4808
f 4830 4820 4782
f 4780 4782 4819
f 4543 4226 4688
f 4419 4432 4416
f 4465 4488 4832
f 4819 4822 4780
f 4502 4822 4585
f 4496 4695 4583
f 4583 4833 4496
f 4458 4457 4483
f 4502 4780 4822
f 4812 4462 4821
f 4821 4462 4458
f 4483 4821 4458
f 4469 4120 4824
f 4834 4826 4827
f 4824 4835 4469
f 4835 4488 4469
f 4464 4469 4488
f 4440 4403 4836
f 4751 4309 4305
f 4832 4482 4465
f 4725 4718 4695
f 4309 4751 4560
f 4641 4584 4581
f 4806 4825 4482
f 4483 4482 4825
f 4788 4821 4825
f 4818 4485 4245
f 4483 4825 4821
f 4837 4827 4818
f 4581 4735 4702
f 4581 4829 4838
f 4830 4783 4793
f 4809 4807 4832
f 4832 4488 4809
f 4488 4835 4809
f 4808 4809 4835
f 4835 4824 4808
f 4839 4840 4751
f 4804 4790 4228
f 4245 4837 4818
f 4581 4838 4841
f 4806 4482 4807
f 4735 4581 4736
f 4841 4736 4581
f 4832 4807 4482
f 4581 4700 4687
f 4791 4804 4779
f 4245 4761 4837
f 4800 4773 4806
f 4806 4772 4825
f 4786 4785 4809
f 4791 4790 4804
f 4477 4682 4814
f 4840 4564 4560
f 4800 4806 4807
f 4816 4692 4477
f 4842 4827 4837
f 4840 4560 4751
f 4839 4751 4750
f 4837 4761 4393
f 4790 4243 4228
f 4803 4717 4584
f 4684 4243 4790
f 4839 4750 4843
f 4684 4182 4243
f 4844 4395 4385
f 4581 4584 4717
f 4840 4845 4564
f 4684 4790 4683
f 4798 4803 4584
f 4826 4844 4385
f 4826 4834 4844
f 4843 4846 4839
f 4847 4848 4261
f 4553 4542 4577
f 4827 4842 4834
f 4577 4625 4553
f 4395 4844 4849
f 4850 4851 4625
f 4323 4328 4428
f 4577 4850 4625
f 4456 4324 4495
f 4494 4850 4577
f 4324 4456 4852
f 4782 4783 4830
f 4853 4854 4778
f 4850 4855 4851
f 4856 4857 4834
f 4858 4103 4087
f 4842 4856 4834
f 4087 4859 4858
f 4855 4860 4851
f 4861 4862 4849
f 4863 4854 4853
f 4864 4865 4866
f 4583 4798 4584
f 4867 4868 4860
f 4853 4778 4869
f 4864 4866 4870
f 4867 4871 4868
f 4814 4816 4477
f 4710 4622 4619
f 4456 4455 4852
f 4710 4708 4622
f 4817 4816 4815
f 4833 4872 4496
f 4872 4571 4496
f 4828 4581 4815
f 4619 4625 4710
f 4842 4837 4393
f 4857 4849 4844
f 4873 4849 4857
f 4814 4682 4815
f 4625 4851 4710
f 4834 4857 4844
f 4710 4851 4707
f 4828 4815 4682
f 4865 4747 4561
f 4563 4865 4561
f 4871 4874 4868
f 4866 4563 4325
f 4875 4876 4477
f 4087 4877 4859
f 4087 4878 4877
f 4855 4867 4860
f 4087 4811 4878
f 4087 4680 4811
f 4879 4853 4848
f 4880 4881 4829
f 4881 4882 4829
f 4855 4883 4867
f 4408 4707 4409
f 4882 4838 4829
f 4860 4409 4707
f 4884 4885 4871
f 4877 4886 4859
f 4886 4877 4823
f 4887 4885 4888
f 4860 4707 4851
f 4823 4819 4886
f 4874 4871 4885
f 4878 4823 4877
f 4889 4875 4477
f 4876 4681 4477
f 4885 4887 4874
f 4810 4878 4811
f 4419 4874 4432
f 4888 4890 4887
f 4810 4823 4878
f 4889 4477 4720
f 4891 4681 4892
f 4876 4892 4681
f 4680 4586 4811
f 4893 4880 4681
f 4891 4893 4681
f 4829 4681 4880
f 4682 4681 4829
f 4886 4819 4820
f 4828 4682 4829
f 4894 4138 4103
f 4894 4895 4138
f 4401 4440 4896
f 4858 4894 4103
f 4409 4419 4410
f 4858 4859 4897
f 4860 4868 4409
f 4897 4894 4858
f 4583 4505 4833
f 4886 4897 4859
f 4868 4419 4409
f 4165 4138 4895
f 4831 4895 4894
f 4333 4428 4328
f 4541 4543 4688
f 4836 4403 4432
f 4897 4831 4894
f 4886 4820 4897
f 4890 4836 4887
f 4820 4831 4897
f 4181 4898 4528
f 4887 4836 4432
f 4688 4696 4496
f 4836 4890 4896
f 4496 4541 4688
f 4887 4432 4874
f 4440 4836 4896
f 4528 4212 4181
f 4868 4874 4419
f 4571 4872 4505
f 4899 4900 4898
f 4872 4833 4505
f 4882 4881 4901
f 4881 4880 4902
f 4902 4901 4881
f 4903 4183 4165
f 4904 4227 4183
f 4165 4895 4903
f 4900 4528 4898
f 4895 4905 4903
f 4906 4891 4907
f 4899 4898 4908
f 4905 4909 4903
f 4892 4907 4891
f 4908 4898 4910
f 4893 4891 4906
f 4044 4290 4046
f 4831 4905 4895
f 4290 4898 4302
f 4906 4902 4893
f 4880 4893 4902
f 4830 4905 4831
f 4181 4302 4898
f 4044 4338 4290
f 4493 4911 4494
f 4911 4493 4912
f 4904 4183 4903
f 4876 4875 4913
f 4913 4907 4876
f 4909 4904 4903
f 4736 4841 4914
f 4915 4914 4838
f 4914 4734 4736
f 4793 4909 4905
f 4909 4801 4904
f 4792 4909 4793
f 4838 4914 4841
f 4882 4901 4838
f 4901 4915 4838
f 4916 4917 4918
f 4290 4180 4046
f 4892 4876 4907
f 4875 4889 4913
f 4830 4793 4905
f 4889 4720 4919
f 4732 4919 4720
f 4919 4913 4889
f 4904 4920 4227
f 4732 4720 4678
f 4920 4236 4227
f 4200 4257 4201
f 4801 4920 4904
f 4199 3998 4200
f 4801 4437 4920
f 4921 4201 4257
f 4899 4917 4916
f 4254 4251 4255
f 4899 4908 4917
f 4253 4252 4203
f 4254 4922 4206
f 4290 4890 4898
f 4923 4918 4912
f 4801 4909 4792
f 4254 4255 4922
f 4757 4046 4180
f 4924 4203 4202
f 4202 4311 4924
f 4921 4925 4311
f 4925 4924 4311
f 4425 4453 4926
f 4311 4201 4921
f 4344 4290 4338
f 4511 4926 4453
f 4927 4257 4928
f 4766 4929 3999
f 4518 4930 4926
f 4511 4518 4926
f 4511 4453 4452
f 4770 4922 4931
f 4344 4401 4290
f 4928 4200 4929
f 4920 4600 4236
f 3999 4929 3997
f 4600 4597 4236
f 4888 4898 4890
f 4910 4898 4888
f 4437 4600 4920
f 3997 4929 4200
f 4200 4928 4257
f 4932 4900 4916
f 4933 4931 4255
f 4865 4563 4866
f 4934 4579 4578
f 4852 4866 4325
f 4253 4933 4255
f 4253 4203 4933
f 4935 4933 4203
f 4324 4852 4325
f 4255 4931 4922
f 4206 4922 4770
f 4936 4750 4747
f 4528 4900 4932
f 4203 4924 4935
f 4925 4935 4924
f 4865 4936 4747
f 4925 4921 4935
f 4257 4927 4921
f 4935 4921 4927
f 4936 4865 4864
f 4915 4901 4928
f 4927 4928 4901
f 4902 4927 4901
f 4936 4843 4750
f 4929 4766 4734
f 4929 4915 4928
f 4401 4896 4290
f 4929 4734 4914
f 4915 4929 4914
f 4528 4932 4527
f 4890 4290 4896
f 4933 4913 4931
f 4934 4578 4937
f 4919 4931 4913
f 4938 4939 4937
f 4525 4930 4518
f 4160 4330 4173
f 4770 4931 4732
f 4919 4732 4931
f 4935 4906 4907
f 4935 4907 4913
f 4935 4913 4933
f 4934 4937 4939
f 4527 4932 4940
f 4938 4941 4939
f 4525 4527 4940
f 4902 4906 4927
f 4935 4927 4906
f 4525 4940 4930
f 4593 4330 4160
f 4426 4425 4942
f 4942 4493 4426
f 4593 4601 4331
f 4926 4942 4425
f 4842 4393 4392
f 4934 4943 4579
f 4593 4331 4330
f 4856 4842 4392
f 4330 4193 4173
f 4943 4580 4579
f 4944 4943 4934
f 4942 4945 4493
f 4193 4095 4173
f 4945 4912 4493
f 4930 4942 4926
f 4946 4843 4936
f 4942 4930 4945
f 4864 4946 4936
f 4947 4873 4857
f 4939 4944 4934
f 4923 4916 4918
f 4634 4564 4845
f 4856 4947 4857
f 4948 4845 4840
f 4005 4580 4943
f 4407 4947 4856
f 4005 4495 4580
f 4948 4840 4839
f 4521 4005 4943
f 4846 4948 4839
f 4622 4947 4407
f 4944 4521 4943
f 4407 4856 4392
f 4523 4521 4944
f 4945 4923 4912
f 4949 4715 4697
f 4916 4923 4932
f 4916 4900 4899
f 4940 4945 4930
f 4948 4442 4845
f 4923 4940 4932
f 4329 4193 4330
f 4949 4950 4715
f 4945 4940 4923
f 4728 4715 4950
f 4193 4035 4095
f 4951 4952 4949
f 4952 4950 4949
f 4947 4953 4873
f 4172 4261 4258
f 4947 4622 4953
f 4261 4172 4847
f 4164 4172 4258
f 4937 4578 4728
f 4950 4937 4728
f 4938 4937 4950
f 4849 4954 4395
f 4533 4395 4954
f 4954 4849 4862
f 4753 4221 4220
f 4861 4849 4955
f 4938 4950 4952
f 4956 4697 4087
f 4087 4957 4956
f 4087 4958 4957
f 4087 4959 4958
f 4087 4960 4959
f 4087 4089 4960
f 4301 4307 4290
f 4956 4949 4697
f 4961 4962 4259
f 4951 4956 4957
f 4951 4949 4956
f 4963 4951 4957
f 4307 4291 4290
f 4958 4963 4957
f 4873 4964 4849
f 4955 4849 4964
f 4962 4767 4741
f 4966 4965 4873
f 4967 4963 4958
f 4959 4967 4958
f 4968 4967 4959
f 4960 4968 4959
f 4969 4149 4137
f 4089 4185 4960
f 4964 4873 4965
f 4185 4968 4960
f 4969 4740 4149
f 4963 4970 4951
f 4539 4149 4740
f 4970 4952 4951
f 4971 4970 4963
f 4584 4641 4621
f 4584 4621 4505
f 4323 4428 4291
f 4967 4971 4963
f 4968 4972 4967
f 4266 4671 4661
f 4972 4971 4967
f 4191 4968 4185
f 4266 4273 4671
f 4191 4972 4968
f 4873 4953 4973
f 4966 4873 4973
f 4186 4177 4195
f 4626 4669 4623
f 4195 4198 4974
f 4974 4198 4975
f 4669 4976 4623
f 4976 4624 4623
f 4938 4952 4977
f 4671 4978 4669
f 4979 4740 4969
f 4198 4210 4975
f 4970 4977 4952
f 4978 4976 4669
f 4671 4273 4978
f 4980 4186 4981
f 4982 4971 4972
f 4191 4242 4972
f 4983 4137 4136
f 4983 4969 4137
f 4984 4976 4978
f 4977 4941 4938
f 4981 4983 4136
f 4978 4273 4985
f 4186 4974 4981
f 4985 4984 4978
f 4977 4986 4941
f 4974 4983 4981
f 4195 4974 4186
f 4987 4977 4970
f 4971 4987 4970
f 4273 4128 4985
f 4983 4975 4969
f 4128 4127 4985
f 4971 4982 4987
f 4974 4975 4983
f 4127 4988 4985
f 4972 4242 4982
f 4975 4979 4969
f 4987 4986 4977
f 4979 4975 4210
f 4017 4986 4987
f 4210 4240 4979
f 4982 4017 4987
f 4989 4335 4990
f 4015 4982 4242
f 4015 4017 4982
f 4941 4991 4939
f 4988 4989 4990
f 4991 4944 4939
f 4074 4989 4988
f 4609 4991 4941
f 4991 4523 4944
f 4609 4526 4991
f 4074 4215 4989
f 4526 4523 4991
f 4095 4847 4172
f 4127 4074 4988
f 4609 4941 4986
f 4017 4082 4986
f 4335 4446 4480
f 4480 4484 4335
f 4173 4095 4172
f 4340 4335 4484
f 4986 4082 4609
f 4016 4082 4017
f 4853 4879 4863
f 4335 4989 4336
f 4757 4854 4863
f 4989 4215 4336
f 4976 4992 4624
f 4992 4421 4624
f 4984 4992 4976
f 4757 4758 4854
f 4847 4879 4848
f 4863 4046 4757
f 4463 4966 4568
f 4973 4568 4966
f 4421 4992 4315
f 4315 4423 4421
f 4984 4990 4992
f 4095 4037 4847
f 4315 4992 4990
f 4046 4863 4045
f 4985 4988 4984
f 4863 4879 4045
f 4988 4990 4984
f 4037 4045 4879
f 4427 4313 4315
f 4990 4335 4315
f 4037 4879 4847
f 4953 4622 4708
f 4961 4767 4962
f 4315 4335 4340
f 4551 4534 4336
f 4911 4855 4850
f 4259 4261 4961
f 4973 4993 4568
f 4961 4869 4767
f 4955 4964 4463
f 4869 4768 4767
f 4861 4955 4463
f 4848 4869 4961
f 4862 4861 4463
f 4850 4494 4911
f 4853 4869 4848
f 4261 4848 4961
f 4791 4994 4762
f 4855 4911 4883
f 4912 4883 4911
f 4683 4791 4762
f 4995 4871 4867
f 4995 4884 4871
f 4994 4791 4779
f 4910 4885 4884
f 4964 4965 4463
f 4768 4869 4778
f 4883 4995 4867
f 4966 4463 4965
f 4918 4917 4995
f 4884 4995 4917
f 4917 4908 4884
f 4778 4994 4779
f 4973 4953 4993
f 4996 4993 4953
f 4883 4918 4995
f 4994 4778 4854
f 4910 4884 4908
f 4912 4918 4883
f 4910 4888 4885
f 4854 4758 4994
f 4762 4994 4758
f 4428 4181 4291
f 4993 4996 4568
f 4996 4997 4568
f 4852 4870 4866
f 4954 4463 4533
f 4463 4954 4862
f 4852 4455 4870
f 4643 4998 4014
f 4998 4010 4014
f 4708 4658 4953
f 4998 4057 4010
f 4864 4870 4999
f 4408 4658 4708
f 4999 4946 4864
f 4276 5000 4287
f 4471 4999 4870
f 4658 4997 4953
f 5000 4643 4287
f 4662 5000 4276
f 4471 4870 4455
f 5001 5002 5000
f 4662 5001 5000
f 4946 5003 4843
f 4805 4997 4658
f 4996 4953 4997
f 4490 4999 4471
f 5002 4643 5000
f 5003 4846 4843
f 4408 4630 4658
f 4376 4365 4846
f 4643 5002 4998
f 4596 4599 4662
f 5004 5003 4946
f 4997 4805 4568
f 4805 4795 4568
f 4599 5001 4662
f 5005 4057 4998
f 4999 5004 4946
f 5005 4998 5002
f 4672 4569 4568
f 5001 5006 5002
f 5004 4999 4490
f 5006 5005 5002
f 4495 4004 4456
f 4616 5001 4599
f 4616 5006 5001
f 4376 4846 5003
f 4158 4062 4057
f 4386 4376 5003
f 5005 4158 4057
f 5004 4386 5003
f 5006 4617 5005
f 4384 4386 5004
f 4617 4158 5005
f 4490 4384 5004
f 4616 4626 5006
f 4626 4617 5006
f 4277 4066 4056
f 4011 4007 4006
f 5007 4069 5008
f 4069 4051 5008
f 4277 4056 4070
f 5009 5007 5008
f 5010 5009 4059
f 4059 5009 4061
f 5010 3994 5009
f 3996 5009 3994
f 4001 5009 3996
f 5009 4000 5007
f 5009 4001 4000
f 4775 4277 4071
f 4079 4463 4080
f 4034 5011 4033
f 5009 5008 5011
f 5008 5012 5011
f 5012 4033 5011
f 4277 4565 4672
f 4555 4565 4277
f 4277 4031 4033
f 4277 4672 4613
f 4282 4281 4277
f 4277 4278 4031
f 4033 5012 4277
f 4555 4277 4531
f 4277 4508 4507
f 4277 4051 4066
f 4277 5012 5008
f 4277 5008 4051
f 4277 4775 4508
f 4070 4071 4277
f 4277 4507 4531
f 4463 5011 4034
f 4032 4454 4463
f 4463 4034 4032
f 4463 4061 5009
f 5009 5011 4463
f 4298 4323 5013
f 5013 5014 5015
f 4298 5013 5015
f 4980 4175 4186
f 4754 4262 5015
f 5017 4246 4634
f 4845 5017 4634
f 4845 4442 5017
f 4365 4442 4948
f 4846 4365 4948
f 4445 4443 4442
f 4441 4175 4442
f 4365 4445 4442
f 4754 4753 4262
f 4754 4727 4221
f 4220 4262 4753
f 4716 4221 4727
f 4980 4247 4246
f 5017 4980 4246
f 5017 4442 4175
f 4175 4980 5017
f 4980 4981 4247
f 4981 4136 4247
f 4175 4441 4653
f 4653 4654 4175
f 4654 4638 4175
f 4639 4176 4175
f 4298 5015 4262
f 5015 5016 4754
f 5016 5015 5014
f 4979 4240 5018
f 5013 4291 5014
f 4307 4727 5016
f 5014 4307 5016
f 4739 5018 4962
f 4962 4741 4739
f 4979 5018 4740
f 5018 4739 4740
f 4240 4259 5018
f 4259 4962 5018
f 5013 4323 4291
f 4754 5016 4727
f 4307 5014 4291
f 4067 4069 4155
f 4069 5007 4155
f 4002 4155 5007
f 5007 4000 4002
f 4058 3995 5010
f 4059 4058 5010
f 5010 3995 3994
f 4002 4001 3995
f 8354 8355 8356
f 8356 8357 8358
f 8356 8358 8354
f 8392 8393 8394
f 8396 8397 8398
f 8399 8398 8397
f 8400 8401 8397
f 8401 8400 8402
f 8402 8403 8392
f 8393 8392 8403
f 8403 8402 8400
f 8405 8394 8406
f 8408 8409 8410
f 8412 8400 8413
f 8414 8408 8410
f 8415 8416 8417
f 8393 8403 8418
f 8419 8408 8414
f 8423 8406 8394
f 8393 8423 8394
f 8424 8423 8393
f 8416 8415 8425
f 8418 8403 8412
f 8397 8413 8400
f 8413 8397 8396
f 8426 8427 8428
f 8400 8412 8403
f 8424 8393 8418
f 8430 8431 8432
f 8433 8432 8431
f 8434 8412 8413
f 8435 8436 8433
f 8438 8439 8426
f 8425 8445 8446
f 8447 8425 8446
f 8450 8451 8452
f 8454 8428 8427
f 8455 8456 8457
f 8458 8428 8454
f 8458 8459 8460
f 8465 8466 8457
f 8457 8456 8465
f 8439 8468 8459
f 8469 8470 8455
f 8471 8468 8472
f 8456 8455 8470
f 8471 8459 8468
f 8456 8477 8465
f 8482 8477 8456
f 8470 8482 8456
f 8483 8484 8485
f 8486 8487 8488
f 8466 8489 8490
f 8489 8491 8490
f 8492 8493 8494
f 8495 8496 8488
f 8497 8498 8499
f 8500 8501 8499
f 8465 8489 8466
f 8502 8503 8489
f 8504 8472 8468
f 8505 8495 8488
f 8491 8506 8507
f 8491 8489 8503
f 8503 8506 8491
f 8493 8452 8508
f 8493 8508 8512
f 8427 8439 8454
f 8494 8493 8512
f 8458 8454 8439
f 8459 8458 8439
f 8513 8514 8515
f 8516 8517 8518
f 8517 8519 8518
f 8520 8517 8516
f 8521 8488 8522
f 8486 8488 8521
f 8472 8523 8524
f 8505 8488 8487
f 8519 8512 8525
f 8487 8486 8526
f 8518 8519 8525
f 8484 8494 8519
f 8484 8519 8517
f 8521 8526 8486
f 8485 8517 8520
f 8484 8517 8485
f 8527 8485 8520
f 8528 8529 8530
f 8531 8532 8529
f 8512 8519 8494
f 8533 8357 8534
f 8535 8536 8537
f 8532 8530 8529
f 8431 8430 8538
f 8430 8539 8538
f 8540 8532 8531
f 8541 8542 8543
f 8499 8530 8532
f 8544 8545 8546
f 8537 8536 8547
f 8499 8498 8530
f 8548 8545 8549
f 8532 8500 8499
f 8540 8500 8532
f 8550 8548 8549
f 8551 8552 8522
f 8553 8554 8555
f 8436 8435 8556
f 8487 8557 8505
f 8558 8549 8559
f 8432 8433 8436
f 8560 8555 8561
f 8562 8563 8564
f 8565 8556 8550
f 8566 8550 8556
f 8566 8556 8435
f 8549 8558 8550
f 8534 8356 8567
f 8355 8567 8356
f 8356 8534 8357
f 8568 8559 8544
f 8564 8540 8531
f 8569 8570 8571
f 8439 8572 8573
f 8533 8568 8546
f 8357 8533 8546
f 8544 8546 8568
f 8574 8570 8569
f 8563 8540 8564
f 8544 8559 8549
f 8575 8574 8569
f 8565 8550 8558
f 8576 8577 8562
f 8578 8556 8565
f 8579 8547 8580
f 8569 8581 8575
f 8577 8563 8562
f 8582 8575 8583
f 8581 8583 8575
f 8571 8584 8539
f 8571 8539 8430
f 8569 8430 8581
f 8432 8581 8430
f 8571 8430 8569
f 8556 8578 8436
f 8585 8586 8439
f 8587 8500 8540
f 8439 8573 8588
f 8563 8587 8540
f 8589 8578 8558
f 8436 8583 8432
f 8590 8591 8592
f 8581 8432 8583
f 8593 8563 8577
f 8593 8587 8563
f 8594 8595 8567
f 8596 8597 8582
f 8534 8574 8533
f 8574 8575 8533
f 8583 8596 8582
f 8567 8570 8534
f 8574 8534 8570
f 8583 8436 8596
f 8596 8436 8578
f 8598 8580 8504
f 8599 8600 8601
f 8568 8533 8582
f 8575 8582 8533
f 8602 8603 8604
f 8589 8558 8559
f 8457 8605 8606
f 8559 8568 8589
f 8597 8589 8568
f 8597 8568 8582
f 8455 8457 8606
f 8596 8578 8597
f 8607 8455 8606
f 8607 8608 8469
f 8607 8469 8455
f 8589 8597 8578
f 8565 8558 8578
f 8609 8610 8611
f 8612 8613 8614
f 8615 8616 8539
f 8617 8541 8591
f 8618 8619 8615
f 8619 8616 8615
f 8538 8539 8616
f 8541 8617 8620
f 8621 8622 8609
f 8623 8594 8604
f 8602 8604 8594
f 8355 8602 8594
f 8355 8594 8567
f 8618 8624 8619
f 8625 8619 8624
f 8623 8604 8624
f 8625 8624 8604
f 8584 8626 8539
f 8599 8627 8628
f 8629 8610 8630
f 8599 8628 8600
f 8509 8511 8554
f 8627 8599 8631
f 8632 8628 8627
f 8633 8634 8635
f 8511 8555 8554
f 8636 8504 8637
f 8629 8630 8638
f 8639 8640 8641
f 8642 8630 8610
f 8580 8547 8637
f 8643 8644 8645
f 8609 8642 8610
f 8579 8646 8547
f 8562 8630 8642
f 8536 8637 8547
f 8647 8613 8648
f 8649 8648 8613
f 8466 8490 8650
f 8649 8651 8648
f 8638 8531 8652
f 8630 8564 8638
f 8541 8592 8591
f 8564 8531 8638
f 8653 8617 8591
f 8654 8655 8656
f 8615 8539 8626
f 8657 8598 8658
f 8655 8654 8659
f 8562 8564 8630
f 8660 8598 8661
f 8637 8504 8580
f 8642 8576 8562
f 8598 8660 8662
f 8651 8663 8655
f 8620 8542 8541
f 8664 8665 8598
f 8663 8651 8666
f 8651 8649 8666
f 8542 8620 8553
f 8636 8637 8536
f 8561 8555 8511
f 8665 8667 8598
f 8662 8668 8598
f 8661 8598 8669
f 8553 8620 8554
f 8669 8598 8657
f 8439 8670 8671
f 8656 8655 8663
f 8592 8541 8543
f 8656 8672 8654
f 8673 8509 8554
f 8641 8645 8644
f 8666 8644 8643
f 8529 8528 8674
f 8643 8663 8666
f 8640 8672 8645
f 8653 8675 8617
f 8676 8677 8678
f 8656 8663 8672
f 8643 8672 8663
f 8675 8673 8617
f 8643 8645 8672
f 8679 8515 8676
f 8515 8677 8676
f 8528 8680 8679
f 8626 8618 8615
f 8679 8680 8515
f 8673 8554 8620
f 8623 8595 8594
f 8528 8530 8680
f 8595 8624 8626
f 8618 8626 8624
f 8617 8673 8620
f 8624 8595 8623
f 8681 8595 8626
f 8682 8681 8570
f 8592 8683 8590
f 8571 8570 8681
f 8584 8571 8681
f 8681 8626 8584
f 8677 8684 8685
f 8570 8567 8682
f 8682 8567 8595
f 8684 8686 8685
f 8682 8595 8681
f 8514 8684 8677
f 8687 8688 8689
f 8690 8628 8691
f 8515 8514 8677
f 8692 8590 8693
f 8693 8496 8692
f 8691 8628 8632
f 8605 8466 8650
f 8513 8515 8680
f 8694 8468 8439
f 8613 8647 8614
f 8498 8513 8680
f 8627 8695 8632
f 8498 8680 8530
f 8696 8689 8648
f 8439 8697 8694
f 8676 8698 8679
f 8679 8698 8528
f 8699 8700 8701
f 8674 8528 8698
f 8658 8694 8697
f 8702 8703 8704
f 8652 8529 8674
f 8705 8702 8704
f 8695 8627 8631
f 8706 8658 8598
f 8707 8667 8708
f 8708 8667 8665
f 8605 8457 8466
f 8709 8703 8702
f 8707 8699 8667
f 8701 8667 8699
f 8706 8694 8658
f 8598 8710 8711
f 8701 8700 8712
f 8685 8713 8714
f 8646 8579 8598
f 8714 8678 8685
f 8677 8685 8678
f 8598 8579 8580
f 8715 8536 8535
f 8632 8716 8691
f 8667 8701 8717
f 8718 8717 8701
f 8719 8720 8721
f 8718 8722 8717
f 8723 8698 8724
f 8699 8725 8700
f 8723 8726 8674
f 8727 8700 8725
f 8631 8599 8505
f 8674 8698 8723
f 8652 8674 8726
f 8728 8707 8729
f 8730 8652 8726
f 8708 8729 8707
f 8730 8638 8652
f 8524 8636 8536
f 8725 8699 8728
f 8707 8728 8699
f 8629 8638 8730
f 8731 8709 8683
f 8732 8731 8543
f 8718 8439 8722
f 8700 8727 8712
f 8727 8733 8712
f 8734 8735 8736
f 8731 8683 8592
f 8439 8718 8701
f 8729 8708 8737
f 8665 8737 8708
f 8734 8738 8735
f 8652 8531 8529
f 8592 8543 8731
f 8709 8739 8683
f 8665 8687 8737
f 8687 8665 8664
f 8659 8740 8655
f 8741 8655 8740
f 8631 8505 8751
f 8557 8751 8505
f 8469 8720 8470
f 8752 8655 8741
f 8651 8752 8648
f 8655 8752 8651
f 8647 8648 8689
f 8753 8741 8754
f 8740 8754 8741
f 8762 8696 8752
f 8715 8524 8536
f 8648 8752 8696
f 8765 8766 8767
f 8768 8767 8766
f 8752 8741 8762
f 8766 8769 8768
f 8522 8766 8551
f 8753 8762 8741
f 8769 8702 8705
f 8733 8727 8754
f 8753 8754 8727
f 8725 8753 8727
f 8754 8770 8733
f 8768 8769 8705
f 8687 8689 8737
f 8696 8737 8689
f 8771 8524 8715
f 8762 8728 8729
f 8762 8729 8737
f 8762 8737 8696
f 8766 8772 8769
f 8739 8769 8772
f 8725 8728 8753
f 8762 8753 8728
f 8488 8772 8766
f 8488 8766 8522
f 8773 8608 8774
f 8739 8709 8702
f 8695 8631 8751
f 8739 8702 8769
f 8610 8775 8611
f 8693 8739 8772
f 8751 8557 8695
f 8693 8683 8739
f 8526 8695 8487
f 8693 8772 8496
f 8557 8487 8695
f 8777 8724 8778
f 8779 8778 8724
f 8777 8780 8723
f 8496 8772 8488
f 8723 8724 8777
f 8523 8781 8524
f 8781 8636 8524
f 8782 8783 8784
f 8785 8774 8782
f 8786 8787 8788
f 8774 8783 8782
f 8780 8789 8726
f 8774 8785 8773
f 8590 8683 8693
f 8791 8524 8771
f 8783 8606 8792
f 8607 8606 8783
f 8774 8607 8783
f 8726 8723 8780
f 8799 8767 8768
f 8469 8608 8800
f 8801 8730 8789
f 8781 8504 8636
f 8730 8726 8789
f 8629 8730 8801
f 8469 8800 8720
f 8629 8801 8775
f 8781 8523 8504
f 8799 8552 8767
f 8610 8629 8775
f 8472 8504 8523
f 8767 8552 8765
f 8551 8766 8765
f 8802 8803 8804
f 8721 8720 8800
f 8521 8522 8552
f 8721 8800 8805
f 8765 8552 8551
f 8608 8607 8774
f 8804 8806 8807
f 8735 8721 8805
f 8808 8800 8608
f 8805 8808 8810
f 8808 8805 8800
f 8779 8811 8812
f 8816 8552 8799
f 8821 8805 8810
f 8495 8505 8822
f 8735 8805 8821
f 8812 8811 8827
f 8828 8811 8779
f 8495 8822 8829
f 8724 8828 8779
f 8552 8833 8834
f 8698 8828 8724
f 8678 8714 8827
f 8811 8678 8827
f 8552 8844 8845
f 8828 8676 8811
f 8846 8847 8848
f 8676 8678 8811
f 8552 8849 8844
f 8676 8828 8698
f 8552 8834 8850
f 8552 8845 8851
f 8854 8855 8856
f 8736 8735 8821
f 8860 8856 8855
f 8861 8736 8821
f 8784 8792 8854
f 8792 8855 8854
f 8600 8864 8601
f 8784 8783 8792
f 8865 8821 8810
f 8861 8865 8868
f 8861 8821 8865
f 8855 8650 8860
f 8605 8650 8855
f 8855 8792 8605
f 8606 8605 8792
f 8886 8736 8861
f 8552 8888 8889
f 8891 8577 8576
f 8895 8505 8599
f 8896 8891 8576
f 8601 8895 8599
f 8899 8900 8896
f 8891 8896 8900
f 8601 8901 8895
f 8902 8903 8904
f 8905 8906 8907
f 8903 8902 8908
f 8906 8909 8907
f 8822 8505 8895
f 8593 8577 8910
f 8891 8910 8577
f 8902 8911 8908
f 8891 8900 8912
f 8909 8808 8773
f 8912 8910 8891
f 8808 8608 8773
f 8810 8808 8909
f 8810 8909 8906
f 8896 8576 8914
f 8928 8929 8930
f 8861 8931 8886
f 8932 8906 8905
f 8931 8861 8868
f 8932 8905 8933
f 8868 8934 8931
f 8935 8936 8933
f 8937 8848 8938
f 8939 8940 8941
f 8609 8611 8621
f 8928 8930 8942
f 8945 8622 8621
f 8932 8933 8936
f 8946 8937 8947
f 8945 8948 8949
f 8945 8949 8622
f 8439 8438 8940
f 8935 8950 8936
f 8942 8951 8928
f 8948 8952 8949
f 8914 8642 8609
f 8576 8642 8914
f 8622 8914 8609
f 8939 8439 8940
f 8949 8957 8622
f 8914 8622 8957
f 8962 8957 8949
f 8932 8865 8906
f 8962 8949 8964
f 8848 8937 8846
f 8506 8503 8598
f 8482 8537 8477
f 8937 8946 8846
f 8914 8957 8896
f 8810 8906 8865
f 8507 8506 8598
f 8868 8865 8932
f 8868 8932 8936
f 8965 8911 8847
f 8957 8899 8896
f 8934 8936 8950
f 8942 8966 8951
f 8846 8965 8847
f 8962 8899 8957
f 8537 8547 8477
f 8946 8967 8846
f 8934 8868 8936
f 8967 8965 8846
f 8502 8598 8503
f 8465 8972 8489
f 8973 8920 8974
f 8972 8465 8477
f 8983 8773 8785
f 8909 8773 8983
f 8909 8983 8907
f 8964 8949 8952
f 8987 8988 8952
f 8988 8964 8952
f 8989 8990 8987
f 8991 8972 8646
f 8716 8992 8993
f 8477 8547 8972
f 8996 8930 8929
f 8997 8990 8989
f 8489 8998 8502
f 8998 8489 8999
f 9001 8716 9002
f 9004 8964 8988
f 9005 8908 9006
f 9007 8482 8470
f 9009 9010 8552
f 8720 9007 8470
f 8965 8908 8911
f 9006 8965 8967
f 9011 9012 8552
f 9013 9014 8899
f 8552 9010 9015
f 9016 9017 8928
f 8720 8719 9007
f 8951 9018 9016
f 8965 9006 8908
f 9005 8903 8908
f 8951 9022 9018
f 9022 9023 9018
f 8716 8993 9026
f 8716 9027 9028
f 8850 8834 8993
f 8525 9029 9030
f 8922 9031 9032
f 8512 9029 8525
f 9033 9034 8788
f 9033 8788 9035
f 9034 8786 8788
f 9007 8719 9036
f 9014 8900 8899
f 8738 8719 8721
f 8716 9037 9002
f 9039 9013 9040
f 9032 9023 8974
f 8721 8735 8738
f 9014 9013 9039
f 8850 8993 8992
f 9022 8974 9023
f 8851 9011 8552
f 8508 9039 9040
f 9016 8928 8951
f 8849 8552 8850
f 8951 8966 9022
f 9029 8508 9040
f 8973 9022 8966
f 8512 8508 9029
f 8716 9042 9037
f 9043 8912 8900
f 8716 9044 9027
f 9014 9043 8900
f 9039 8451 9014
f 9045 8738 8734
f 8451 9043 9014
f 8922 8974 8920
f 8452 9039 8508
f 8452 8451 9039
f 9046 9047 8716
f 8988 8987 8990
f 9004 8962 8964
f 9049 9004 8988
f 8922 9032 8974
f 9013 8962 9004
f 9050 8734 8736
f 9051 9052 8844
f 9052 8845 8844
f 9040 9004 9049
f 8886 9050 8736
f 9049 8988 8990
f 8716 9053 9046
f 8997 9030 8990
f 9030 9049 8990
f 9054 9050 8886
f 8973 8974 9022
f 9055 9030 8997
f 8416 8734 9050
f 9056 9028 8849
f 8416 9050 8417
f 8417 9050 9054
f 8844 9028 9051
f 9013 8899 8962
f 9004 9040 9013
f 8849 8850 8992
f 8992 9056 8849
f 9029 9040 9049
f 9009 8552 9012
f 8716 9028 9056
f 9030 9029 9049
f 9057 9058 9059
f 8998 8598 8502
f 9056 8992 8716
f 8998 8999 8598
f 9062 9028 9063
f 9027 9063 9028
f 8972 9064 8489
f 9065 9066 9067
f 9068 8938 9069
f 8937 8938 9068
f 9062 9051 9028
f 8991 9070 8972
f 9057 9068 9069
f 8844 8849 9028
f 8497 9065 9067
f 9064 8972 9070
f 9057 9059 9071
f 9071 9068 9057
f 9064 8999 8489
f 8716 9001 9053
f 8782 9072 9066
f 9073 9074 9075
f 9074 9076 9075
f 9077 9074 9073
f 8947 8937 9068
f 9044 8716 9047
f 8947 9068 9071
f 9051 9078 9052
f 9079 9052 9078
f 8789 8780 9080
f 9082 8801 8789
f 9062 9083 9051
f 9070 8598 9064
f 9064 8598 8999
f 9084 8801 9082
f 9083 9062 9085
f 9086 8947 9071
f 9065 8785 9066
f 9088 9089 9076
f 9066 8785 8782
f 8547 8646 8972
f 8983 8785 9065
f 8991 8646 8598
f 9093 8611 8775
f 9070 8991 8598
f 8611 9093 9095
f 9074 9088 9076
f 8621 8611 9095
f 9098 9099 9011
f 9100 9012 9099
f 9011 8851 9098
f 8514 8513 9101
f 9102 8945 8621
f 9011 9099 9012
f 9103 8948 8945
f 8847 9104 8848
f 9101 9105 8514
f 9106 8851 8845
f 9067 9101 8513
f 9089 8929 9107
f 9067 9066 9101
f 8996 8929 9089
f 8498 9067 8513
f 9063 9085 9062
f 9088 8996 9089
f 9100 9111 9009
f 9112 9010 9111
f 9078 9051 9083
f 8996 9088 9113
f 9114 9047 9115
f 8778 9116 9117
f 9009 9012 9100
f 9115 9046 9118
f 9053 9118 9046
f 8779 9116 8778
f 9046 9115 9047
f 9072 9119 9105
f 9120 8482 9007
f 8355 8354 9121
f 9078 9122 9079
f 8482 9120 8537
f 9076 9089 9123
f 9036 9120 9007
f 8780 8777 9124
f 9125 9120 9036
f 9101 9072 9105
f 9129 9036 8719
f 9101 9066 9072
f 9130 9131 9132
f 9133 9134 9135
f 9121 8354 9136
f 9137 9136 8354
f 8354 8358 9137
f 9138 9137 8358
f 8854 8856 9139
f 8537 9120 8535
f 8705 9140 9141
f 8854 9139 9119
f 8705 8704 9140
f 9119 8784 8854
f 8929 8928 9017
f 8768 9141 9144
f 9072 8784 9119
f 8768 8705 9141
f 9072 8782 8784
f 8426 8439 8427
f 9141 9140 9146
f 9141 9146 9147
f 9147 9148 9141
f 9144 9141 9148
f 9149 9027 9150
f 9085 9063 9149
f 9120 9125 8535
f 8851 9106 9098
f 9144 8816 8768
f 9151 9152 9153
f 9153 9154 9151
f 9052 9079 8845
f 9079 9106 8845
f 9155 9153 9152
f 9152 9130 9155
f 9132 9155 9130
f 9156 9157 9158
f 9058 9125 9036
f 9027 9149 9063
f 9027 9044 9150
f 9159 9138 9160
f 9114 9150 9044
f 9047 9114 9044
f 9125 9069 8535
f 9057 9069 9125
f 9147 8552 9148
f 9122 9154 9079
f 9057 9125 9058
f 9161 9083 9085
f 9161 9085 9149
f 9129 8719 8738
f 9148 8552 9144
f 8738 9045 9129
f 8468 8694 8706
f 9107 8929 9017
f 8416 9045 8734
f 8504 8706 8598
f 8566 9162 8550
f 9163 8550 9162
f 8468 8706 8504
f 8566 8435 9162
f 9163 8548 8550
f 9129 9058 9036
f 8546 8545 9160
f 8447 9058 9129
f 8544 8549 8545
f 9045 8447 9129
f 9099 9155 9100
f 9111 9100 9134
f 8425 9045 8416
f 9155 9099 9153
f 8425 8447 9045
f 9098 9106 9153
f 9059 9058 8447
f 9098 9153 9099
f 8799 8768 8816
f 9059 8447 8446
f 9138 9159 9114
f 9137 9114 9115
f 9118 9136 9115
f 9132 9100 9155
f 9134 9100 9132
f 8546 9160 8358
f 8546 8358 8357
f 9171 9123 9107
f 9118 9172 9136
f 8358 9160 9138
f 9123 9089 9107
f 9137 9115 9136
f 9122 9163 9154
f 8526 8552 8889
f 8816 9144 8552
f 9163 9162 9154
f 9162 9151 9154
f 9160 8545 9159
f 9173 9159 8545
f 9069 8715 8535
f 9161 9173 8548
f 8545 8548 9173
f 8715 9069 8938
f 8548 9163 9161
f 8695 8716 8632
f 9122 9161 9163
f 8526 8521 8552
f 9181 9182 9183
f 9184 8593 9185
f 9181 9183 8690
f 9188 9189 9190
f 9191 9189 9188
f 9183 9190 9189
f 8695 9192 8716
f 9193 9194 9195
f 8716 9192 9042
f 9190 9183 9182
f 9194 9193 9184
f 9201 9194 9184
f 8889 9042 9192
f 9192 8695 8526
f 9137 9138 9114
f 9201 9184 9185
f 8526 8889 9192
f 9202 9203 9185
f 8716 9204 9191
f 8771 8715 8938
f 9185 9203 9201
f 9206 9203 9202
f 9188 8716 9191
f 8552 9015 9210
f 8552 9210 8888
f 9212 9195 8907
f 8628 8690 9183
f 9216 9217 9218
f 9188 9190 8716
f 8905 8907 9195
f 9225 9226 9218
f 8905 9195 9194
f 9226 9225 9227
f 9182 8716 9190
f 9225 9218 9023
f 9194 9201 8933
f 9023 9032 9225
f 8933 8905 9194
f 8935 8933 9201
f 9161 9122 9083
f 9078 9083 9122
f 9201 9203 8935
f 9228 9092 9232
f 9233 9232 9092
f 9154 9153 9106
f 9232 9234 9228
f 9227 9225 9235
f 8690 8691 8716
f 9182 9181 8716
f 9235 9031 9187
f 9031 9235 9032
f 9225 9032 9235
f 8888 9210 9042
f 8690 8716 9181
f 9106 9079 9154
f 8952 9242 8987
f 9150 9114 9159
f 9161 9149 9173
f 8989 8987 9242
f 8889 8888 9042
f 9016 9217 9245
f 9249 9015 9010
f 9250 9015 9249
f 9247 9251 8921
f 9250 9252 9015
f 8497 9067 8498
f 9183 9253 9254
f 9256 9226 9257
f 9251 9247 9164
f 9254 8628 9183
f 9002 9258 9259
f 9002 9259 9001
f 9260 9261 9262
f 9216 9226 9256
f 9037 9042 9210
f 9015 9002 9210
f 9002 9037 9210
f 9015 9252 9002
f 9258 9002 9252
f 9263 9264 9158
f 9158 9264 9265
f 9266 9265 9264
f 9266 9264 8812
f 9267 9249 9112
f 9249 9010 9112
f 9009 9111 9010
f 9118 9053 9172
f 9001 9172 9053
f 9259 9268 9001
f 9172 9001 9268
f 9116 8812 9264
f 9134 9112 9111
f 8779 8812 9116
f 9269 9270 9265
f 9249 9267 9250
f 9267 9271 9250
f 9272 8902 8904
f 9150 9159 9149
f 9173 9149 9159
f 9216 9218 9226
f 9268 9259 9273
f 9274 8600 9254
f 9259 9258 9273
f 8628 9254 8600
f 9275 9276 8803
f 9227 9276 9257
f 9252 9277 9258
f 9273 9258 9277
f 9252 9250 9277
f 9271 9277 9250
f 9227 9278 9276
f 9226 9227 9257
f 9265 9266 9269
f 8812 8827 9266
f 9271 9267 9279
f 8827 9269 9266
f 9273 9280 9268
f 9281 9270 8414
f 8499 8501 8497
f 8856 9284 9285
f 9279 9277 9271
f 8827 8714 9269
f 9286 9136 9172
f 9284 8856 8860
f 9287 9260 9156
f 9279 9267 9112
f 9287 9261 9260
f 9288 9289 9290
f 9158 9265 9156
f 9287 9156 9265
f 9286 9268 9280
f 9172 9268 9286
f 9277 9291 9273
f 9131 8538 9135
f 9292 9135 8619
f 9287 9281 9261
f 9270 9287 9265
f 8616 8619 9135
f 8355 9121 8603
f 8602 8355 8603
f 9293 8604 8603
f 8625 9294 8619
f 9292 8619 9294
f 9294 8625 9293
f 8604 9293 8625
f 9132 9131 9134
f 9295 8803 9276
f 9293 8603 9286
f 9186 8806 9295
f 9287 9270 9281
f 9279 9133 9292
f 9135 9292 9133
f 9131 9135 9134
f 9284 9296 9297
f 9295 9278 9186
f 9280 9293 9286
f 8603 9121 9286
f 9136 9286 9121
f 9294 9293 9291
f 9292 9294 9291
f 9292 9291 9279
f 9280 9291 9293
f 9133 9112 9134
f 9281 8414 8410
f 9279 9112 9133
f 9296 9288 9298
f 9288 9299 9298
f 9291 9277 9279
f 9280 9273 9291
f 9296 9284 9289
f 9295 9276 9278
f 9289 9288 9296
f 9235 9187 9278
f 8860 9289 9284
f 9187 9186 9278
f 9307 9308 9309
f 9235 9278 9227
f 9319 9320 9308
f 9320 9309 9308
f 9319 9321 8410
f 9288 9322 9299
f 9307 8520 8516
f 9307 9309 8520
f 9290 9322 9288
f 9274 8864 8600
f 8409 9320 9319
f 8409 9319 8410
f 9325 9326 9327
f 9309 8527 8520
f 9331 9332 9333
f 9332 9334 9333
f 9335 9336 9337
f 9299 9332 9331
f 9340 8901 9326
f 9298 9299 9331
f 9336 9349 9350
f 8864 9274 9337
f 9340 9351 8901
f 9245 9340 9326
f 9337 9352 8864
f 9337 9350 9352
f 9245 9217 9340
f 9217 9216 9340
f 9212 9065 8497
f 9325 9245 9326
f 9212 8497 8501
f 8989 9353 8997
f 9139 8856 9285
f 9216 9256 9351
f 9354 9355 9353
f 9351 9340 9216
f 9195 9212 8501
f 9212 8983 9065
f 9016 9018 9217
f 8907 8983 9212
f 9357 9358 9359
f 8500 9193 8501
f 9218 9217 9018
f 9357 9363 9358
f 9195 8501 9193
f 9023 9218 9018
f 8500 8587 9193
f 9358 8941 9364
f 9184 9193 8587
f 8939 8941 9358
f 9285 9365 9366
f 9245 9017 9016
f 8997 9353 9355
f 9367 9355 9354
f 9233 9092 9368
f 8587 8593 9184
f 9297 9365 9285
f 9367 9354 9369
f 9139 9285 9366
f 9371 9366 8686
f 9357 9359 8439
f 8686 8684 9371
f 9359 9372 8439
f 9285 9284 9297
f 9105 9371 8684
f 9373 9171 9374
f 9371 9105 9119
f 9368 9092 9375
f 9171 9327 9374
f 9105 8684 8514
f 9123 9171 9373
f 8939 9358 9363
f 9378 9123 9373
f 9075 9076 9378
f 9139 9366 9371
f 9381 9219 9234
f 9076 9123 9378
f 9371 9119 9139
f 9171 9325 9327
f 8593 8910 9185
f 8910 9202 9185
f 8910 8912 9202
f 9383 9384 9385
f 8439 8939 9363
f 9366 9365 9386
f 8786 9034 9387
f 9388 9389 9387
f 9388 9387 9034
f 9297 9390 9365
f 9297 9391 9390
f 9327 9392 9352
f 9043 9393 8912
f 9394 9395 9396
f 9396 9395 9397
f 9202 8912 9393
f 9374 9327 9352
f 9043 9398 9393
f 9399 9400 9229
f 9391 9298 9401
f 9297 9296 9391
f 9402 9393 9398
f 9296 9298 9391
f 9388 9034 8921
f 9403 9283 9400
f 9206 9202 9393
f 9229 9400 9283
f 9404 9403 9400
f 9397 9405 9369
f 9352 9392 8864
f 9364 9406 9358
f 9407 8935 9203
f 9408 8921 9409
f 8791 9104 9410
f 9392 8601 8864
f 9405 9367 9369
f 9397 9411 9405
f 8771 8848 9104
f 9412 9388 8921
f 9410 9383 9385
f 9073 9075 9413
f 9414 9412 8921
f 9414 8921 9408
f 9327 9326 9392
f 9104 9415 9410
f 9406 9073 9413
f 9416 9417 9418
f 9395 9411 9397
f 9415 9383 9410
f 9164 9419 9409
f 9408 9409 9419
f 9411 9395 9420
f 8847 9415 9104
f 9364 9073 9406
f 9416 9401 9417
f 9415 9421 9383
f 9422 9416 9418
f 8911 9415 8847
f 9420 9395 9262
f 9423 9404 9384
f 9392 8901 8601
f 9404 9423 9403
f 9392 9326 8901
f 9383 9423 9384
f 9407 8950 8935
f 9424 8950 9407
f 9421 9272 9423
f 9390 9416 9422
f 9367 9405 9425
f 9367 9425 9427
f 9428 8934 8950
f 9405 9429 9425
f 9424 9428 8950
f 9430 9378 9431
f 9408 9419 9414
f 9378 9373 9431
f 9421 9423 9383
f 8921 9251 9432
f 9433 9434 9417
f 9432 9409 8921
f 9075 9378 9430
f 9411 9429 9405
f 9413 9075 9430
f 9432 9251 9164
f 9409 9432 9164
f 9433 9435 9434
f 9417 9401 9433
f 9355 9055 8997
f 9282 9283 9403
f 9272 9282 9403
f 9427 9055 9355
f 9431 9373 9436
f 9437 9438 9439
f 9423 9272 9403
f 9351 8895 8901
f 9427 9355 9367
f 9440 9438 9437
f 9440 9437 9441
f 8516 8518 9427
f 8516 9427 9425
f 9439 9424 9407
f 9439 9438 9424
f 9436 9373 9374
f 8516 9425 9307
f 9055 8525 9030
f 9358 9406 9359
f 8518 9055 9427
f 8518 8525 9055
f 8902 9272 9421
f 9363 9357 8439
f 9282 9272 8904
f 9420 9262 9261
f 8911 8902 9421
f 9446 9424 9438
f 9411 9420 9447
f 9107 9325 9171
f 9421 9415 8911
f 9107 9017 9325
f 9447 9429 9411
f 9388 9412 9419
f 9321 9447 9420
f 8786 9387 9419
f 9390 9391 9416
f 9321 9319 9447
f 9416 9391 9401
f 9321 9420 9261
f 9017 9245 9325
f 9389 9388 9387
f 9261 9281 9321
f 9387 9388 9419
f 9429 9307 9425
f 9412 9414 9419
f 9433 9333 9435
f 9308 9307 9429
f 9401 9331 9433
f 9308 9429 9447
f 9331 9333 9433
f 9447 9319 9308
f 9298 9331 9401
f 8410 9321 9281
f 8788 9449 9092
f 9451 9452 9453
f 9374 9352 9350
f 9454 9455 9456
f 9350 9436 9374
f 9458 9454 9456
f 8938 8848 8771
f 9232 9233 9234
f 9082 8789 9080
f 9233 9368 9234
f 9368 9463 9234
f 9455 9454 9464
f 9465 9452 9451
f 9466 9452 9465
f 9093 8775 9084
f 9467 9468 8788
f 9334 9454 9458
f 8775 8801 9084
f 9466 9469 9452
f 9470 9466 9465
f 8621 9095 9102
f 9455 9470 9456
f 9470 9455 9466
f 9453 9441 9451
f 9441 9453 9440
f 9334 9471 9454
f 8822 9256 8829
f 9333 9334 9458
f 8829 9257 9275
f 9472 9473 9157
f 9257 9276 9275
f 9472 9263 9473
f 9257 8829 9256
f 9472 9117 9263
f 9472 9474 9117
f 9295 8806 8804
f 9384 9475 9476
f 9472 9082 9080
f 9384 9404 9475
f 9295 8804 8803
f 9472 9084 9082
f 9234 9463 9477
f 9472 9093 9084
f 9385 9384 9476
f 8527 9478 8485
f 9351 8822 8895
f 9472 9095 9093
f 9479 9475 9404
f 9351 9256 8822
f 9472 9102 9095
f 9480 9453 9452
f 8527 9434 9478
f 9481 8788 8787
f 9472 9103 9102
f 9472 9482 9103
f 9481 9467 8788
f 9472 9483 9482
f 9435 9484 9478
f 9468 9449 8788
f 9485 9092 9486
f 9486 9092 9449
f 9472 9487 9488
f 9481 8787 9463
f 9434 9435 9478
f 9481 9463 9467
f 9206 9393 9402
f 9456 9489 9484
f 9103 8945 9102
f 9407 9203 9206
f 9458 9456 9484
f 9467 9463 9468
f 9103 9482 8948
f 9458 9484 9435
f 9435 9333 9458
f 9468 9463 9449
f 9482 9483 8948
f 8952 8948 9483
f 9486 9449 9463
f 9370 9399 9229
f 9375 9092 9485
f 9157 9490 9472
f 8451 9398 9043
f 9479 9400 9399
f 8451 8450 9398
f 9479 9404 9400
f 9491 9219 9381
f 9368 9375 9463
f 9485 9463 9375
f 9485 9486 9463
f 9472 9124 9474
f 9234 9477 9381
f 9080 9124 9472
f 9492 8452 8493
f 9493 9356 9361
f 9494 8930 8996
f 8450 8452 9492
f 9495 9493 9361
f 9493 9419 9356
f 9496 9497 9498
f 9473 9158 9157
f 9499 9335 9496
f 9335 9497 9496
f 9500 9494 9113
f 9473 9263 9158
f 9116 9264 9263
f 9398 8450 9501
f 9117 9116 9263
f 9476 9475 9500
f 8778 9117 9474
f 9124 8777 9474
f 8777 8778 9474
f 9274 9497 9335
f 9439 9407 9206
f 8942 9502 9503
f 8780 9124 9080
f 9274 9254 9497
f 9472 9396 9504
f 8966 8942 9503
f 9337 9274 9335
f 9402 9439 9206
f 9472 9394 9396
f 9419 9164 9356
f 9472 9505 9394
f 9490 9505 9472
f 9472 9242 9483
f 9472 9488 9242
f 8493 8492 9492
f 9508 9469 9466
f 9487 9472 9509
f 9502 8942 8930
f 9472 9504 9509
f 9397 9369 9504
f 9402 9398 9501
f 9510 9501 8450
f 9396 9397 9504
f 9499 9496 9469
f 9469 9508 9499
f 9441 9437 9501
f 9441 9501 9510
f 8450 9492 9510
f 9395 9394 9262
f 9505 9262 9394
f 9490 9260 9505
f 9494 9502 8930
f 8829 9275 9511
f 9260 9262 9505
f 9501 9437 9402
f 9437 9439 9402
f 9157 9156 9490
f 9156 9260 9490
f 9513 9502 9494
f 9483 9242 8952
f 9514 9503 9502
f 9242 9488 8989
f 8802 9515 8803
f 9451 9441 9510
f 9513 9514 9502
f 9488 9487 9353
f 9516 9246 8973
f 9353 8989 9488
f 9354 9353 9487
f 9487 9509 9354
f 9369 9509 9504
f 9369 9354 9509
f 9517 8717 8722
f 9275 8803 9515
f 9503 9514 9518
f 9246 9516 9248
f 8483 8485 9478
f 9386 8686 9366
f 9248 9516 9518
f 8439 8671 8722
f 8804 8807 9519
f 9484 8483 9478
f 9516 9503 9518
f 9386 8713 8686
f 9515 9511 9275
f 9520 9390 9422
f 9365 9390 9520
f 8484 9521 8494
f 9500 9513 9494
f 9091 8510 9035
f 9386 9365 9520
f 9521 8492 8494
f 9479 9514 9513
f 8484 8483 9521
f 9522 8414 9270
f 8804 9519 8802
f 9475 9479 9513
f 9519 8807 9506
f 9270 9269 9522
f 8829 9511 8495
f 9269 8714 9522
f 9523 9524 8492
f 9522 8419 8414
f 9248 9518 9370
f 8714 8713 9522
f 8713 8419 9522
f 9399 9518 9514
f 9399 9514 9479
f 9521 9523 8492
f 9500 9475 9513
f 8408 8419 9520
f 9526 9527 8913
f 8483 9489 9521
f 8713 9386 8419
f 8496 8495 9511
f 9489 9523 9521
f 9386 9520 8419
f 8483 9484 9489
f 8920 8973 9246
f 9511 8692 8496
f 8686 8713 8685
f 9524 9492 8492
f 8966 9516 8973
f 9510 9492 9524
f 8692 9528 8590
f 8966 9503 9516
f 9309 9529 8527
f 9465 9524 9523
f 9399 9370 9518
f 9451 9524 9465
f 8598 9517 8710
f 9320 9529 9309
f 9418 9529 9320
f 9470 9523 9489
f 9528 8591 8590
f 9418 9417 9529
f 9470 9465 9523
f 8692 9515 9528
f 8409 9418 9320
f 8710 8722 8671
f 9517 8722 8710
f 8510 9033 9035
f 9456 9470 9489
f 8409 8408 9422
f 9422 9418 8409
f 9507 8509 8673
f 8408 9520 9422
f 8527 9529 9434
f 9510 9524 9451
f 8591 9528 8653
f 9530 8886 8931
f 9531 9532 9533
f 8802 9528 9515
f 9529 9417 9434
f 8913 9527 8835
f 8653 9528 8802
f 9092 9091 9035
f 9406 9413 9533
f 9092 9035 8788
f 8886 9530 9054
f 9507 8673 8675
f 9533 9536 9406
f 9220 9491 8913
f 9359 9406 9372
f 9530 9140 9054
f 9220 9219 9491
f 9519 8653 8802
f 9538 9533 9539
f 9146 9140 9540
f 8675 8653 9519
f 9526 8913 9491
f 8931 9541 9530
f 9507 8675 9506
f 9542 9530 9541
f 9519 9506 8675
f 9542 9543 9530
f 9544 9530 9543
f 9515 8692 9511
f 9540 9140 9544
f 8996 9113 9494
f 9530 9544 9140
f 9547 9548 9430
f 9430 9431 9547
f 9533 9413 9548
f 8552 9544 9543
f 9413 9430 9548
f 8835 9549 9550
f 9147 9146 8552
f 9527 9549 8835
f 9544 8552 9540
f 9551 9552 9476
f 9431 9436 9553
f 9547 9431 9553
f 9540 8552 9146
f 8510 8921 9033
f 9034 9033 8921
f 9553 9436 9349
f 9350 9349 9436
f 9410 9385 9555
f 8552 9543 8833
f 9541 8833 9542
f 9542 8833 9543
f 9350 9337 9336
f 9556 9557 9360
f 8460 8459 8471
f 8934 9428 9558
f 9559 8931 8934
f 9558 9559 8934
f 8471 8472 8460
f 8524 8460 8472
f 9360 9557 9361
f 9560 9428 9561
f 9495 9361 9557
f 8791 9555 8460
f 9424 9446 9428
f 9531 9533 9538
f 9536 9533 9532
f 9410 9555 8791
f 9560 9558 9428
f 9550 8841 8835
f 9536 9372 9406
f 9562 9561 9428
f 9556 9448 8841
f 8460 8524 8791
f 9562 9428 9446
f 9448 9556 9360
f 9563 9539 9548
f 9550 9564 8841
f 9548 9547 9563
f 9564 9556 8841
f 9104 8791 8771
f 9565 9566 9553
f 9565 9553 9349
f 9562 9567 9561
f 9547 9553 9566
f 9566 9563 9547
f 9568 9569 9562
f 9499 9570 9336
f 9336 9335 9499
f 9570 9349 9336
f 8941 8426 8428
f 8394 9571 9572
f 8439 9536 9532
f 9536 8439 9372
f 9573 8428 8460
f 9574 9575 9576
f 9571 9576 9575
f 8392 8394 9572
f 8439 9532 8670
f 9538 8670 9531
f 9579 8398 9580
f 8428 8458 8460
f 9253 9581 9498
f 9532 9531 8670
f 9580 8612 8614
f 9580 8614 9579
f 8399 8397 8401
f 9582 9583 9322
f 9322 9290 9582
f 9585 9290 9586
f 9587 9588 9586
f 8490 8491 9587
f 8613 8644 8649
f 9592 9587 8507
f 9555 9552 9573
f 8666 8649 8644
f 9593 9575 9594
f 9595 9594 9574
f 9575 9574 9594
f 9552 9555 9385
f 9596 9290 9289
f 9253 9189 9581
f 9574 9597 9595
f 9385 9476 9552
f 9253 9498 9497
f 8460 9555 9573
f 8644 8613 8635
f 8860 9596 9289
f 8650 9596 8860
f 9253 9497 9254
f 8612 8635 8613
f 9585 9582 9290
f 9189 9569 9568
f 9596 9587 9290
f 9587 9586 9290
f 8490 9587 9596
f 8650 8490 9596
f 9189 9568 9581
f 9598 9599 9572
f 9600 8392 9599
f 9299 9601 9332
f 9601 9602 9332
f 8612 9580 9605
f 9299 9322 9601
f 9183 9189 9253
f 9364 9077 9073
f 8941 9606 9364
f 9606 9077 9364
f 8635 8612 9605
f 8438 8941 8940
f 9607 8401 9608
f 9204 9609 9189
f 9191 9204 9189
f 8426 8941 8438
f 8401 8402 9608
f 9572 9599 8392
f 9571 9598 9572
f 9593 9598 9571
f 9593 9571 9575
f 9322 9583 9539
f 9610 9438 9440
f 9605 9580 9611
f 8401 9607 8399
f 8399 9607 8398
f 9611 8398 9607
f 8398 9611 9580
f 9438 9610 9446
f 9602 9471 9334
f 8941 8428 9606
f 9612 9608 8402
f 8402 8392 9612
f 9600 9612 8392
f 9332 9602 9334
f 9594 9613 9593
f 9598 9593 9614
f 8428 9573 9606
f 9614 9615 9598
f 9610 9568 9446
f 9074 9077 9616
f 9601 9563 9602
f 9568 9562 9446
f 9616 9088 9074
f 9611 9617 9605
f 9077 9606 9618
f 9508 9466 9455
f 9610 9581 9568
f 9455 9464 9508
f 9618 9616 9077
f 9605 8633 8635
f 9464 9454 9471
f 9453 9480 9619
f 9618 9606 9573
f 9452 9469 9480
f 9573 9552 9618
f 9613 9594 8639
f 9552 9551 9618
f 9469 9496 9480
f 9588 8598 8711
f 9496 9498 9480
f 9620 9600 9599
f 9583 9582 8711
f 9582 9585 8711
f 9585 9586 8711
f 9619 9610 9440
f 9616 9113 9088
f 9586 9588 8711
f 9587 9592 9588
f 9619 9440 9453
f 8491 8507 9587
f 9498 9581 9619
f 9592 8507 8598
f 8633 9605 9617
f 9551 9113 9616
f 9588 9592 8598
f 9480 9498 9619
f 9621 9539 9583
f 9622 9623 9611
f 9607 9622 9611
f 9551 9616 9618
f 9619 9581 9610
f 9612 9600 9620
f 9624 9625 9626
f 9559 9558 9026
f 9558 9560 9026
f 9560 9561 9026
f 9561 9567 9026
f 9551 9500 9113
f 9476 9500 9551
f 8716 9026 9567
f 9624 9626 9627
f 9628 9613 8634
f 9626 9625 9629
f 8641 8634 8639
f 9613 8639 8634
f 9595 8639 9594
f 9562 9630 9567
f 9508 9570 9499
f 9630 9562 9631
f 9562 9569 9631
f 9628 9593 9613
f 9614 9593 9628
f 9632 9624 9627
f 9599 9598 9620
f 9569 9189 9609
f 9538 9621 8670
f 9569 9609 9633
f 9569 9633 9631
f 9608 9622 9607
f 9617 9611 9623
f 9634 9629 9635
f 9601 9322 9539
f 8644 8635 8641
f 9539 9563 9601
f 8716 9567 9630
f 9620 9622 9612
f 9608 9612 9622
f 9620 9636 9622
f 9630 9631 8716
f 9602 9563 9566
f 8560 9604 9635
f 9604 9603 9635
f 9631 9633 8716
f 9635 9629 8560
f 9204 8716 9609
f 9628 9617 9614
f 8560 9629 9625
f 9623 9636 9617
f 9609 8716 9633
f 8542 9632 8543
f 8633 9617 9628
f 9636 9614 9617
f 9615 9614 9636
f 8634 8633 9628
f 9464 9471 9565
f 9565 9471 9566
f 9632 8542 9624
f 9620 9598 9615
f 9471 9602 9566
f 9624 8553 9625
f 9636 9620 9615
f 8555 9625 8553
f 9541 9637 8833
f 8542 8553 9624
f 9622 9636 9623
f 8634 8641 8635
f 8833 9026 8834
f 8993 8834 9026
f 9638 9626 9629
f 9637 8931 9559
f 9570 9565 9349
f 9508 9464 9570
f 9541 8931 9637
f 8659 9597 8740
f 9565 9570 9464
f 8711 8710 8671
f 8670 8711 8671
f 8659 8654 9597
f 9637 9559 9026
f 9538 9539 9621
f 9595 9597 8654
f 9026 8833 9637
f 8645 8641 8640
f 9548 9539 9533
f 8639 9595 8640
f 8672 8640 9595
f 8654 8672 9595
f 8598 8667 8717
f 9583 8711 9621
f 8561 9604 8560
f 8711 8670 9621
f 9625 8555 8560
f 8717 9517 8598
f 9639 8588 8573
f 9640 8588 9639
f 9419 9493 9495
f 9419 9495 9557
f 9419 9557 9556
f 9419 9556 9564
f 9419 9564 9550
f 9419 9550 9549
f 8786 9419 9549
f 8787 8786 9549
f 9463 8787 9549
f 8669 9641 9642
f 8669 9642 8661
f 9549 9527 9526
f 9549 9526 9491
f 9549 9491 9381
f 9549 9381 9477
f 9549 9477 9463
f 8616 9135 8538
f 8433 9152 8435
f 9151 8435 9152
f 9643 8588 9640
f 9151 9162 8435
f 9643 9641 8669
f 9643 8669 8588
f 8431 9130 8433
f 9131 9130 8538
f 8431 8538 9130
f 9152 8433 9130
f 8439 8588 9644
f 8425 8415 8445
f 9645 8585 8439
f 8439 8701 8712
f 8415 9646 8445
f 8712 9645 8439
f 8572 8439 8586
f 8669 8657 8588
f 8697 8439 9644
f 9054 8704 8417
f 8704 8703 8417
f 8664 8598 8668
f 8704 9054 9140
f 8417 8703 8415
f 8732 8445 9646
f 9644 8657 8697
f 8657 8658 8697
f 9646 8415 8703
f 9644 8588 8657
f 8703 8709 9646
f 8445 9647 8446
f 8687 8664 8688
f 9648 8586 9649
f 8445 8732 9647
f 8731 8732 9646
f 8585 9649 8586
f 8733 9650 9645
f 9649 8585 9650
f 9645 9650 8585
f 8733 9645 8712
f 8543 9632 8732
f 8731 9646 8709
f 9632 9627 9647
f 8668 8688 8664
f 9632 9647 8732
f 9650 8770 9649
f 9649 9651 9648
f 9652 8689 8688
f 9653 9654 8573
f 9655 9639 9654
f 9656 8662 9657
f 9634 8967 8946
f 9658 9657 8660
f 8688 8668 9656
f 8573 9654 9639
f 8572 9653 8573
f 9648 9653 8572
f 9648 8572 8586
f 8660 8661 9658
f 8434 9658 8661
f 8434 8661 9642
f 8660 9657 8662
f 8662 9656 8668
f 9657 9660 9656
f 9656 9661 8688
f 9661 9652 8688
f 9626 9086 9627
f 9626 9638 9086
f 9638 8947 9086
f 9638 8946 8947
f 9642 9662 8434
f 9663 9006 8967
f 9663 9659 9006
f 9005 9006 9659
f 9663 9603 9659
f 9634 9663 8967
f 9655 9664 9640
f 9655 9640 9639
f 9642 9641 9662
f 9638 9634 8946
f 9665 9662 9641
f 9640 9664 9643
f 9664 9665 9643
f 9663 9634 9635
f 9643 9665 9641
f 9603 9663 9635
f 9651 9666 9648
f 9629 9634 9638
f 8423 8424 9654
f 9661 9656 9660
f 8412 8434 9662
f 9667 9071 9059
f 8413 9658 8434
f 9667 8446 9647
f 9657 9658 9660
f 8413 9660 9658
f 9667 9086 9071
f 9627 9086 9667
f 9647 9627 9667
f 8418 8412 9665
f 9662 9665 8412
f 9667 9059 8446
f 8418 9665 9664
f 8394 8405 9571
f 8405 9576 9571
f 8398 9579 8396
f 9666 8405 8406
f 9661 9660 9579
f 8413 8396 9660
f 9579 9660 8396
f 9666 9576 8405
f 9579 8614 9661
f 9652 9661 8614
f 9574 9668 9597
f 9669 9597 9668
f 8740 9597 9669
f 9576 9668 9574
f 8754 9669 8770
f 8614 8647 9652
f 9669 9668 8770
f 9651 8770 9668
f 9668 9576 9651
f 9666 9651 9576
f 8740 9669 8754
f 8689 9652 8647
f 9651 9649 8770
f 8406 9648 9666
f 9653 9648 8406
f 9664 9655 8424
f 9655 9654 8424
f 9653 8406 9654
f 8423 9654 8406
f 8418 9664 8424
f 9650 8733 8770
usemtl Gris
f 2152 2153 2154
f 2154 2155 2152
f 2156 2157 2158
f 2159 2156 2158
f 2160 2161 2162
f 2161 2163 2164
f 2165 2156 2166
f 2167 2168 2169
f 2167 2169 2170
f 2164 2163 2171
f 2168 2172 2169
f 2173 2174 2175
f 2176 2175 2174
f 2177 2178 2179
f 2180 2181 2182
f 2183 2182 2181
f 2182 2157 2180
f 2165 2180 2157
f 2156 2165 2157
f 2179 2184 2177
f 2171 2163 2185
f 2186 2187 2188
f 2188 2187 2189
f 2190 2191 2192
f 2193 2194 2195
f 2191 2196 2192
f 2197 2198 2199
f 2200 2201 2163
f 2185 2163 2201
f 2191 2202 2196
f 2203 2204 2205
f 2206 2205 2207
f 2204 2207 2205
f 2207 2208 2206
f 2209 2210 2211
f 2160 2199 2198
f 2163 2160 2198
f 2212 2211 2213
f 2214 2215 2216
f 2190 2202 2191
f 2217 2218 2219
f 2213 2220 2212
f 2200 2163 2215
f 2198 2215 2163
f 2221 2222 2223
f 2224 2225 2226
f 2227 2228 2203
f 2204 2203 2228
f 2229 2230 2231
f 2232 2231 2230
f 2207 2204 2228
f 2223 2222 2233
f 2223 2233 2234
f 2235 2236 2233
f 2234 2233 2236
f 2237 2234 2236
f 2226 2238 2239
f 2239 2224 2226
f 2238 2240 2239
f 2240 2195 2194
f 2208 2228 2241
f 2242 2243 2244
f 2241 2228 2243
f 2228 2244 2243
f 2245 2246 2247
f 2228 2184 2248
f 2179 2248 2184
f 2222 2221 2245
f 2221 2246 2245
f 2249 2250 2251
f 2225 2219 2218
f 2202 2190 2252
f 2253 2166 2156
f 2251 2250 2254
f 2248 2244 2228
f 2255 2226 2218
f 2179 2244 2248
f 2256 2253 2156
f 2242 2244 2257
f 2258 2259 2260
f 2261 2262 2263
f 2255 2262 2261
f 2242 2257 2264
f 2256 2156 2265
f 2264 2257 2244
f 2226 2225 2218
f 2261 2226 2255
f 2156 2266 2267
f 2260 2268 2231
f 2229 2231 2268
f 2268 2269 2229
f 2270 2199 2160
f 2271 2272 2273
f 2174 2274 2176
f 2267 2265 2156
f 2265 2275 2256
f 2276 2256 2275
f 2275 2237 2276
f 2276 2237 2236
f 2260 2193 2277
f 2278 2261 2279
f 2280 2247 2246
f 2281 2282 2271
f 2283 2260 2277
f 2279 2261 2284
f 2283 2268 2260
f 2273 2285 2286
f 2287 2286 2285
f 2288 2289 2273
f 2290 2176 2291
f 2290 2292 2176
f 2292 2293 2176
f 2175 2176 2293
f 2263 2294 2261
f 2278 2295 2261
f 2295 2296 2297
f 2286 2288 2273
f 2266 2298 2299
f 2283 2300 2268
f 2301 2302 2303
f 2303 2291 2301
f 2301 2291 2176
f 2289 2304 2271
f 2289 2271 2273
f 2305 2306 2307
f 2308 2309 2301
f 2309 2302 2301
f 2310 2193 2260
f 2271 2304 2311
f 2271 2311 2281
f 2306 2312 2307
f 2280 2307 2312
f 2312 2313 2280
f 2247 2280 2313
f 2307 2299 2305
f 2298 2305 2299
f 2266 2299 2314
f 2314 2267 2266
f 2287 2288 2286
f 2290 2291 2315
f 2196 2202 2316
f 2300 2269 2268
f 2317 2318 2319
f 2320 2195 2240
f 2320 2240 2319
f 2321 2295 2297
f 2261 2295 2321
f 2322 2195 2320
f 2323 2324 2325
f 2240 2238 2317
f 2240 2317 2319
f 2326 2293 2292
f 2327 2328 2323
f 2290 2315 2292
f 2326 2292 2315
f 2282 2281 2329
f 2301 2176 2274
f 2330 2261 2321
f 2331 2332 2333
f 2269 2333 2229
f 2272 2271 2282
f 2334 2335 2330
f 2261 2330 2335
f 2336 2337 2338
f 2308 2339 2309
f 2340 2274 2341
f 2342 2285 2272
f 2285 2273 2272
f 2315 2174 2326
f 2274 2174 2341
f 2326 2174 2343
f 2344 2332 2331
f 2332 2345 2333
f 2346 2347 2348
f 2335 2334 2349
f 2337 2334 2338
f 2173 2343 2174
f 2350 2274 2340
f 2351 2274 2350
f 2315 2341 2174
f 2352 2353 2272
f 2354 2355 2189
f 2337 2349 2334
f 2274 2351 2339
f 2274 2339 2356
f 2357 2189 2358
f 2357 2354 2189
f 2187 2358 2189
f 2302 2309 2351
f 2293 2343 2175
f 2331 2333 2359
f 2360 2335 2349
f 2173 2175 2343
f 2329 2361 2282
f 2362 2335 2360
f 2300 2363 2333
f 2315 2291 2341
f 2282 2361 2352
f 2333 2363 2359
f 2341 2291 2303
f 2341 2303 2340
f 2364 2252 2190
f 2282 2352 2272
f 2365 2335 2366
f 2362 2367 2335
f 2366 2335 2367
f 2302 2350 2303
f 2340 2303 2350
f 2368 2369 2347
f 2342 2272 2353
f 2293 2326 2343
f 2370 2371 2372
f 2300 2333 2269
f 2350 2302 2351
f 2373 2199 2374
f 2374 2199 2355
f 2344 2331 2359
f 2351 2309 2339
f 2375 2335 2365
f 2359 2370 2344
f 2376 2199 2377
f 2231 2258 2260
f 2378 2320 2310
f 2318 2310 2320
f 2320 2319 2318
f 2192 2379 2380
f 2378 2322 2320
f 2378 2259 2381
f 2378 2381 2322
f 2371 2370 2359
f 2259 2258 2382
f 2259 2382 2381
f 2383 2335 2375
f 2383 2384 2385
f 2258 2231 2232
f 2258 2232 2382
f 2380 2190 2192
f 2386 2387 2377
f 2187 2186 2358
f 2388 2358 2186
f 2389 2356 2377
f 2376 2377 2356
f 2390 2188 2391
f 2376 2356 2308
f 2386 2199 2373
f 2392 2388 2188
f 2186 2188 2388
f 2393 2335 2385
f 2154 2197 2199
f 2199 2270 2189
f 2354 2390 2391
f 2155 2301 2152
f 2383 2385 2335
f 2394 2335 2393
f 2395 2396 2397
f 2397 2398 2395
f 2155 2154 2199
f 2155 2199 2301
f 2390 2354 2392
f 2335 2394 2399
f 2386 2377 2199
f 2189 2355 2199
f 2301 2199 2376
f 2376 2308 2301
f 2400 2401 2402
f 2391 2270 2403
f 2404 2405 2406
f 2407 2405 2404
f 2408 2409 2407
f 2394 2397 2399
f 2407 2410 2411
f 2407 2411 2408
f 2387 2412 2270
f 2403 2270 2412
f 2404 2413 2410
f 2404 2410 2407
f 2396 2399 2397
f 2414 2399 2396
f 2415 2416 2345
f 2387 2270 2389
f 2411 2417 2408
f 2418 2419 2420
f 2418 2420 2406
f 2381 2382 2277
f 2193 2381 2277
f 2374 2391 2403
f 2283 2277 2232
f 2232 2277 2382
f 2420 2413 2404
f 2420 2404 2406
f 2285 2421 2422
f 2416 2423 2345
f 2412 2374 2403
f 2424 2425 2426
f 2359 2363 2415
f 2196 2427 2379
f 2421 2285 2428
f 2342 2428 2285
f 2379 2192 2196
f 2344 2370 2429
f 2386 2373 2387
f 2373 2412 2387
f 2322 2381 2193
f 2194 2239 2240
f 2195 2322 2193
f 2332 2344 2429
f 2430 2431 2432
f 2431 2433 2432
f 2434 2432 2433
f 2232 2230 2283
f 2229 2333 2345
f 2421 2428 2435
f 2202 2252 2436
f 2437 2421 2435
f 2300 2283 2230
f 2355 2391 2374
f 2416 2363 2230
f 2300 2230 2363
f 2438 2439 2440
f 2345 2441 2229
f 2437 2434 2421
f 2415 2363 2416
f 2354 2391 2355
f 2432 2437 2442
f 2392 2354 2357
f 2202 2436 2316
f 2425 2443 2324
f 2430 2432 2444
f 2445 2415 2429
f 2316 2446 2196
f 2432 2442 2444
f 2412 2373 2374
f 2447 2448 2449
f 2342 2353 2428
f 2450 2369 2212
f 2423 2451 2441
f 2357 2358 2392
f 2388 2392 2358
f 2371 2359 2445
f 2452 2449 2448
f 2435 2428 2353
f 2389 2377 2387
f 2451 2423 2453
f 2437 2432 2434
f 2332 2429 2415
f 2454 2443 2425
f 2339 2308 2356
f 2332 2415 2345
f 2270 2391 2188
f 2392 2188 2390
f 2455 2456 2457
f 2217 2371 2445
f 2441 2345 2423
f 2219 2371 2217
f 2415 2445 2359
f 2458 2459 2409
f 2424 2454 2425
f 2433 2422 2434
f 2460 2461 2430
f 2317 2462 2463
f 2434 2422 2421
f 2416 2230 2423
f 2230 2464 2423
f 2440 2439 2465
f 2466 2467 2461
f 2468 2469 2372
f 2370 2372 2470
f 2471 2196 2446
f 2456 2451 2457
f 2453 2457 2451
f 2464 2472 2423
f 2457 2473 2455
f 2294 2455 2473
f 2284 2261 2294
f 2474 2475 2433
f 2310 2260 2259
f 2463 2318 2317
f 2476 2469 2468
f 2469 2477 2372
f 2478 2479 2480
f 2418 2481 2419
f 2469 2476 2462
f 2476 2463 2462
f 2259 2378 2310
f 2446 2316 2482
f 2461 2467 2431
f 2441 2451 2465
f 2431 2467 2474
f 2480 2465 2451
f 2483 2324 2443
f 2484 2450 2220
f 2431 2474 2433
f 2480 2451 2456
f 2427 2196 2471
f 2463 2476 2224
f 2478 2456 2455
f 2422 2433 2475
f 2485 2486 2448
f 2463 2224 2239
f 2487 2443 2454
f 2294 2478 2455
f 2473 2284 2294
f 2239 2194 2318
f 2450 2212 2220
f 2456 2478 2480
f 2219 2225 2468
f 2219 2468 2372
f 2405 2488 2406
f 2488 2489 2481
f 2448 2486 2489
f 2225 2224 2476
f 2229 2439 2230
f 2318 2194 2310
f 2490 2491 2492
f 2453 2423 2472
f 2472 2464 2493
f 2446 2494 2471
f 2219 2372 2371
f 2446 2482 2494
f 2495 2494 2482
f 2492 2496 2490
f 2485 2447 2497
f 2485 2497 2498
f 2463 2239 2318
f 2499 2495 2482
f 2484 2500 2501
f 2468 2225 2476
f 2502 2503 2504
f 2505 2504 2506
f 2296 2505 2506
f 2297 2296 2506
f 2310 2194 2193
f 2471 2507 2508
f 2317 2238 2226
f 2317 2226 2462
f 2464 2509 2493
f 2448 2489 2452
f 2492 2510 2511
f 2496 2492 2511
f 2447 2485 2448
f 2512 2419 2481
f 2513 2514 2502
f 2515 2336 2516
f 2338 2516 2336
f 2517 2510 2492
f 2518 2519 2520
f 2521 2520 2519
f 2513 2502 2504
f 2495 2521 2519
f 2481 2418 2488
f 2487 2522 2523
f 2519 2524 2495
f 2418 2406 2488
f 2525 2526 2469
f 2477 2469 2526
f 2469 2527 2525
f 2502 2493 2503
f 2528 2529 2520
f 2479 2473 2457
f 2479 2457 2530
f 2531 2532 2533
f 2429 2370 2470
f 2470 2372 2477
f 2487 2454 2522
f 2530 2457 2453
f 2484 2534 2450
f 2535 2159 2536
f 2405 2407 2409
f 2518 2529 2533
f 2537 2450 2534
f 2488 2538 2452
f 2506 2504 2503
f 2469 2462 2226
f 2507 2471 2494
f 2262 2255 2526
f 2405 2459 2488
f 2477 2255 2218
f 2488 2459 2538
f 2539 2484 2501
f 2218 2217 2470
f 2503 2493 2509
f 2477 2218 2470
f 2540 2541 2542
f 2539 2501 2543
f 2519 2518 2524
f 2544 2524 2518
f 2488 2452 2489
f 2545 2509 2464
f 2504 2505 2546
f 2478 2294 2525
f 2547 2458 2409
f 2296 2546 2505
f 2548 2549 2545
f 2464 2548 2545
f 2516 2550 2515
f 2524 2494 2495
f 2525 2294 2263
f 2263 2262 2526
f 2551 2542 2552
f 2532 2553 2544
f 2524 2544 2553
f 2459 2405 2409
f 2551 2552 2554
f 2544 2533 2532
f 2470 2217 2445
f 2542 2551 2555
f 2465 2480 2530
f 2530 2480 2479
f 2553 2507 2494
f 2553 2494 2524
f 2440 2465 2530
f 2540 2555 2556
f 2557 2558 2559
f 2560 2366 2367
f 2526 2255 2477
f 2553 2532 2561
f 2540 2556 2562
f 2563 2564 2565
f 2525 2263 2526
f 2534 2484 2539
f 2441 2465 2439
f 2553 2561 2566
f 2553 2566 2507
f 2475 2554 2552
f 2470 2445 2429
f 2567 2500 2484
f 2514 2439 2438
f 2542 2555 2540
f 2550 2545 2549
f 2515 2550 2549
f 2537 2369 2450
f 2568 2569 2570
f 2453 2472 2440
f 2533 2544 2518
f 2569 2409 2571
f 2493 2502 2514
f 2464 2572 2573
f 2573 2548 2464
f 2422 2475 2552
f 2518 2520 2529
f 2527 2469 2576
f 2577 2578 2579
f 2572 2464 2578
f 2579 2560 2577
f 2367 2577 2560
f 2559 2580 2557
f 2574 2581 2575
f 2479 2478 2527
f 2478 2525 2527
f 2582 2583 2565
f 2580 2584 2557
f 2530 2453 2440
f 2563 2565 2583
f 2438 2440 2472
f 2348 2347 2575
f 2585 2586 2587
f 2585 2588 2586
f 2469 2586 2588
f 2588 2576 2469
f 2587 2586 2589
f 2514 2472 2493
f 2540 2590 2591
f 2541 2540 2591
f 2592 2542 2541
f 2285 2552 2592
f 2536 2285 2592
f 2559 2558 2593
f 2594 2226 2261
f 2569 2547 2409
f 2595 2596 2597
f 2594 2586 2226
f 2469 2226 2586
f 2384 2599 2385
f 2592 2541 2535
f 2600 2535 2541
f 2568 2563 2601
f 2472 2514 2438
f 2603 2599 2604
f 2592 2535 2536
f 2605 2249 2606
f 2587 2546 2296
f 2563 2583 2607
f 2608 2602 2609
f 2579 2464 2610
f 2587 2296 2295
f 2563 2607 2601
f 2520 2521 2611
f 2546 2587 2589
f 2295 2588 2585
f 2600 2541 2591
f 2600 2591 2612
f 2547 2569 2601
f 2568 2601 2569
f 2513 2439 2514
f 2613 2464 2614
f 2295 2278 2588
f 2615 2605 2606
f 2422 2552 2285
f 2542 2592 2552
f 2384 2604 2599
f 2595 2616 2617
f 2611 2521 2616
f 2617 2616 2618
f 2619 2620 2621
f 2278 2576 2588
f 2539 2622 2623
f 2584 2251 2557
f 2624 2625 2626
f 2546 2619 2621
f 2278 2279 2576
f 2613 2610 2464
f 2618 2616 2521
f 2527 2576 2284
f 2606 2251 2584
f 2284 2576 2279
f 2249 2251 2606
f 2513 2621 2620
f 2627 2513 2620
f 2513 2627 2439
f 2628 2439 2629
f 2479 2527 2473
f 2284 2473 2527
f 2580 2606 2584
f 2580 2559 2606
f 2464 2630 2614
f 2604 2631 2603
f 2614 2630 2631
f 2603 2631 2630
f 2587 2295 2585
f 2595 2597 2616
f 2579 2578 2464
f 2158 2157 2632
f 2557 2633 2558
f 2616 2597 2528
f 2616 2528 2611
f 2520 2611 2528
f 2506 2620 2619
f 2369 2623 2347
f 2630 2464 2634
f 2635 2617 2618
f 2261 2335 2594
f 2536 2159 2158
f 2495 2635 2521
f 2618 2521 2635
f 2347 2623 2575
f 2636 2574 2623
f 2495 2499 2635
f 2182 2183 2637
f 2364 2574 2636
f 2574 2575 2623
f 2166 2638 2639
f 2634 2464 2640
f 2641 2640 2464
f 2642 2364 2636
f 2643 2640 2641
f 2369 2537 2623
f 2621 2513 2504
f 2606 2644 2615
f 2625 2624 2285
f 2643 2645 2646
f 2398 2646 2647
f 2647 2646 2645
f 2647 2395 2398
f 2534 2539 2623
f 2546 2621 2504
f 2622 2539 2543
f 2623 2537 2534
f 2626 2648 2624
f 2165 2166 2639
f 2606 2559 2644
f 2229 2441 2439
f 2593 2644 2559
f 2649 2645 2643
f 2321 2650 2330
f 2643 2641 2649
f 2622 2543 2651
f 2652 2181 2180
f 2178 2177 2653
f 2615 2424 2605
f 2297 2589 2321
f 2650 2321 2589
f 2170 2654 2641
f 2655 2649 2641
f 2336 2515 2656
f 2622 2651 2657
f 2641 2658 2659
f 2660 2624 2648
f 2419 2538 2420
f 2420 2538 2413
f 2661 2662 2285
f 2632 2662 2661
f 2663 2664 2632
f 2593 2558 2665
f 2648 2666 2660
f 2536 2661 2285
f 2667 2650 2586
f 2668 2669 2670
f 2671 2672 2623
f 2673 2674 2183
f 2675 2676 2447
f 2449 2675 2447
f 2620 2506 2503
f 2622 2671 2623
f 2498 2497 2677
f 2678 2679 2680
f 2663 2632 2157
f 2582 2677 2681
f 2654 2682 2683
f 2550 2516 2684
f 2663 2157 2182
f 2685 2622 2642
f 2650 2589 2586
f 2636 2672 2642
f 2536 2158 2661
f 2686 2667 2586
f 2594 2687 2586
f 2688 2689 2690
f 2661 2158 2632
f 2663 2182 2637
f 2512 2691 2452
f 2452 2538 2512
f 2691 2675 2452
f 2449 2452 2675
f 2650 2667 2330
f 2629 2509 2628
f 2628 2509 2545
f 2692 2545 2550
f 2693 2285 2639
f 2694 2695 2688
f 2696 2654 2683
f 2550 2684 2692
f 2522 2690 2689
f 2697 2417 2547
f 2413 2459 2410
f 2619 2546 2589
f 2522 2689 2695
f 2522 2695 2523
f 2664 2662 2632
f 2662 2639 2285
f 2664 2663 2652
f 2698 2699 2498
f 2700 2486 2699
f 2701 2702 2700
f 2485 2699 2486
f 2686 2330 2667
f 2601 2703 2547
f 2454 2424 2522
f 2704 2705 2706
f 2330 2686 2334
f 2707 2708 2700
f 2629 2439 2627
f 2459 2413 2538
f 2512 2538 2419
f 2458 2410 2459
f 2709 2710 2711
f 2676 2707 2699
f 2711 2190 2380
f 2506 2619 2297
f 2701 2700 2708
f 2190 2711 2364
f 2701 2712 2713
f 2503 2509 2627
f 2708 2714 2701
f 2701 2714 2712
f 2662 2180 2165
f 2589 2297 2619
f 2662 2664 2180
f 2334 2686 2715
f 2639 2662 2165
f 2699 2698 2676
f 2627 2620 2503
f 2715 2338 2334
f 2714 2399 2712
f 2399 2716 2712
f 2699 2707 2700
f 2690 2522 2717
f 2627 2509 2629
f 2207 2228 2208
f 2707 2399 2708
f 2714 2708 2399
f 2718 2719 2709
f 2711 2718 2709
f 2274 2270 2227
f 2717 2424 2615
f 2270 2274 2356
f 2652 2180 2664
f 2485 2498 2699
f 2582 2698 2498
f 2227 2720 2274
f 2692 2628 2545
f 2676 2675 2707
f 2399 2707 2675
f 2717 2593 2721
f 2722 2723 2724
f 2686 2586 2725
f 2717 2644 2593
f 2615 2644 2717
f 2726 2727 2728
f 2729 2730 2731
f 2732 2252 2733
f 2656 2734 2684
f 2692 2734 2628
f 2735 2198 2736
f 2736 2198 2729
f 2723 2722 2683
f 2582 2565 2668
f 2698 2582 2668
f 2737 2668 2565
f 2564 2737 2565
f 2732 2436 2252
f 2670 2677 2676
f 2677 2670 2681
f 2669 2681 2670
f 2497 2676 2677
f 2721 2738 2717
f 2683 2682 2739
f 2216 2198 2735
f 2715 2740 2741
f 2684 2741 2656
f 2656 2741 2740
f 2692 2684 2734
f 2698 2668 2670
f 2198 2216 2215
f 2742 2215 2214
f 2447 2676 2497
f 2724 2658 2696
f 2724 2696 2722
f 2698 2670 2676
f 2739 2682 2743
f 2739 2743 2744
f 2745 2574 2364
f 2507 2566 2508
f 2424 2717 2522
f 2508 2566 2721
f 2740 2336 2656
f 2583 2681 2669
f 2583 2746 2607
f 2728 2703 2746
f 2669 2746 2583
f 2744 2743 2747
f 2694 2688 2748
f 2694 2748 2679
f 2749 2750 2487
f 2751 2487 2750
f 2737 2564 2746
f 2683 2722 2696
f 2752 2362 2360
f 2737 2746 2668
f 2694 2679 2678
f 2214 2753 2742
f 2745 2754 2574
f 2410 2458 2411
f 2607 2746 2703
f 2727 2703 2728
f 2601 2607 2703
f 2703 2697 2547
f 2458 2547 2417
f 2411 2458 2417
f 2735 2755 2216
f 2690 2738 2748
f 2690 2748 2688
f 2741 2516 2338
f 2746 2669 2668
f 2689 2688 2695
f 2216 2755 2214
f 2657 2252 2642
f 2723 2756 2724
f 2715 2741 2338
f 2726 2757 2727
f 2716 2751 2750
f 2498 2677 2582
f 2364 2642 2252
f 2723 2758 2756
f 2740 2715 2759
f 2583 2582 2681
f 2738 2721 2566
f 2690 2717 2738
f 2760 2730 2761
f 2731 2730 2760
f 2762 2761 2730
f 2759 2715 2725
f 2750 2712 2716
f 2574 2598 2718
f 2561 2532 2679
f 2561 2679 2748
f 2705 2763 2626
f 2758 2626 2763
f 2763 2756 2758
f 2516 2741 2684
f 2399 2414 2716
f 2727 2487 2523
f 2763 2704 2764
f 2715 2686 2725
f 2566 2561 2748
f 2566 2748 2738
f 2756 2764 2658
f 2761 2765 2760
f 2531 2680 2532
f 2679 2532 2680
f 2570 2490 2766
f 2725 2586 2687
f 2752 2687 2594
f 2757 2749 2727
f 2727 2749 2487
f 2756 2658 2724
f 2349 2337 2725
f 2759 2725 2337
f 2767 2727 2678
f 2523 2694 2678
f 2763 2764 2756
f 2270 2188 2189
f 2762 2730 2768
f 2490 2496 2766
f 2769 2770 2496
f 2759 2336 2740
f 2695 2694 2523
f 2705 2771 2706
f 2772 2773 2651
f 2730 2729 2198
f 2227 2270 2228
f 2531 2774 2680
f 2750 2749 2775
f 2657 2651 2773
f 2356 2389 2270
f 2759 2337 2336
f 2713 2712 2775
f 2349 2725 2687
f 2349 2687 2360
f 2680 2767 2678
f 2704 2763 2705
f 2642 2622 2657
f 2752 2360 2687
f 2776 2777 2778
f 2770 2757 2726
f 2770 2726 2728
f 2772 2651 2543
f 2779 2727 2767
f 2766 2746 2564
f 2772 2500 2780
f 2523 2678 2727
f 2781 2767 2680
f 2680 2774 2781
f 2782 2783 2578
f 2572 2578 2783
f 2766 2770 2728
f 2772 2501 2500
f 2766 2728 2746
f 2784 2785 2786
f 2785 2787 2786
f 2788 2789 2784
f 2785 2784 2789
f 2790 2787 2785
f 2543 2501 2772
f 2510 2791 2511
f 2778 2511 2792
f 2594 2793 2752
f 2769 2749 2757
f 2769 2757 2770
f 2705 2626 2794
f 2734 2656 2549
f 2656 2515 2549
f 2795 2796 2797
f 2798 2752 2793
f 2734 2549 2548
f 2799 2727 2800
f 2744 2747 2801
f 2564 2563 2570
f 2770 2766 2496
f 2766 2564 2570
f 2563 2568 2570
f 2802 2570 2569
f 2571 2802 2569
f 2408 2571 2409
f 2573 2572 2783
f 2803 2801 2804
f 2727 2490 2703
f 2703 2490 2570
f 2747 2805 2801
f 2806 2773 2780
f 2807 2800 2808
f 2808 2809 2807
f 2417 2571 2408
f 2801 2805 2804
f 2802 2697 2703
f 2802 2703 2570
f 2804 2810 2803
f 2811 2803 2810
f 2417 2697 2802
f 2417 2802 2571
f 2772 2780 2773
f 2276 2786 2787
f 2779 2808 2727
f 2808 2800 2727
f 2796 2367 2798
f 2794 2811 2810
f 2794 2810 2812
f 2492 2491 2517
f 2786 2276 2236
f 2776 2778 2792
f 2813 2778 2777
f 2814 2727 2799
f 2786 2236 2784
f 2794 2812 2771
f 2798 2367 2362
f 2792 2815 2776
f 2784 2236 2235
f 2816 2439 2734
f 2798 2362 2752
f 2705 2794 2771
f 2785 2789 2223
f 2815 2792 2791
f 2785 2223 2234
f 2817 2818 2594
f 2819 2439 2816
f 2439 2628 2734
f 2443 2487 2751
f 2716 2443 2751
f 2814 2820 2821
f 2822 2821 2823
f 2785 2234 2237
f 2785 2237 2790
f 2824 2825 2826
f 2826 2825 2827
f 2828 2829 2830
f 2548 2816 2734
f 2820 2814 2799
f 2816 2548 2573
f 2816 2573 2819
f 2594 2818 2793
f 2797 2798 2793
f 2830 2831 2832
f 2788 2832 2831
f 2788 2831 2833
f 2788 2833 2789
f 2827 2825 2834
f 2491 2835 2517
f 2821 2836 2814
f 2819 2573 2783
f 2837 2834 2838
f 2657 2773 2839
f 2325 2324 2483
f 2767 2781 2826
f 2831 2246 2221
f 2833 2831 2221
f 2483 2443 2716
f 2798 2797 2796
f 2767 2826 2827
f 2840 2806 2780
f 2221 2223 2789
f 2819 2783 2439
f 2841 2842 2782
f 2826 2781 2824
f 2325 2483 2716
f 2773 2806 2839
f 2824 2781 2774
f 2843 2841 2782
f 2439 2783 2842
f 2838 2834 2517
f 2375 2365 2818
f 2828 2830 2247
f 2828 2247 2313
f 2844 2837 2838
f 2365 2797 2793
f 2833 2221 2789
f 2796 2795 2843
f 2841 2843 2795
f 2496 2845 2769
f 2222 2245 2832
f 2222 2832 2788
f 2365 2366 2797
f 2560 2795 2797
f 2846 2814 2847
f 2466 2847 2848
f 2849 2850 2844
f 2851 2852 2384
f 2245 2247 2830
f 2245 2830 2832
f 2839 2733 2657
f 2797 2366 2560
f 2638 2693 2639
f 2560 2579 2841
f 2701 2713 2702
f 2845 2702 2713
f 2713 2775 2845
f 2775 2769 2845
f 2818 2365 2793
f 2835 2838 2517
f 2657 2733 2252
f 2795 2560 2841
f 2853 2854 2855
f 2817 2851 2384
f 2817 2384 2383
f 2856 2848 2814
f 2848 2847 2814
f 2836 2856 2814
f 2817 2383 2375
f 2817 2375 2818
f 2823 2821 2820
f 2769 2775 2749
f 2834 2837 2808
f 2857 2858 2859
f 2860 2859 2858
f 2861 2862 2858
f 2862 2863 2858
f 2863 2864 2858
f 2860 2858 2864
f 2834 2808 2779
f 2712 2750 2775
f 2578 2843 2782
f 2861 2865 2862
f 2778 2845 2511
f 2496 2511 2845
f 2844 2838 2800
f 2863 2862 2865
f 2732 2866 2316
f 2844 2800 2807
f 2702 2845 2813
f 2778 2813 2845
f 2867 2868 2814
f 2869 2867 2814
f 2846 2869 2814
f 2367 2796 2843
f 2843 2578 2577
f 2813 2870 2702
f 2844 2807 2849
f 2853 2787 2790
f 2843 2577 2367
f 2732 2316 2436
f 2834 2767 2827
f 2779 2767 2834
f 2783 2782 2842
f 2859 2203 2857
f 2414 2325 2716
f 2839 2866 2733
f 2854 2871 2638
f 2693 2638 2871
f 2638 2855 2854
f 2787 2853 2855
f 2727 2814 2490
f 2872 2814 2868
f 2839 2806 2866
f 2872 2873 2814
f 2733 2866 2732
f 2481 2489 2874
f 2874 2489 2486
f 2875 2169 2172
f 2630 2876 2603
f 2181 2877 2183
f 2878 2879 2517
f 2825 2878 2517
f 2510 2517 2879
f 2481 2874 2512
f 2691 2512 2874
f 2599 2880 2385
f 2874 2486 2675
f 2874 2675 2691
f 2866 2482 2316
f 2879 2878 2881
f 2881 2882 2879
f 2882 2791 2510
f 2792 2511 2791
f 2673 2183 2877
f 2209 2883 2884
f 2156 2885 2285
f 2886 2813 2777
f 2887 2881 2878
f 2209 2211 2883
f 2879 2882 2510
f 2877 2888 2673
f 2887 2201 2881
f 2889 2890 2886
f 2881 2891 2882
f 2866 2806 2840
f 2891 2791 2882
f 2604 2384 2852
f 2201 2200 2892
f 2883 2369 2368
f 2335 2399 2594
f 2638 2166 2253
f 2253 2855 2638
f 2212 2369 2883
f 2233 2888 2893
f 2233 2893 2235
f 2614 2894 2613
f 2855 2253 2256
f 2201 2892 2881
f 2883 2368 2609
f 2873 2673 2233
f 2673 2888 2233
f 2892 2200 2891
f 2895 2323 2896
f 2276 2855 2256
f 2233 2814 2873
f 2787 2855 2276
f 2614 2631 2894
f 2881 2892 2891
f 2575 2602 2348
f 2720 2815 2200
f 2200 2897 2891
f 2659 2655 2641
f 2347 2346 2898
f 2200 2899 2720
f 2895 2900 2323
f 2871 2854 2265
f 2608 2609 2368
f 2897 2791 2891
f 2871 2265 2267
f 2842 2610 2613
f 2901 2172 2902
f 2903 2608 2368
f 2900 2895 2884
f 2904 2851 2880
f 2533 2529 2905
f 2720 2776 2815
f 2531 2533 2774
f 2906 2594 2907
f 2529 2885 2905
f 2908 2608 2903
f 2790 2237 2275
f 2790 2275 2853
f 2211 2212 2883
f 2909 2777 2720
f 2897 2200 2815
f 2853 2275 2265
f 2853 2265 2854
f 2529 2528 2885
f 2906 2880 2817
f 2791 2897 2815
f 2285 2693 2266
f 2739 2744 2167
f 2910 2911 2167
f 2168 2167 2911
f 2910 2167 2744
f 2911 2902 2168
f 2172 2168 2902
f 2266 2156 2285
f 2896 2210 2895
f 2912 2913 2911
f 2907 2594 2914
f 2915 2914 2916
f 2914 2594 2916
f 2817 2594 2906
f 2528 2597 2885
f 2917 2439 2842
f 2280 2246 2831
f 2918 2919 2899
f 2301 2720 2899
f 2913 2920 2902
f 2901 2902 2920
f 2394 2906 2907
f 2922 2876 2923
f 2924 2925 2917
f 2200 2215 2899
f 2654 2170 2682
f 2880 2906 2393
f 2579 2610 2842
f 2575 2609 2602
f 2596 2659 2764
f 2880 2393 2385
f 2915 2926 2397
f 2829 2307 2280
f 2658 2764 2659
f 2491 2927 2928
f 2927 2929 2928
f 2930 2896 2931
f 2914 2915 2397
f 2841 2579 2842
f 2682 2170 2743
f 2914 2397 2907
f 2281 2932 2329
f 2932 2928 2929
f 2394 2393 2906
f 2929 2329 2932
f 2933 2912 2911
f 2613 2894 2924
f 2328 2931 2896
f 2902 2911 2913
f 2928 2835 2491
f 2842 2613 2917
f 2169 2912 2170
f 2654 2696 2641
f 2696 2658 2641
f 2934 2883 2609
f 2935 2875 2936
f 2917 2613 2924
f 2266 2693 2298
f 2937 2298 2693
f 2930 2210 2896
f 2825 2517 2834
f 2397 2394 2907
f 2894 2631 2923
f 2597 2596 2704
f 2704 2706 2597
f 2764 2704 2596
f 2933 2911 2910
f 2305 2298 2937
f 2814 2491 2490
f 2908 2903 2898
f 2884 2938 2900
f 2799 2800 2838
f 2347 2898 2368
f 2903 2368 2898
f 2938 2939 2900
f 2172 2936 2875
f 2940 2941 2942
f 2281 2311 2932
f 2932 2311 2823
f 2928 2932 2823
f 2928 2823 2820
f 2934 2938 2883
f 2817 2880 2851
f 2743 2943 2747
f 2702 2944 2945
f 2594 2945 2944
f 2871 2946 2693
f 2805 2947 2804
f 2810 2804 2948
f 2594 2944 2949
f 2942 2937 2940
f 2329 2822 2361
f 2939 2950 2951
f 2812 2810 2948
f 2831 2830 2829
f 2952 2801 2953
f 2910 2744 2952
f 2801 2952 2744
f 2835 2928 2820
f 2835 2820 2799
f 2929 2927 2821
f 2812 2885 2771
f 2597 2706 2885
f 2486 2700 2945
f 2702 2945 2700
f 2929 2821 2822
f 2904 2922 2852
f 2852 2851 2904
f 2923 2852 2922
f 2894 2923 2876
f 2876 2954 2894
f 2803 2953 2801
f 2955 2942 2941
f 2956 2955 2941
f 2941 2829 2956
f 2828 2956 2829
f 2822 2329 2929
f 2771 2885 2706
f 2945 2594 2399
f 2299 2940 2946
f 2399 2675 2486
f 2299 2946 2314
f 2945 2399 2486
f 2210 2930 2213
f 2934 2950 2939
f 2957 2803 2958
f 2953 2803 2957
f 2811 2958 2803
f 2904 2880 2599
f 2941 2299 2307
f 2930 2959 2960
f 2395 2647 2961
f 2835 2799 2838
f 2962 2325 2414
f 2930 2220 2213
f 2307 2829 2941
f 2904 2599 2922
f 2963 2943 2953
f 2952 2933 2910
f 2922 2599 2603
f 2871 2267 2946
f 2953 2943 2952
f 2930 2960 2220
f 2964 2920 2935
f 2934 2939 2938
f 2876 2922 2603
f 2946 2267 2314
f 2396 2395 2965
f 2939 2324 2323
f 2952 2943 2933
f 2831 2829 2280
f 2957 2966 2947
f 2747 2943 2963
f 2323 2900 2939
f 2947 2963 2953
f 2299 2941 2940
f 2884 2883 2938
f 2967 2968 2969
f 2604 2852 2631
f 2957 2947 2953
f 2743 2933 2943
f 2896 2323 2328
f 2327 2323 2325
f 2312 2956 2313
f 2828 2313 2956
f 2970 2324 2939
f 2956 2312 2306
f 2956 2306 2955
f 2962 2971 2972
f 2962 2972 2973
f 2969 2974 2967
f 2964 2935 2975
f 2955 2306 2942
f 2305 2942 2306
f 2325 2973 2972
f 2325 2972 2327
f 2976 2460 2491
f 2631 2852 2923
f 2977 2966 2957
f 2967 2567 2968
f 2978 2979 2967
f 2960 2968 2567
f 2946 2940 2693
f 2937 2693 2940
f 2249 2426 2250
f 2913 2875 2920
f 2169 2875 2913
f 2912 2169 2913
f 2220 2960 2567
f 2439 2917 2925
f 2961 2980 2965
f 2972 2971 2981
f 2965 2981 2971
f 2982 2976 2491
f 2230 2439 2925
f 2972 2981 2328
f 2972 2328 2327
f 2983 2984 2985
f 2984 2986 2987
f 2988 2491 2460
f 2460 2976 2461
f 2431 2430 2461
f 2230 2925 2464
f 2935 2920 2875
f 2933 2170 2912
f 2743 2170 2933
f 2942 2305 2937
f 2484 2220 2567
f 2975 2989 2964
f 2990 2964 2989
f 2981 2965 2980
f 2970 2939 2951
f 2927 2491 2988
f 2979 2500 2567
f 2858 2857 2205
f 2858 2205 2206
f 2858 2206 2991
f 2992 2264 2993
f 2981 2980 2931
f 2981 2931 2328
f 2301 2899 2919
f 2152 2301 2919
f 2444 2848 2460
f 2857 2203 2205
f 2979 2780 2500
f 2994 2919 2995
f 2460 2848 2856
f 2996 2997 2998
f 2999 2996 2998
f 2997 2983 2998
f 2197 2153 2994
f 2988 2460 2856
f 3000 3001 2970
f 2963 2805 2747
f 2948 2804 2947
f 2206 2208 2991
f 2430 2444 2460
f 2962 2973 2325
f 2999 2977 3002
f 2567 2967 2979
f 2966 2948 2947
f 2858 2991 2241
f 2208 2241 2991
f 3003 3004 2918
f 2976 2982 2847
f 2989 3005 2990
f 2241 2243 3006
f 2241 3006 2858
f 3007 3008 3009
f 2987 2920 2964
f 2992 3006 2242
f 2243 2242 3006
f 2971 2962 2396
f 2982 2846 2847
f 3008 3010 3009
f 3011 3009 3012
f 2901 2920 2987
f 2242 2264 2992
f 2414 2396 2962
f 2461 2976 2847
f 2966 3011 2948
f 2963 2947 2805
f 2987 2964 2990
f 3013 2916 3014
f 2847 2466 2461
f 2951 3000 2970
f 3014 3015 3013
f 2994 2995 3016
f 3017 2994 3016
f 2985 2987 2990
f 2988 2821 2927
f 3010 3012 3009
f 2948 3011 3012
f 2885 2812 2948
f 2346 2348 2602
f 2985 2990 3007
f 2995 2919 3018
f 3019 3018 2919
f 2971 2396 2965
f 2988 2856 2836
f 2919 2918 3020
f 3020 3019 2919
f 3020 2918 3021
f 2999 2998 3009
f 2836 2821 2988
f 2915 2916 2926
f 3022 2951 2950
f 3023 2995 3018
f 3007 3009 2998
f 2916 2594 2949
f 2954 2925 2894
f 2905 3024 2533
f 2774 2533 3024
f 3023 3018 3019
f 2999 3009 3011
f 3015 2925 3025
f 3026 2921 2401
f 2908 3027 2921
f 2949 3028 2916
f 3022 3000 2951
f 3029 3030 3021
f 2998 2985 3007
f 3031 2905 2885
f 3032 3033 3034
f 2982 2491 3034
f 3032 3034 2491
f 3035 2925 2954
f 2605 2424 2426
f 2402 2598 3036
f 3036 2598 2921
f 3037 3017 3016
f 2977 2999 3011
f 2858 2993 2861
f 3038 3015 3025
f 3039 3015 3038
f 3040 2426 3041
f 2995 3037 3016
f 2977 3011 2966
f 3042 2993 3014
f 3042 3028 2993
f 2858 3006 2993
f 3036 2921 3026
f 3039 2926 3013
f 3013 2926 2916
f 3013 3015 3039
f 3043 2591 2590
f 2590 3033 3043
f 3044 3043 3033
f 3033 3032 3044
f 2249 2605 2426
f 3021 3030 3020
f 2222 2491 2233
f 2814 2233 2491
f 3045 3046 2809
f 2908 2898 2921
f 2346 2921 2898
f 3041 2426 3001
f 2491 2222 3032
f 2634 2876 2630
f 2954 2876 2634
f 3047 3048 2918
f 2807 2809 3046
f 2996 2999 3002
f 3002 2977 2958
f 2977 2957 2958
f 2811 2794 2958
f 2625 2958 2794
f 2625 2794 2626
f 2346 2602 2921
f 2398 2397 2926
f 3049 3046 3045
f 2869 2846 2982
f 2869 2982 3034
f 2625 2885 2958
f 2948 2958 2885
f 2944 2702 2870
f 2608 2908 2921
f 3029 2918 3004
f 3021 2918 3029
f 2954 2634 2640
f 2954 2640 3035
f 2562 2867 3033
f 2948 3012 3002
f 2948 3002 2958
f 2944 2870 2949
f 3028 2949 2870
f 3035 2640 3025
f 3012 3010 2996
f 3012 2996 3002
f 3033 2590 2562
f 3045 3050 3049
f 2885 3051 3052
f 3031 2885 3052
f 3050 3052 3051
f 3049 3050 3051
f 3025 2646 3038
f 3010 3008 2997
f 3010 2997 2996
f 3033 2867 2869
f 3033 2869 3034
f 2643 2646 3025
f 2608 2921 2602
f 3048 3004 3003
f 2813 2886 2870
f 2890 2870 2886
f 2562 2590 2540
f 2758 3053 2626
f 2648 2626 3053
f 2640 2643 3025
f 2870 2890 3028
f 2890 2993 3028
f 2919 2994 2152
f 3039 3038 2646
f 3008 3007 3005
f 3007 2990 3005
f 2401 2921 2598
f 3039 2646 2398
f 3039 2398 2926
f 3042 2916 3028
f 2648 3053 2162
f 2648 2162 2666
f 3054 2660 2666
f 2730 2198 2197
f 3044 2872 2868
f 2401 2598 2402
f 2994 2755 2197
f 3053 2653 2162
f 2177 2162 2653
f 3043 3044 2868
f 2289 2288 2353
f 2177 2184 2162
f 2426 2970 3001
f 2591 3043 2612
f 2924 2894 2925
f 3035 3025 2925
f 3055 2925 3015
f 2162 2161 2666
f 2426 2425 2970
f 2612 3043 2868
f 2164 3054 2161
f 3056 2765 3057
f 2641 2464 2925
f 3058 2872 3044
f 3056 3057 3059
f 2774 3024 3060
f 2889 2227 3061
f 3061 2227 2865
f 2865 2227 3062
f 3063 3061 2865
f 2965 2395 2961
f 3060 3024 2905
f 2361 2822 2311
f 2861 3063 2865
f 3064 3032 2674
f 2637 2652 2663
f 2645 2649 3065
f 2994 3017 2753
f 2994 2753 2755
f 3066 2197 2755
f 2311 2304 2361
f 2823 2311 2822
f 2908 2921 2598
f 2863 2865 3062
f 2425 2324 2970
f 2731 2765 3056
f 2645 2961 2647
f 3065 2961 2645
f 2352 2361 2304
f 2304 2289 2352
f 2353 2352 2289
f 2729 2731 3056
f 2729 3056 3059
f 3067 2227 3068
f 3062 2227 3067
f 2652 2637 3069
f 3059 3070 2729
f 2736 2729 3070
f 3062 3067 2864
f 3062 2864 2863
f 2885 2288 3051
f 2974 2969 3071
f 3072 3073 2969
f 3065 3073 3072
f 3071 2969 3073
f 3032 2784 3074
f 3075 2581 2574
f 2609 2575 2581
f 3065 2649 3073
f 2435 2353 2885
f 3070 3066 2736
f 2735 2736 3066
f 3067 3068 2860
f 3067 2860 2864
f 3071 3073 2649
f 3069 3032 3074
f 2637 2674 3069
f 3032 3069 2674
f 3058 3032 3064
f 2598 3027 2908
f 3017 2742 2753
f 3075 2574 2718
f 2203 3076 2227
f 3068 2227 3076
f 2554 2475 2885
f 3032 2788 2784
f 3032 3058 3044
f 3077 3078 3060
f 2755 2735 3066
f 2908 2685 3027
f 3027 2598 2921
f 2859 2860 3076
f 3068 3076 2860
f 2968 3072 2969
f 2825 2824 3078
f 3078 2824 3079
f 2753 2214 2755
f 2685 2672 3027
f 2788 3032 2222
f 3080 3077 3060
f 3076 2203 2859
f 3065 3072 3081
f 3065 3081 2961
f 2637 2183 2674
f 3079 3060 3078
f 2861 2993 3063
f 2674 2673 3064
f 2474 2467 2442
f 2444 2442 2467
f 2968 2959 3081
f 2968 3081 3072
f 2768 3057 3082
f 3070 3059 2197
f 2765 3082 3057
f 2685 2908 3083
f 3084 3077 3080
f 2227 2909 2720
f 2557 2400 3075
f 2762 2768 2761
f 3082 2761 2768
f 2776 2720 2777
f 2872 3058 3064
f 2909 2227 2889
f 3082 2765 2761
f 2968 2960 2959
f 2931 2959 2930
f 2848 2444 2466
f 3064 2673 2873
f 2672 2671 3027
f 2908 3027 2671
f 2889 2886 2777
f 2889 2777 2909
f 2824 2774 3079
f 2731 2760 2765
f 2467 2466 2444
f 3022 2950 3085
f 2636 2623 2672
f 2197 3057 2730
f 3079 2774 3060
f 2890 2889 3061
f 2931 2980 3081
f 2931 3081 2959
f 2768 2730 3057
f 2622 2685 3083
f 3060 2905 3080
f 2934 2581 3085
f 2442 2437 2474
f 3086 3061 3063
f 3066 3070 2197
f 2197 3059 3057
f 3081 2980 2961
f 3069 2888 2877
f 2153 2197 2154
f 2993 3086 3063
f 3080 2905 3031
f 3080 3031 3084
f 2475 2474 2437
f 2152 2994 2153
f 3069 2877 2181
f 2993 2890 3086
f 3061 3086 2890
f 2950 2934 3085
f 2685 2642 2672
f 2353 2288 2885
f 3069 2181 2652
f 2301 2274 2720
f 3083 2908 2671
f 3064 2873 2872
f 2555 2551 2535
f 2178 2653 3087
f 3078 3077 3088
f 2622 3083 2671
f 3074 2784 2888
f 2156 2159 2554
f 2159 2535 2554
f 3088 2878 3078
f 3085 3041 3001
f 2784 2235 2893
f 2437 2435 2475
f 2364 2711 2710
f 3055 3087 2925
f 2893 2888 2784
f 2867 2562 2868
f 3085 3040 3041
f 2885 2625 2285
f 2925 3087 3089
f 2723 3089 3087
f 2598 3027 2719
f 3069 3074 2888
f 2435 2885 2475
f 2364 2710 2754
f 2364 2754 2745
f 2609 2581 2934
f 2660 3090 2624
f 3026 3085 3036
f 2581 3036 3085
f 2974 3071 3091
f 2974 3091 3092
f 2918 2899 3047
f 2710 3027 2754
f 2598 2754 3027
f 3093 3090 3077
f 3026 2401 3085
f 2598 2574 2754
f 2723 2683 3089
f 2167 3089 2683
f 2400 3085 2401
f 3093 3077 2285
f 2624 3093 2285
f 2719 2718 2598
f 2551 2554 2535
f 2600 2555 2535
f 2215 3094 2899
f 3000 3022 3085
f 3084 2285 3077
f 2709 2719 3027
f 3001 3000 3085
f 2709 3027 2710
f 2556 2555 2600
f 2600 2612 2556
f 2562 2556 2612
f 2868 2562 2612
f 3091 3071 2655
f 2649 2655 3071
f 2978 3095 2840
f 2156 2554 2885
f 2641 2925 3089
f 2254 3040 3085
f 2499 2482 2866
f 2170 2641 2167
f 2840 2979 2978
f 2167 2641 3089
f 2215 2742 3037
f 3037 3094 2215
f 2850 2849 3096
f 2849 3097 3096
f 2840 2499 2866
f 2402 3036 2581
f 2402 2581 3075
f 3098 2899 3023
f 3099 2899 3098
f 2655 2659 3091
f 3091 2659 3092
f 3014 2916 3042
f 2402 3075 2400
f 3030 3047 3099
f 3094 3023 2899
f 3015 3014 3100
f 2837 2844 2850
f 2251 2400 2557
f 3100 3101 3015
f 3102 3096 3097
f 2995 3023 3094
f 2254 3085 2400
f 3103 3101 2264
f 3014 2993 2264
f 3006 2992 2993
f 3019 3098 3023
f 2780 2979 2840
f 3014 2264 3100
f 3100 2264 3101
f 3101 3103 2179
f 3101 2179 2178
f 2251 2254 2400
f 2179 3103 2244
f 2285 3104 3102
f 2285 3102 2287
f 3097 2287 3102
f 3084 3104 2285
f 2596 3105 2659
f 2244 3103 2264
f 2809 2808 2837
f 2742 3017 3037
f 3055 3015 3101
f 3050 3102 3104
f 2995 3094 3037
f 3087 3055 2178
f 3101 2178 3055
f 3050 3104 3052
f 3106 2974 3092
f 3105 3107 3092
f 3050 3096 3102
f 3098 3019 3020
f 3098 3020 3099
f 2739 2167 2683
f 3075 2718 2557
f 3106 3092 3107
f 3099 3020 3030
f 2850 3096 2809
f 3096 3050 3045
f 3092 2659 3105
f 3003 2918 3048
f 3096 3045 2809
f 2978 2967 2974
f 2978 2974 3106
f 3108 3047 3030
f 3106 3107 2978
f 2899 3099 3047
f 3108 3109 3047
f 3048 3047 3109
f 2809 2837 2850
f 2595 2617 3110
f 3107 3105 3110
f 3105 3111 3110
f 2595 3110 3111
f 3040 2254 2250
f 3029 3108 3030
f 2596 2595 3111
f 2849 2807 3046
f 2596 3111 3105
f 2250 2426 3040
f 3004 3109 3029
f 3108 3029 3109
f 3107 3110 3095
f 3107 3095 2978
f 2849 3046 3049
f 2849 3049 3097
f 3004 3048 3109
f 2635 3095 2617
f 3110 2617 3095
f 2287 3097 3049
f 2287 3049 3051
f 2499 2840 2635
f 3095 2635 2840
f 2287 3051 2288
f 2723 3087 2653
f 2895 2210 2209
f 2653 3053 2723
f 2758 2723 3053
f 3104 3031 3052
f 3084 3031 3104
f 2209 2884 2895
f 2557 2718 2633
f 2210 2213 2211
f 2711 2633 2718
f 2711 2380 2633
f 3093 2624 3090
f 2633 2665 2558
f 3112 3077 3090
f 2633 3113 3114
f 3088 3077 3112
f 2825 3078 2878
f 3113 3115 2427
f 2660 3054 3090
f 2379 3115 2633
f 3090 3116 3112
f 3112 3117 3088
f 3116 3117 3112
f 2379 2427 3115
f 2878 3088 2887
f 3113 2633 3115
f 3054 2164 3116
f 2887 3088 3117
f 2379 2633 2380
f 3116 2171 3117
f 2201 2887 3117
f 3117 2171 2185
f 3114 2427 2593
f 2201 3117 2185
f 3114 3113 2427
f 3116 3090 3054
f 2666 2161 3054
f 2508 2427 2471
f 2171 3116 2164
f 2987 2986 2901
f 2936 2901 2986
f 2172 2901 2936
f 2987 2985 2984
f 2985 2998 2983
f 2997 3008 3005
f 2997 3005 2983
f 2508 2721 2427
f 2936 2986 2975
f 2936 2975 2935
f 2721 2593 2427
f 2986 2984 2989
f 2986 2989 2975
f 2989 2984 2983
f 2989 2983 3005
f 2228 2270 2160
f 2665 3114 2593
f 2228 2160 2184
f 2184 2160 2162
f 2160 2163 2161
f 3114 2665 2633
f 5157 5158 5159
f 5159 5160 5157
f 5161 5162 5163
f 5164 5161 5163
f 5165 5166 5167
f 5166 5168 5169
f 5170 5161 5171
f 5172 5173 5174
f 5172 5174 5175
f 5169 5168 5176
f 5173 5177 5174
f 5178 5179 5180
f 5181 5180 5179
f 5182 5183 5184
f 5185 5186 5187
f 5188 5187 5186
f 5187 5162 5185
f 5170 5185 5162
f 5161 5170 5162
f 5184 5189 5182
f 5176 5168 5190
f 5191 5192 5193
f 5193 5192 5194
f 5195 5196 5197
f 5198 5199 5200
f 5196 5201 5197
f 5202 5203 5204
f 5205 5206 5168
f 5190 5168 5206
f 5196 5207 5201
f 5208 5209 5210
f 5211 5210 5212
f 5209 5212 5210
f 5212 5213 5211
f 5214 5215 5216
f 5165 5204 5203
f 5168 5165 5203
f 5217 5216 5218
f 5219 5220 5221
f 5195 5207 5196
f 5222 5223 5224
f 5218 5225 5217
f 5205 5168 5220
f 5203 5220 5168
f 5226 5227 5228
f 5229 5230 5231
f 5232 5233 5208
f 5209 5208 5233
f 5234 5235 5236
f 5237 5236 5235
f 5212 5209 5233
f 5228 5227 5238
f 5228 5238 5239
f 5240 5241 5238
f 5239 5238 5241
f 5242 5239 5241
f 5231 5243 5244
f 5244 5229 5231
f 5243 5245 5244
f 5245 5200 5199
f 5213 5233 5246
f 5247 5248 5249
f 5246 5233 5248
f 5233 5249 5248
f 5250 5251 5252
f 5233 5189 5253
f 5184 5253 5189
f 5227 5226 5250
f 5226 5251 5250
f 5254 5255 5256
f 5230 5224 5223
f 5207 5195 5257
f 5258 5171 5161
f 5256 5255 5259
f 5253 5249 5233
f 5260 5231 5223
f 5184 5249 5253
f 5261 5258 5161
f 5247 5249 5262
f 5263 5264 5265
f 5266 5267 5268
f 5260 5267 5266
f 5247 5262 5269
f 5261 5161 5270
f 5269 5262 5249
f 5231 5230 5223
f 5266 5231 5260
f 5161 5271 5272
f 5265 5273 5236
f 5234 5236 5273
f 5273 5274 5234
f 5275 5204 5165
f 5276 5277 5278
f 5179 5279 5181
f 5272 5270 5161
f 5270 5280 5261
f 5281 5261 5280
f 5280 5242 5281
f 5281 5242 5241
f 5265 5198 5282
f 5283 5266 5284
f 5285 5252 5251
f 5286 5287 5276
f 5288 5265 5282
f 5284 5266 5289
f 5288 5273 5265
f 5278 5290 5291
f 5292 5291 5290
f 5293 5294 5278
f 5295 5181 5296
f 5295 5297 5181
f 5297 5298 5181
f 5180 5181 5298
f 5268 5299 5266
f 5283 5300 5266
f 5300 5301 5302
f 5291 5293 5278
f 5271 5303 5304
f 5288 5305 5273
f 5306 5307 5308
f 5308 5296 5306
f 5306 5296 5181
f 5294 5309 5276
f 5294 5276 5278
f 5310 5311 5312
f 5313 5314 5306
f 5314 5307 5306
f 5315 5198 5265
f 5276 5309 5316
f 5276 5316 5286
f 5311 5317 5312
f 5285 5312 5317
f 5317 5318 5285
f 5252 5285 5318
f 5312 5304 5310
f 5303 5310 5304
f 5271 5304 5319
f 5319 5272 5271
f 5292 5293 5291
f 5295 5296 5320
f 5201 5207 5321
f 5305 5274 5273
f 5322 5323 5324
f 5325 5200 5245
f 5325 5245 5324
f 5326 5300 5302
f 5266 5300 5326
f 5327 5200 5325
f 5328 5329 5330
f 5245 5243 5322
f 5245 5322 5324
f 5331 5298 5297
f 5332 5333 5328
f 5295 5320 5297
f 5331 5297 5320
f 5287 5286 5334
f 5306 5181 5279
f 5335 5266 5326
f 5336 5337 5338
f 5274 5338 5234
f 5277 5276 5287
f 5339 5340 5335
f 5266 5335 5340
f 5341 5342 5343
f 5313 5344 5314
f 5345 5279 5346
f 5347 5290 5277
f 5290 5278 5277
f 5320 5179 5331
f 5279 5179 5346
f 5331 5179 5348
f 5349 5337 5336
f 5337 5350 5338
f 5351 5352 5353
f 5340 5339 5354
f 5342 5339 5343
f 5178 5348 5179
f 5355 5279 5345
f 5356 5279 5355
f 5320 5346 5179
f 5357 5358 5277
f 5359 5360 5194
f 5342 5354 5339
f 5279 5356 5344
f 5279 5344 5361
f 5362 5194 5363
f 5362 5359 5194
f 5192 5363 5194
f 5307 5314 5356
f 5298 5348 5180
f 5336 5338 5364
f 5365 5340 5354
f 5178 5180 5348
f 5334 5366 5287
f 5367 5340 5365
f 5305 5368 5338
f 5320 5296 5346
f 5287 5366 5357
f 5338 5368 5364
f 5346 5296 5308
f 5346 5308 5345
f 5369 5257 5195
f 5287 5357 5277
f 5370 5340 5371
f 5367 5372 5340
f 5371 5340 5372
f 5307 5355 5308
f 5345 5308 5355
f 5373 5374 5352
f 5347 5277 5358
f 5298 5331 5348
f 5375 5376 5377
f 5305 5338 5274
f 5355 5307 5356
f 5378 5204 5379
f 5379 5204 5360
f 5349 5336 5364
f 5356 5314 5344
f 5380 5340 5370
f 5364 5375 5349
f 5381 5204 5382
f 5236 5263 5265
f 5383 5325 5315
f 5323 5315 5325
f 5325 5324 5323
f 5197 5384 5385
f 5383 5327 5325
f 5383 5264 5386
f 5383 5386 5327
f 5376 5375 5364
f 5264 5263 5387
f 5264 5387 5386
f 5388 5340 5380
f 5388 5389 5390
f 5263 5236 5237
f 5263 5237 5387
f 5385 5195 5197
f 5391 5392 5382
f 5192 5191 5363
f 5393 5363 5191
f 5394 5361 5382
f 5381 5382 5361
f 5395 5193 5396
f 5381 5361 5313
f 5391 5204 5378
f 5397 5393 5193
f 5191 5193 5393
f 5398 5340 5390
f 5159 5202 5204
f 5204 5275 5194
f 5359 5395 5396
f 5160 5306 5157
f 5388 5390 5340
f 5399 5340 5398
f 5400 5401 5402
f 5402 5403 5400
f 5160 5159 5204
f 5160 5204 5306
f 5395 5359 5397
f 5340 5399 5404
f 5391 5382 5204
f 5194 5360 5204
f 5306 5204 5381
f 5381 5313 5306
f 5405 5406 5407
f 5396 5275 5408
f 5409 5410 5411
f 5412 5410 5409
f 5413 5414 5412
f 5399 5402 5404
f 5412 5415 5416
f 5412 5416 5413
f 5392 5417 5275
f 5408 5275 5417
f 5409 5418 5415
f 5409 5415 5412
f 5401 5404 5402
f 5419 5404 5401
f 5420 5421 5350
f 5392 5275 5394
f 5416 5422 5413
f 5423 5424 5425
f 5423 5425 5411
f 5386 5387 5282
f 5198 5386 5282
f 5379 5396 5408
f 5288 5282 5237
f 5237 5282 5387
f 5425 5418 5409
f 5425 5409 5411
f 5290 5426 5427
f 5421 5428 5350
f 5417 5379 5408
f 5429 5430 5431
f 5364 5368 5420
f 5201 5432 5384
f 5426 5290 5433
f 5347 5433 5290
f 5384 5197 5201
f 5349 5375 5434
f 5391 5378 5392
f 5378 5417 5392
f 5327 5386 5198
f 5199 5244 5245
f 5200 5327 5198
f 5337 5349 5434
f 5435 5436 5437
f 5436 5438 5437
f 5439 5437 5438
f 5237 5235 5288
f 5234 5338 5350
f 5426 5433 5440
f 5207 5257 5441
f 5442 5426 5440
f 5305 5288 5235
f 5360 5396 5379
f 5421 5368 5235
f 5305 5235 5368
f 5443 5444 5445
f 5350 5446 5234
f 5442 5439 5426
f 5420 5368 5421
f 5359 5396 5360
f 5437 5442 5447
f 5397 5359 5362
f 5207 5441 5321
f 5430 5448 5329
f 5435 5437 5449
f 5450 5420 5434
f 5321 5451 5201
f 5437 5447 5449
f 5417 5378 5379
f 5452 5453 5454
f 5347 5358 5433
f 5455 5374 5217
f 5428 5456 5446
f 5362 5363 5397
f 5393 5397 5363
f 5376 5364 5450
f 5457 5454 5453
f 5440 5433 5358
f 5394 5382 5392
f 5456 5428 5458
f 5442 5437 5439
f 5337 5434 5420
f 5459 5448 5430
f 5344 5313 5361
f 5337 5420 5350
f 5275 5396 5193
f 5397 5193 5395
f 5460 5461 5462
f 5222 5376 5450
f 5446 5350 5428
f 5224 5376 5222
f 5420 5450 5364
f 5463 5464 5414
f 5429 5459 5430
f 5438 5427 5439
f 5465 5466 5435
f 5322 5467 5468
f 5439 5427 5426
f 5421 5235 5428
f 5235 5469 5428
f 5445 5444 5470
f 5471 5472 5466
f 5473 5474 5377
f 5375 5377 5475
f 5476 5201 5451
f 5461 5456 5462
f 5458 5462 5456
f 5469 5477 5428
f 5462 5478 5460
f 5299 5460 5478
f 5289 5266 5299
f 5479 5480 5438
f 5315 5265 5264
f 5468 5323 5322
f 5481 5474 5473
f 5474 5482 5377
f 5483 5484 5485
f 5423 5486 5424
f 5474 5481 5467
f 5481 5468 5467
f 5264 5383 5315
f 5451 5321 5487
f 5466 5472 5436
f 5446 5456 5470
f 5436 5472 5479
f 5485 5470 5456
f 5488 5329 5448
f 5489 5455 5225
f 5436 5479 5438
f 5485 5456 5461
f 5432 5201 5476
f 5468 5481 5229
f 5483 5461 5460
f 5427 5438 5480
f 5490 5491 5453
f 5468 5229 5244
f 5492 5448 5459
f 5299 5483 5460
f 5478 5289 5299
f 5244 5199 5323
f 5455 5217 5225
f 5461 5483 5485
f 5224 5230 5473
f 5224 5473 5377
f 5410 5493 5411
f 5493 5494 5486
f 5453 5491 5494
f 5230 5229 5481
f 5234 5444 5235
f 5323 5199 5315
f 5495 5496 5497
f 5458 5428 5477
f 5477 5469 5498
f 5451 5499 5476
f 5224 5377 5376
f 5451 5487 5499
f 5500 5499 5487
f 5497 5501 5495
f 5490 5452 5502
f 5490 5502 5503
f 5468 5244 5323
f 5504 5500 5487
f 5489 5505 5506
f 5473 5230 5481
f 5507 5508 5509
f 5510 5509 5511
f 5301 5510 5511
f 5302 5301 5511
f 5315 5199 5198
f 5476 5512 5513
f 5322 5243 5231
f 5322 5231 5467
f 5469 5514 5498
f 5453 5494 5457
f 5497 5515 5516
f 5501 5497 5516
f 5452 5490 5453
f 5517 5424 5486
f 5518 5519 5507
f 5520 5341 5521
f 5343 5521 5341
f 5522 5515 5497
f 5523 5524 5525
f 5526 5525 5524
f 5518 5507 5509
f 5500 5526 5524
f 5486 5423 5493
f 5492 5527 5528
f 5524 5529 5500
f 5423 5411 5493
f 5530 5531 5474
f 5482 5474 5531
f 5474 5532 5530
f 5507 5498 5508
f 5533 5534 5525
f 5484 5478 5462
f 5484 5462 5535
f 5536 5537 5538
f 5434 5375 5475
f 5475 5377 5482
f 5492 5459 5527
f 5535 5462 5458
f 5489 5539 5455
f 5540 5164 5541
f 5410 5412 5414
f 5523 5534 5538
f 5542 5455 5539
f 5493 5543 5457
f 5511 5509 5508
f 5474 5467 5231
f 5512 5476 5499
f 5267 5260 5531
f 5410 5464 5493
f 5482 5260 5223
f 5493 5464 5543
f 5544 5489 5506
f 5223 5222 5475
f 5508 5498 5514
f 5482 5223 5475
f 5545 5546 5547
f 5544 5506 5548
f 5524 5523 5529
f 5549 5529 5523
f 5493 5457 5494
f 5550 5514 5469
f 5509 5510 5551
f 5483 5299 5530
f 5552 5463 5414
f 5301 5551 5510
f 5553 5554 5550
f 5469 5553 5550
f 5521 5555 5520
f 5529 5499 5500
f 5530 5299 5268
f 5268 5267 5531
f 5556 5547 5557
f 5537 5558 5549
f 5529 5549 5558
f 5464 5410 5414
f 5556 5557 5559
f 5549 5538 5537
f 5475 5222 5450
f 5547 5556 5560
f 5470 5485 5535
f 5535 5485 5484
f 5558 5512 5499
f 5558 5499 5529
f 5445 5470 5535
f 5545 5560 5561
f 5562 5563 5564
f 5565 5371 5372
f 5531 5260 5482
f 5558 5537 5566
f 5545 5561 5567
f 5568 5569 5570
f 5530 5268 5531
f 5539 5489 5544
f 5446 5470 5444
f 5558 5566 5571
f 5558 5571 5512
f 5480 5559 5557
f 5475 5450 5434
f 5572 5505 5489
f 5519 5444 5443
f 5547 5560 5545
f 5555 5550 5554
f 5520 5555 5554
f 5542 5374 5455
f 5573 5574 5575
f 5458 5477 5445
f 5538 5549 5523
f 5574 5414 5576
f 5498 5507 5519
f 5469 5577 5578
f 5578 5553 5469
f 5427 5480 5557
f 5523 5525 5534
f 5532 5474 5581
f 5582 5583 5584
f 5577 5469 5583
f 5584 5565 5582
f 5372 5582 5565
f 5564 5585 5562
f 5579 5586 5580
f 5484 5483 5532
f 5483 5530 5532
f 5587 5588 5570
f 5585 5589 5562
f 5535 5458 5445
f 5568 5570 5588
f 5443 5445 5477
f 5353 5352 5580
f 5590 5591 5592
f 5590 5593 5591
f 5474 5591 5593
f 5593 5581 5474
f 5592 5591 5594
f 5519 5477 5498
f 5545 5595 5596
f 5546 5545 5596
f 5597 5547 5546
f 5290 5557 5597
f 5541 5290 5597
f 5564 5563 5598
f 5599 5231 5266
f 5574 5552 5414
f 5600 5601 5602
f 5599 5591 5231
f 5474 5231 5591
f 5389 5604 5390
f 5597 5546 5540
f 5605 5540 5546
f 5573 5568 5606
f 5477 5519 5443
f 5608 5604 5609
f 5597 5540 5541
f 5610 5254 5611
f 5592 5551 5301
f 5568 5588 5612
f 5613 5607 5614
f 5584 5469 5615
f 5592 5301 5300
f 5568 5612 5606
f 5525 5526 5616
f 5551 5592 5594
f 5300 5593 5590
f 5605 5546 5596
f 5605 5596 5617
f 5552 5574 5606
f 5573 5606 5574
f 5518 5444 5519
f 5618 5469 5619
f 5300 5283 5593
f 5620 5610 5611
f 5427 5557 5290
f 5547 5597 5557
f 5389 5609 5604
f 5600 5621 5622
f 5616 5526 5621
f 5622 5621 5623
f 5624 5625 5626
f 5283 5581 5593
f 5544 5627 5628
f 5589 5256 5562
f 5629 5630 5631
f 5551 5624 5626
f 5283 5284 5581
f 5618 5615 5469
f 5623 5621 5526
f 5532 5581 5289
f 5611 5256 5589
f 5289 5581 5284
f 5254 5256 5611
f 5518 5626 5625
f 5632 5518 5625
f 5518 5632 5444
f 5633 5444 5634
f 5484 5532 5478
f 5289 5478 5532
f 5585 5611 5589
f 5585 5564 5611
f 5469 5635 5619
f 5609 5636 5608
f 5619 5635 5636
f 5608 5636 5635
f 5592 5300 5590
f 5600 5602 5621
f 5584 5583 5469
f 5163 5162 5637
f 5562 5638 5563
f 5621 5602 5533
f 5621 5533 5616
f 5525 5616 5533
f 5511 5625 5624
f 5374 5628 5352
f 5635 5469 5639
f 5640 5622 5623
f 5266 5340 5599
f 5541 5164 5163
f 5500 5640 5526
f 5623 5526 5640
f 5352 5628 5580
f 5641 5579 5628
f 5500 5504 5640
f 5187 5188 5642
f 5369 5579 5641
f 5579 5580 5628
f 5171 5643 5644
f 5639 5469 5645
f 5646 5645 5469
f 5647 5369 5641
f 5648 5645 5646
f 5374 5542 5628
f 5626 5518 5509
f 5611 5649 5620
f 5630 5629 5290
f 5648 5650 5651
f 5403 5651 5652
f 5652 5651 5650
f 5652 5400 5403
f 5539 5544 5628
f 5551 5626 5509
f 5627 5544 5548
f 5628 5542 5539
f 5631 5653 5629
f 5170 5171 5644
f 5611 5564 5649
f 5234 5446 5444
f 5598 5649 5564
f 5654 5650 5648
f 5326 5655 5335
f 5648 5646 5654
f 5627 5548 5656
f 5657 5186 5185
f 5183 5182 5658
f 5620 5429 5610
f 5302 5594 5326
f 5655 5326 5594
f 5175 5659 5646
f 5660 5654 5646
f 5341 5520 5661
f 5627 5656 5662
f 5646 5663 5664
f 5665 5629 5653
f 5424 5543 5425
f 5425 5543 5418
f 5666 5667 5290
f 5637 5667 5666
f 5668 5669 5637
f 5598 5563 5670
f 5653 5671 5665
f 5541 5666 5290
f 5672 5655 5591
f 5673 5674 5675
f 5676 5677 5628
f 5678 5679 5188
f 5680 5681 5452
f 5454 5680 5452
f 5625 5511 5508
f 5627 5676 5628
f 5503 5502 5682
f 5683 5684 5685
f 5668 5637 5162
f 5587 5682 5686
f 5659 5687 5688
f 5555 5521 5689
f 5668 5162 5187
f 5690 5627 5647
f 5655 5594 5591
f 5641 5677 5647
f 5541 5163 5666
f 5691 5672 5591
f 5599 5692 5591
f 5693 5694 5695
f 5666 5163 5637
f 5668 5187 5642
f 5517 5696 5457
f 5457 5543 5517
f 5696 5680 5457
f 5454 5457 5680
f 5655 5672 5335
f 5634 5514 5633
f 5633 5514 5550
f 5697 5550 5555
f 5698 5290 5644
f 5699 5700 5693
f 5701 5659 5688
f 5555 5689 5697
f 5527 5695 5694
f 5702 5422 5552
f 5418 5464 5415
f 5624 5551 5594
f 5527 5694 5700
f 5527 5700 5528
f 5669 5667 5637
f 5667 5644 5290
f 5669 5668 5657
f 5703 5704 5503
f 5705 5491 5704
f 5706 5707 5705
f 5490 5704 5491
f 5691 5335 5672
f 5606 5708 5552
f 5459 5429 5527
f 5709 5710 5711
f 5335 5691 5339
f 5712 5713 5705
f 5634 5444 5632
f 5464 5418 5543
f 5517 5543 5424
f 5463 5415 5464
f 5714 5715 5716
f 5681 5712 5704
f 5716 5195 5385
f 5511 5624 5302
f 5706 5705 5713
f 5195 5716 5369
f 5706 5717 5718
f 5508 5514 5632
f 5713 5719 5706
f 5706 5719 5717
f 5667 5185 5170
f 5594 5302 5624
f 5667 5669 5185
f 5339 5691 5720
f 5644 5667 5170
f 5704 5703 5681
f 5632 5625 5508
f 5720 5343 5339
f 5719 5404 5717
f 5404 5721 5717
f 5704 5712 5705
f 5695 5527 5722
f 5632 5514 5634
f 5212 5233 5213
f 5712 5404 5713
f 5719 5713 5404
f 5723 5724 5714
f 5716 5723 5714
f 5279 5275 5232
f 5722 5429 5620
f 5275 5279 5361
f 5657 5185 5669
f 5490 5503 5704
f 5587 5703 5503
f 5232 5725 5279
f 5697 5633 5550
f 5681 5680 5712
f 5404 5712 5680
f 5722 5598 5726
f 5727 5728 5729
f 5691 5591 5730
f 5722 5649 5598
f 5620 5649 5722
f 5731 5732 5733
f 5734 5735 5736
f 5737 5257 5738
f 5661 5739 5689
f 5697 5739 5633
f 5740 5203 5741
f 5741 5203 5734
f 5728 5727 5688
f 5587 5570 5673
f 5703 5587 5673
f 5742 5673 5570
f 5569 5742 5570
f 5737 5441 5257
f 5675 5682 5681
f 5682 5675 5686
f 5674 5686 5675
f 5502 5681 5682
f 5726 5743 5722
f 5688 5687 5744
f 5221 5203 5740
f 5720 5745 5746
f 5689 5746 5661
f 5661 5746 5745
f 5697 5689 5739
f 5703 5673 5675
f 5203 5221 5220
f 5747 5220 5219
f 5452 5681 5502
f 5729 5663 5701
f 5729 5701 5727
f 5703 5675 5681
f 5744 5687 5748
f 5744 5748 5749
f 5750 5579 5369
f 5512 5571 5513
f 5429 5722 5527
f 5513 5571 5726
f 5745 5341 5661
f 5588 5686 5674
f 5588 5751 5612
f 5733 5708 5751
f 5674 5751 5588
f 5749 5748 5752
f 5699 5693 5753
f 5699 5753 5684
f 5754 5755 5492
f 5756 5492 5755
f 5742 5569 5751
f 5688 5727 5701
f 5757 5367 5365
f 5742 5751 5673
f 5699 5684 5683
f 5219 5758 5747
f 5750 5759 5579
f 5415 5463 5416
f 5612 5751 5708
f 5732 5708 5733
f 5606 5612 5708
f 5708 5702 5552
f 5463 5552 5422
f 5416 5463 5422
f 5740 5760 5221
f 5695 5743 5753
f 5695 5753 5693
f 5746 5521 5343
f 5751 5674 5673
f 5694 5693 5700
f 5221 5760 5219
f 5662 5257 5647
f 5728 5761 5729
f 5720 5746 5343
f 5731 5762 5732
f 5721 5756 5755
f 5503 5682 5587
f 5369 5647 5257
f 5728 5763 5761
f 5745 5720 5764
f 5588 5587 5686
f 5743 5726 5571
f 5695 5722 5743
f 5765 5735 5766
f 5736 5735 5765
f 5767 5766 5735
f 5764 5720 5730
f 5755 5717 5721
f 5579 5603 5723
f 5566 5537 5684
f 5566 5684 5753
f 5710 5768 5631
f 5763 5631 5768
f 5768 5761 5763
f 5521 5746 5689
f 5404 5419 5721
f 5732 5492 5528
f 5768 5709 5769
f 5720 5691 5730
f 5571 5566 5753
f 5571 5753 5743
f 5761 5769 5663
f 5766 5770 5765
f 5536 5685 5537
f 5684 5537 5685
f 5575 5495 5771
f 5730 5591 5692
f 5757 5692 5599
f 5762 5754 5732
f 5732 5754 5492
f 5761 5663 5729
f 5354 5342 5730
f 5764 5730 5342
f 5772 5732 5683
f 5528 5699 5683
f 5768 5769 5761
f 5275 5193 5194
f 5767 5735 5773
f 5495 5501 5771
f 5774 5775 5501
f 5764 5341 5745
f 5700 5699 5528
f 5710 5776 5711
f 5777 5778 5656
f 5735 5734 5203
f 5232 5275 5233
f 5536 5779 5685
f 5755 5754 5780
f 5662 5656 5778
f 5361 5394 5275
f 5764 5342 5341
f 5718 5717 5780
f 5354 5730 5692
f 5354 5692 5365
f 5685 5772 5683
f 5709 5768 5710
f 5647 5627 5662
f 5757 5365 5692
f 5781 5782 5783
f 5775 5762 5731
f 5775 5731 5733
f 5777 5656 5548
f 5784 5732 5772
f 5771 5751 5569
f 5777 5505 5785
f 5528 5683 5732
f 5786 5772 5685
f 5685 5779 5786
f 5787 5788 5583
f 5577 5583 5788
f 5771 5775 5733
f 5777 5506 5505
f 5771 5733 5751
f 5789 5790 5791
f 5790 5792 5791
f 5793 5794 5789
f 5790 5789 5794
f 5795 5792 5790
f 5548 5506 5777
f 5515 5796 5516
f 5783 5516 5797
f 5599 5798 5757
f 5774 5754 5762
f 5774 5762 5775
f 5710 5631 5799
f 5739 5661 5554
f 5661 5520 5554
f 5800 5801 5802
f 5803 5757 5798
f 5739 5554 5553
f 5804 5732 5805
f 5749 5752 5806
f 5569 5568 5575
f 5775 5771 5501
f 5771 5569 5575
f 5568 5573 5575
f 5807 5575 5574
f 5576 5807 5574
f 5413 5576 5414
f 5578 5577 5788
f 5808 5806 5809
f 5732 5495 5708
f 5708 5495 5575
f 5752 5810 5806
f 5811 5778 5785
f 5812 5805 5813
f 5813 5814 5812
f 5422 5576 5413
f 5806 5810 5809
f 5807 5702 5708
f 5807 5708 5575
f 5809 5815 5808
f 5816 5808 5815
f 5422 5702 5807
f 5422 5807 5576
f 5777 5785 5778
f 5281 5791 5792
f 5784 5813 5732
f 5813 5805 5732
f 5801 5372 5803
f 5799 5816 5815
f 5799 5815 5817
f 5497 5496 5522
f 5791 5281 5241
f 5781 5783 5797
f 5818 5783 5782
f 5819 5732 5804
f 5791 5241 5789
f 5799 5817 5776
f 5803 5372 5367
f 5797 5820 5781
f 5789 5241 5240
f 5821 5444 5739
f 5803 5367 5757
f 5710 5799 5776
f 5790 5794 5228
f 5820 5797 5796
f 5790 5228 5239
f 5822 5823 5599
f 5824 5444 5821
f 5444 5633 5739
f 5448 5492 5756
f 5721 5448 5756
f 5819 5825 5826
f 5827 5826 5828
f 5790 5239 5242
f 5790 5242 5795
f 5829 5830 5831
f 5831 5830 5832
f 5833 5834 5835
f 5553 5821 5739
f 5825 5819 5804
f 5821 5553 5578
f 5821 5578 5824
f 5599 5823 5798
f 5802 5803 5798
f 5835 5836 5837
f 5793 5837 5836
f 5793 5836 5838
f 5793 5838 5794
f 5832 5830 5839
f 5496 5840 5522
f 5826 5841 5819
f 5824 5578 5788
f 5842 5839 5843
f 5662 5778 5844
f 5330 5329 5488
f 5772 5786 5831
f 5836 5251 5226
f 5838 5836 5226
f 5488 5448 5721
f 5803 5802 5801
f 5772 5831 5832
f 5845 5811 5785
f 5226 5228 5794
f 5824 5788 5444
f 5846 5847 5787
f 5831 5786 5829
f 5330 5488 5721
f 5778 5811 5844
f 5829 5786 5779
f 5848 5846 5787
f 5444 5788 5847
f 5843 5839 5522
f 5380 5370 5823
f 5833 5835 5252
f 5833 5252 5318
f 5849 5842 5843
f 5370 5802 5798
f 5838 5226 5794
f 5801 5800 5848
f 5846 5848 5800
f 5501 5850 5774
f 5227 5250 5837
f 5227 5837 5793
f 5370 5371 5802
f 5565 5800 5802
f 5851 5819 5852
f 5471 5852 5853
f 5854 5855 5849
f 5856 5857 5389
f 5250 5252 5835
f 5250 5835 5837
f 5844 5738 5662
f 5802 5371 5565
f 5643 5698 5644
f 5565 5584 5846
f 5706 5718 5707
f 5850 5707 5718
f 5718 5780 5850
f 5780 5774 5850
f 5823 5370 5798
f 5840 5843 5522
f 5662 5738 5257
f 5800 5565 5846
f 5858 5859 5860
f 5822 5856 5389
f 5822 5389 5388
f 5861 5853 5819
f 5853 5852 5819
f 5841 5861 5819
f 5822 5388 5380
f 5822 5380 5823
f 5828 5826 5825
f 5774 5780 5754
f 5839 5842 5813
f 5862 5863 5864
f 5865 5864 5863
f 5866 5867 5863
f 5867 5868 5863
f 5868 5869 5863
f 5865 5863 5869
f 5839 5813 5784
f 5717 5755 5780
f 5583 5848 5787
f 5866 5870 5867
f 5783 5850 5516
f 5501 5516 5850
f 5849 5843 5805
f 5868 5867 5870
f 5737 5871 5321
f 5849 5805 5812
f 5707 5850 5818
f 5783 5818 5850
f 5872 5873 5819
f 5874 5872 5819
f 5851 5874 5819
f 5372 5801 5848
f 5848 5583 5582
f 5818 5875 5707
f 5849 5812 5854
f 5858 5792 5795
f 5848 5582 5372
f 5737 5321 5441
f 5839 5772 5832
f 5784 5772 5839
f 5788 5787 5847
f 5864 5208 5862
f 5419 5330 5721
f 5844 5871 5738
f 5859 5876 5643
f 5698 5643 5876
f 5643 5860 5859
f 5792 5858 5860
f 5732 5819 5495
f 5877 5819 5873
f 5844 5811 5871
f 5877 5878 5819
f 5738 5871 5737
f 5486 5494 5879
f 5879 5494 5491
f 5880 5174 5177
f 5635 5881 5608
f 5186 5882 5188
f 5883 5884 5522
f 5830 5883 5522
f 5515 5522 5884
f 5486 5879 5517
f 5696 5517 5879
f 5604 5885 5390
f 5879 5491 5680
f 5879 5680 5696
f 5871 5487 5321
f 5884 5883 5886
f 5886 5887 5884
f 5887 5796 5515
f 5797 5516 5796
f 5678 5188 5882
f 5214 5888 5889
f 5161 5890 5290
f 5891 5818 5782
f 5892 5886 5883
f 5214 5216 5888
f 5884 5887 5515
f 5882 5893 5678
f 5892 5206 5886
f 5894 5895 5891
f 5886 5896 5887
f 5871 5811 5845
f 5896 5796 5887
f 5609 5389 5857
f 5206 5205 5897
f 5888 5374 5373
f 5340 5404 5599
f 5643 5171 5258
f 5258 5860 5643
f 5217 5374 5888
f 5238 5893 5898
f 5238 5898 5240
f 5619 5899 5618
f 5860 5258 5261
f 5206 5897 5886
f 5888 5373 5614
f 5878 5678 5238
f 5678 5893 5238
f 5897 5205 5896
f 5900 5328 5901
f 5281 5860 5261
f 5238 5819 5878
f 5792 5860 5281
f 5619 5636 5899
f 5886 5897 5896
f 5580 5607 5353
f 5725 5820 5205
f 5205 5902 5896
f 5664 5660 5646
f 5352 5351 5903
f 5205 5904 5725
f 5900 5905 5328
f 5876 5859 5270
f 5613 5614 5373
f 5902 5796 5896
f 5876 5270 5272
f 5847 5615 5618
f 5906 5177 5907
f 5908 5613 5373
f 5905 5900 5889
f 5909 5856 5885
f 5538 5534 5910
f 5725 5781 5820
f 5536 5538 5779
f 5911 5599 5912
f 5534 5890 5910
f 5913 5613 5908
f 5795 5242 5280
f 5795 5280 5858
f 5216 5217 5888
f 5914 5782 5725
f 5902 5205 5820
f 5858 5280 5270
f 5858 5270 5859
f 5534 5533 5890
f 5911 5885 5822
f 5796 5902 5820
f 5290 5698 5271
f 5744 5749 5172
f 5915 5916 5172
f 5173 5172 5916
f 5915 5172 5749
f 5916 5907 5173
f 5177 5173 5907
f 5271 5161 5290
f 5901 5215 5900
f 5917 5918 5916
f 5912 5599 5919
f 5920 5919 5921
f 5919 5599 5921
f 5822 5599 5911
f 5533 5602 5890
f 5922 5444 5847
f 5285 5251 5836
f 5923 5924 5904
f 5306 5725 5904
f 5918 5925 5907
f 5906 5907 5925
f 5399 5911 5912
f 5927 5881 5928
f 5929 5930 5922
f 5205 5220 5904
f 5659 5175 5687
f 5885 5911 5398
f 5584 5615 5847
f 5580 5614 5607
f 5601 5664 5769
f 5885 5398 5390
f 5920 5931 5402
f 5834 5312 5285
f 5663 5769 5664
f 5496 5932 5933
f 5932 5934 5933
f 5935 5901 5936
f 5919 5920 5402
f 5846 5584 5847
f 5687 5175 5748
f 5919 5402 5912
f 5286 5937 5334
f 5937 5933 5934
f 5399 5398 5911
f 5934 5334 5937
f 5938 5917 5916
f 5618 5899 5929
f 5333 5936 5901
f 5907 5916 5918
f 5933 5840 5496
f 5847 5618 5922
f 5174 5917 5175
f 5659 5701 5646
f 5701 5663 5646
f 5939 5888 5614
f 5940 5880 5941
f 5922 5618 5929
f 5271 5698 5303
f 5942 5303 5698
f 5935 5215 5901
f 5830 5522 5839
f 5402 5399 5912
f 5899 5636 5928
f 5602 5601 5709
f 5709 5711 5602
f 5769 5709 5601
f 5938 5916 5915
f 5310 5303 5942
f 5819 5496 5495
f 5913 5908 5903
f 5889 5943 5905
f 5804 5805 5843
f 5352 5903 5373
f 5908 5373 5903
f 5943 5944 5905
f 5177 5941 5880
f 5945 5946 5947
f 5286 5316 5937
f 5937 5316 5828
f 5933 5937 5828
f 5933 5828 5825
f 5939 5943 5888
f 5822 5885 5856
f 5748 5948 5752
f 5707 5949 5950
f 5599 5950 5949
f 5876 5951 5698
f 5810 5952 5809
f 5815 5809 5953
f 5599 5949 5954
f 5947 5942 5945
f 5334 5827 5366
f 5944 5955 5956
f 5817 5815 5953
f 5836 5835 5834
f 5957 5806 5958
f 5915 5749 5957
f 5806 5957 5749
f 5840 5933 5825
f 5840 5825 5804
f 5934 5932 5826
f 5817 5890 5776
f 5602 5711 5890
f 5491 5705 5950
f 5707 5950 5705
f 5934 5826 5827
f 5909 5927 5857
f 5857 5856 5909
f 5928 5857 5927
f 5899 5928 5881
f 5881 5959 5899
f 5808 5958 5806
f 5960 5947 5946
f 5961 5960 5946
f 5946 5834 5961
f 5833 5961 5834
f 5827 5334 5934
f 5776 5890 5711
f 5950 5599 5404
f 5304 5945 5951
f 5404 5680 5491
f 5304 5951 5319
f 5950 5404 5491
f 5215 5935 5218
f 5939 5955 5944
f 5962 5808 5963
f 5958 5808 5962
f 5816 5963 5808
f 5909 5885 5604
f 5946 5304 5312
f 5935 5964 5965
f 5400 5652 5966
f 5840 5804 5843
f 5967 5330 5419
f 5935 5225 5218
f 5312 5834 5946
f 5909 5604 5927
f 5968 5948 5958
f 5957 5938 5915
f 5927 5604 5608
f 5876 5272 5951
f 5958 5948 5957
f 5935 5965 5225
f 5969 5925 5940
f 5939 5944 5943
f 5881 5927 5608
f 5951 5272 5319
f 5401 5400 5970
f 5944 5329 5328
f 5957 5948 5938
f 5836 5834 5285
f 5962 5971 5952
f 5752 5948 5968
f 5328 5905 5944
f 5952 5968 5958
f 5304 5946 5945
f 5889 5888 5943
f 5972 5973 5974
f 5609 5857 5636
f 5962 5952 5958
f 5748 5938 5948
f 5901 5328 5333
f 5332 5328 5330
f 5317 5961 5318
f 5833 5318 5961
f 5975 5329 5944
f 5961 5317 5311
f 5961 5311 5960
f 5967 5976 5977
f 5967 5977 5978
f 5974 5979 5972
f 5969 5940 5980
f 5960 5311 5947
f 5310 5947 5311
f 5330 5978 5977
f 5330 5977 5332
f 5981 5465 5496
f 5636 5857 5928
f 5982 5971 5962
f 5972 5572 5973
f 5983 5984 5972
f 5965 5973 5572
f 5951 5945 5698
f 5942 5698 5945
f 5254 5431 5255
f 5918 5880 5925
f 5174 5880 5918
f 5917 5174 5918
f 5225 5965 5572
f 5444 5922 5930
f 5966 5985 5970
f 5977 5976 5986
f 5970 5986 5976
f 5987 5981 5496
f 5235 5444 5930
f 5977 5986 5333
f 5977 5333 5332
f 5988 5989 5990
f 5989 5991 5992
f 5993 5496 5465
f 5465 5981 5466
f 5436 5435 5466
f 5235 5930 5469
f 5940 5925 5880
f 5938 5175 5917
f 5748 5175 5938
f 5947 5310 5942
f 5489 5225 5572
f 5980 5994 5969
f 5995 5969 5994
f 5986 5970 5985
f 5975 5944 5956
f 5932 5496 5993
f 5984 5505 5572
f 5863 5862 5210
f 5863 5210 5211
f 5863 5211 5996
f 5997 5269 5998
f 5986 5985 5936
f 5986 5936 5333
f 5306 5904 5924
f 5157 5306 5924
f 5449 5853 5465
f 5862 5208 5210
f 5984 5785 5505
f 5999 5924 6000
f 5465 5853 5861
f 6001 6002 6003
f 6004 6001 6003
f 6002 5988 6003
f 5202 5158 5999
f 5993 5465 5861
f 6005 6006 5975
f 5968 5810 5752
f 5953 5809 5952
f 5211 5213 5996
f 5435 5449 5465
f 5967 5978 5330
f 6004 5982 6007
f 5572 5972 5984
f 5971 5953 5952
f 5863 5996 5246
f 5213 5246 5996
f 6008 6009 5923
f 5981 5987 5852
f 5994 6010 5995
f 5246 5248 6011
f 5246 6011 5863
f 6012 6013 6014
f 5992 5925 5969
f 5997 6011 5247
f 5248 5247 6011
f 5976 5967 5401
f 5987 5851 5852
f 6013 6015 6014
f 6016 6014 6017
f 5906 5925 5992
f 5247 5269 5997
f 5419 5401 5967
f 5466 5981 5852
f 5971 6016 5953
f 5968 5952 5810
f 5992 5969 5995
f 6018 5921 6019
f 5852 5471 5466
f 5956 6005 5975
f 6019 6020 6018
f 5999 6000 6021
f 6022 5999 6021
f 5990 5992 5995
f 5993 5826 5932
f 6015 6017 6014
f 5953 6016 6017
f 5890 5817 5953
f 5351 5353 5607
f 5990 5995 6012
f 6000 5924 6023
f 6024 6023 5924
f 5976 5401 5970
f 5993 5861 5841
f 5924 5923 6025
f 6025 6024 5924
f 6025 5923 6026
f 6004 6003 6014
f 5841 5826 5993
f 5920 5921 5931
f 6027 5956 5955
f 6028 6000 6023
f 6012 6014 6003
f 5921 5599 5954
f 5959 5930 5899
f 5910 6029 5538
f 5779 5538 6029
f 6028 6023 6024
f 6004 6014 6016
f 6020 5930 6030
f 6031 5926 5406
f 5913 6032 5926
f 5954 6033 5921
f 6027 6005 5956
f 6034 6035 6026
f 6003 5990 6012
f 6036 5910 5890
f 6037 6038 6039
f 5987 5496 6039
f 6037 6039 5496
f 6040 5930 5959
f 5610 5429 5431
f 5407 5603 6041
f 6041 5603 5926
f 6042 6022 6021
f 5982 6004 6016
f 5863 5998 5866
f 6043 6020 6030
f 6044 6020 6043
f 6045 5431 6046
f 6000 6042 6021
f 5982 6016 5971
f 6047 5998 6019
f 6047 6033 5998
f 5863 6011 5998
f 6041 5926 6031
f 6044 5931 6018
f 6018 5931 5921
f 6018 6020 6044
f 6048 5596 5595
f 5595 6038 6048
f 6049 6048 6038
f 6038 6037 6049
f 5254 5610 5431
f 6026 6035 6025
f 5227 5496 5238
f 5819 5238 5496
f 6050 6051 5814
f 5913 5903 5926
f 5351 5926 5903
f 6046 5431 6006
f 5496 5227 6037
f 5639 5881 5635
f 5959 5881 5639
f 6052 6053 5923
f 5812 5814 6051
f 6001 6004 6007
f 6007 5982 5963
f 5982 5962 5963
f 5816 5799 5963
f 5630 5963 5799
f 5630 5799 5631
f 5351 5607 5926
f 5403 5402 5931
f 6054 6051 6050
f 5874 5851 5987
f 5874 5987 6039
f 5630 5890 5963
f 5953 5963 5890
f 5949 5707 5875
f 5613 5913 5926
f 6034 5923 6009
f 6026 5923 6034
f 5959 5639 5645
f 5959 5645 6040
f 5567 5872 6038
f 5953 6017 6007
f 5953 6007 5963
f 5949 5875 5954
f 6033 5954 5875
f 6040 5645 6030
f 6017 6015 6001
f 6017 6001 6007
f 6038 5595 5567
f 6050 6055 6054
f 5890 6056 6057
f 6036 5890 6057
f 6055 6057 6056
f 6054 6055 6056
f 6030 5651 6043
f 6015 6013 6002
f 6015 6002 6001
f 6038 5872 5874
f 6038 5874 6039
f 5648 5651 6030
f 5613 5926 5607
f 6053 6009 6008
f 5818 5891 5875
f 5895 5875 5891
f 5567 5595 5545
f 5763 6058 5631
f 5653 5631 6058
f 5645 5648 6030
f 5875 5895 6033
f 5895 5998 6033
f 5924 5999 5157
f 6044 6043 5651
f 6013 6012 6010
f 6012 5995 6010
f 5406 5926 5603
f 6044 5651 5403
f 6044 5403 5931
f 6047 5921 6033
f 5653 6058 5167
f 5653 5167 5671
f 6059 5665 5671
f 5735 5203 5202
f 6049 5877 5873
f 5406 5603 5407
f 5999 5760 5202
f 6058 5658 5167
f 5182 5167 5658
f 6048 6049 5873
f 5294 5293 5358
f 5182 5189 5167
f 5431 5975 6006
f 5596 6048 5617
f 5929 5899 5930
f 6040 6030 5930
f 6060 5930 6020
f 5167 5166 5671
f 5431 5430 5975
f 5617 6048 5873
f 5169 6059 5166
f 6061 5770 6062
f 5646 5469 5930
f 6063 5877 6049
f 6061 6062 6064
f 5779 6029 6065
f 5894 5232 6066
f 6066 5232 5870
f 5870 5232 6067
f 6068 6066 5870
f 5970 5400 5966
f 6065 6029 5910
f 5366 5827 5316
f 5866 6068 5870
f 6069 6037 5679
f 5642 5657 5668
f 5650 5654 6070
f 5999 6022 5758
f 5999 5758 5760
f 6071 5202 5760
f 5316 5309 5366
f 5828 5316 5827
f 5913 5926 5603
f 5868 5870 6067
f 5430 5329 5975
f 5736 5770 6061
f 5650 5966 5652
f 6070 5966 5650
f 5357 5366 5309
f 5309 5294 5357
f 5358 5357 5294
f 5734 5736 6061
f 5734 6061 6064
f 6072 5232 6073
f 6067 5232 6072
f 5657 5642 6074
f 6064 6075 5734
f 5741 5734 6075
f 6067 6072 5869
f 6067 5869 5868
f 5890 5293 6056
f 5979 5974 6076
f 6077 6078 5974
f 6070 6078 6077
f 6076 5974 6078
f 6037 5789 6079
f 6080 5586 5579
f 5614 5580 5586
f 6070 5654 6078
f 5440 5358 5890
f 6075 6071 5741
f 5740 5741 6071
f 6072 6073 5865
f 6072 5865 5869
f 6076 6078 5654
f 6074 6037 6079
f 5642 5679 6074
f 6037 6074 5679
f 6063 6037 6069
f 5603 6032 5913
f 6022 5747 5758
f 6080 5579 5723
f 5208 6081 5232
f 6073 5232 6081
f 5559 5480 5890
f 6037 5793 5789
f 6037 6063 6049
f 6082 6083 6065
f 5760 5740 6071
f 5913 5690 6032
f 6032 5603 5926
f 5864 5865 6081
f 6073 6081 5865
f 5973 6077 5974
f 5830 5829 6083
f 6083 5829 6084
f 5758 5219 5760
f 5690 5677 6032
f 5793 6037 5227
f 6085 6082 6065
f 6081 5208 5864
f 6070 6077 6086
f 6070 6086 5966
f 5642 5188 5679
f 6084 6065 6083
f 5866 5998 6068
f 5679 5678 6069
f 5479 5472 5447
f 5449 5447 5472
f 5973 5964 6086
f 5973 6086 6077
f 5773 6062 6087
f 6075 6064 5202
f 5770 6087 6062
f 5690 5913 6088
f 6089 6082 6085
f 5232 5914 5725
f 5562 5405 6080
f 5767 5773 5766
f 6087 5766 5773
f 5781 5725 5782
f 5877 6063 6069
f 5914 5232 5894
f 6087 5770 5766
f 5973 5965 5964
f 5936 5964 5935
f 5853 5449 5471
f 6069 5678 5878
f 5677 5676 6032
f 5913 6032 5676
f 5894 5891 5782
f 5894 5782 5914
f 5829 5779 6084
f 5736 5765 5770
f 5472 5471 5449
f 6027 5955 6090
f 5641 5628 5677
f 5202 6062 5735
f 6084 5779 6065
f 5895 5894 6066
f 5936 5985 6086
f 5936 6086 5964
f 5773 5735 6062
f 5627 5690 6088
f 6065 5910 6085
f 5939 5586 6090
f 5447 5442 5479
f 6091 6066 6068
f 6071 6075 5202
f 5202 6064 6062
f 6086 5985 5966
f 6074 5893 5882
f 5158 5202 5159
f 5998 6091 6068
f 6085 5910 6036
f 6085 6036 6089
f 5480 5479 5442
f 5157 5999 5158
f 6074 5882 5186
f 5998 5895 6091
f 6066 6091 5895
f 5955 5939 6090
f 5690 5647 5677
f 5358 5293 5890
f 6074 5186 5657
f 5306 5279 5725
f 6088 5913 5676
f 6069 5878 5877
f 5560 5556 5540
f 5183 5658 6092
f 6083 6082 6093
f 5627 6088 5676
f 6079 5789 5893
f 5161 5164 5559
f 5164 5540 5559
f 6093 5883 6083
f 6090 6046 6006
f 5789 5240 5898
f 5442 5440 5480
f 5369 5716 5715
f 6060 6092 5930
f 5898 5893 5789
f 5872 5567 5873
f 6090 6045 6046
f 5890 5630 5290
f 5930 6092 6094
f 5728 6094 6092
f 5603 6032 5724
f 6074 6079 5893
f 5440 5890 5480
f 5369 5715 5759
f 5369 5759 5750
f 5614 5586 5939
f 5665 6095 5629
f 6031 6090 6041
f 5586 6041 6090
f 5979 6076 6096
f 5979 6096 6097
f 5923 5904 6052
f 5715 6032 5759
f 5603 5759 6032
f 6098 6095 6082
f 6031 5406 6090
f 5603 5579 5759
f 5728 5688 6094
f 5172 6094 5688
f 5405 6090 5406
f 6098 6082 5290
f 5629 6098 5290
f 5724 5723 5603
f 5556 5559 5540
f 5605 5560 5540
f 5220 6099 5904
f 6005 6027 6090
f 6089 5290 6082
f 5714 5724 6032
f 6006 6005 6090
f 5714 6032 5715
f 5561 5560 5605
f 5605 5617 5561
f 5567 5561 5617
f 5873 5567 5617
f 6096 6076 5660
f 5654 5660 6076
f 5983 6100 5845
f 5161 5559 5890
f 5646 5930 6094
f 5259 6045 6090
f 5504 5487 5871
f 5175 5646 5172
f 5845 5984 5983
f 5172 5646 6094
f 5220 5747 6042
f 6042 6099 5220
f 5855 5854 6101
f 5854 6102 6101
f 5845 5504 5871
f 5407 6041 5586
f 5407 5586 6080
f 6103 5904 6028
f 6104 5904 6103
f 5660 5664 6096
f 6096 5664 6097
f 6019 5921 6047
f 5407 6080 5405
f 6035 6052 6104
f 6099 6028 5904
f 6020 6019 6105
f 5842 5849 5855
f 5256 5405 5562
f 6105 6106 6020
f 6107 6101 6102
f 6000 6028 6099
f 5259 6090 5405
f 6108 6106 5269
f 6019 5998 5269
f 6011 5997 5998
f 6024 6103 6028
f 5785 5984 5845
f 6019 5269 6105
f 6105 5269 6106
f 6106 6108 5184
f 6106 5184 5183
f 5256 5259 5405
f 5184 6108 5249
f 5290 6109 6107
f 5290 6107 5292
f 6102 5292 6107
f 6089 6109 5290
f 5601 6110 5664
f 5249 6108 5269
f 5814 5813 5842
f 5747 6022 6042
f 6060 6020 6106
f 6055 6107 6109
f 6000 6099 6042
f 6092 6060 5183
f 6106 5183 6060
f 6055 6109 6057
f 6111 5979 6097
f 6110 6112 6097
f 6055 6101 6107
f 6103 6024 6025
f 6103 6025 6104
f 5744 5172 5688
f 6080 5723 5562
f 6111 6097 6112
f 6104 6025 6035
f 5855 6101 5814
f 6101 6055 6050
f 6097 5664 6110
f 6008 5923 6053
f 6101 6050 5814
f 5983 5972 5979
f 5983 5979 6111
f 6113 6052 6035
f 6111 6112 5983
f 5904 6104 6052
f 6113 6114 6052
f 6053 6052 6114
f 5814 5842 5855
f 5600 5622 6115
f 6112 6110 6115
f 6110 6116 6115
f 5600 6115 6116
f 6045 5259 5255
f 6034 6113 6035
f 5601 5600 6116
f 5854 5812 6051
f 5601 6116 6110
f 5255 5431 6045
f 6009 6114 6034
f 6113 6034 6114
f 6112 6115 6100
f 6112 6100 5983
f 5854 6051 6054
f 5854 6054 6102
f 6009 6053 6114
f 5640 6100 5622
f 6115 5622 6100
f 5292 6102 6054
f 5292 6054 6056
f 5504 5845 5640
f 6100 5640 5845
f 5292 6056 5293
f 5728 6092 5658
f 5900 5215 5214
f 5658 6058 5728
f 5763 5728 6058
f 6109 6036 6057
f 6089 6036 6109
f 5214 5889 5900
f 5562 5723 5638
f 5215 5218 5216
f 5716 5638 5723
f 5716 5385 5638
f 6098 5629 6095
f 5638 5670 5563
f 6117 6082 6095
f 5638 6118 6119
f 6093 6082 6117
f 5830 6083 5883
f 6118 6120 5432
f 5665 6059 6095
f 5384 6120 5638
f 6095 6121 6117
f 6117 6122 6093
f 6121 6122 6117
f 5384 5432 6120
f 5883 6093 5892
f 6118 5638 6120
f 6059 5169 6121
f 5892 6093 6122
f 5384 5638 5385
f 6121 5176 6122
f 5206 5892 6122
f 6122 5176 5190
f 6119 5432 5598
f 5206 6122 5190
f 6119 6118 5432
f 6121 6095 6059
f 5671 5166 6059
f 5513 5432 5476
f 5176 6121 5169
f 5992 5991 5906
f 5941 5906 5991
f 5177 5906 5941
f 5992 5990 5989
f 5990 6003 5988
f 6002 6013 6010
f 6002 6010 5988
f 5513 5726 5432
f 5941 5991 5980
f 5941 5980 5940
f 5726 5598 5432
f 5991 5989 5994
f 5991 5994 5980
f 5994 5989 5988
f 5994 5988 6010
f 5233 5275 5165
f 5670 6119 5598
f 5233 5165 5189
f 5189 5165 5167
f 5165 5168 5166
f 6119 5670 5638
usemtl Vitre
f 3160 3161 3162
f 3163 3164 3161
f 3165 3166 3164
f 3167 3168 3166
f 3169 3170 3168
f 3171 3172 3170
f 3173 3174 3175
f 3174 3173 3176
f 3177 3178 3173
f 3179 3180 3178
f 3181 3182 3180
f 3183 3184 3182
f 3185 3186 3184
f 3187 3188 3186
f 3162 3161 3188
f 3164 3166 3161
f 3168 3170 3166
f 3172 3175 3170
f 3174 3189 3175
f 3176 3173 3190
f 3178 3180 3173
f 3182 3184 3180
f 3186 3188 3184
f 3161 3166 3188
f 3170 3175 3166
f 3189 3191 3175
f 3173 3180 3190
f 3184 3188 3180
f 3175 3191 3166
f 3190 3180 3192
f 3191 3193 3166
f 3192 3180 3194
f 3193 3195 3166
f 3194 3180 3196
f 3195 3197 3166
f 3180 3188 3196
f 3197 3198 3166
f 3196 3188 3199
f 3198 3200 3166
f 3199 3188 3201
f 3200 3202 3166
f 3201 3188 3203
f 3202 3204 3166
f 3203 3188 3205
f 3166 3204 3188
f 3205 3188 3206
f 3204 3207 3188
f 3206 3188 3207
f 3208 3209 3210
f 3211 3210 3212
f 3213 3212 3214
f 3215 3214 3216
f 3217 3216 3218
f 3219 3218 3220
f 3221 3222 3223
f 3223 3224 3221
f 3225 3221 3226
f 3227 3226 3228
f 3229 3228 3230
f 3231 3230 3232
f 3233 3232 3234
f 3235 3234 3236
f 3209 3236 3210
f 3212 3210 3214
f 3216 3214 3218
f 3220 3218 3222
f 3223 3222 3237
f 3224 3238 3221
f 3226 3221 3228
f 3230 3228 3232
f 3234 3232 3236
f 3210 3236 3214
f 3218 3214 3222
f 3237 3222 3239
f 3221 3238 3228
f 3232 3228 3236
f 3222 3214 3239
f 3238 3240 3228
f 3239 3214 3241
f 3240 3242 3228
f 3241 3214 3243
f 3242 3244 3228
f 3243 3214 3245
f 3228 3244 3236
f 3245 3214 3246
f 3244 3247 3236
f 3246 3214 3248
f 3247 3249 3236
f 3248 3214 3250
f 3249 3251 3236
f 3250 3214 3252
f 3251 3253 3236
f 3214 3236 3252
f 3253 3254 3236
f 3252 3236 3255
f 3254 3255 3236
f 3161 3160 3208
f 3210 3161 3208
f 3163 3161 3210
f 3211 3163 3210
f 3164 3163 3211
f 3212 3164 3211
f 3165 3164 3212
f 3213 3165 3212
f 3166 3165 3213
f 3214 3166 3213
f 3167 3166 3214
f 3215 3167 3214
f 3168 3167 3215
f 3216 3168 3215
f 3169 3168 3216
f 3217 3169 3216
f 3170 3169 3217
f 3218 3170 3217
f 3171 3170 3218
f 3219 3171 3218
f 3172 3171 3219
f 3220 3172 3219
f 3175 3172 3220
f 3222 3175 3220
f 3173 3175 3222
f 3221 3173 3222
f 3177 3173 3221
f 3225 3177 3221
f 3178 3177 3225
f 3226 3178 3225
f 3179 3178 3226
f 3227 3179 3226
f 3180 3179 3227
f 3228 3180 3227
f 3181 3180 3228
f 3229 3181 3228
f 3182 3181 3229
f 3230 3182 3229
f 3183 3182 3230
f 3231 3183 3230
f 3184 3183 3231
f 3232 3184 3231
f 3185 3184 3232
f 3233 3185 3232
f 3186 3185 3233
f 3234 3186 3233
f 3187 3186 3234
f 3235 3187 3234
f 3188 3187 3235
f 3236 3188 3235
f 3162 3188 3236
f 3209 3162 3236
f 3160 3162 3209
f 3208 3160 3209
f 3196 3199 3247
f 3244 3196 3247
f 3194 3196 3244
f 3242 3194 3244
f 3192 3194 3242
f 3240 3192 3242
f 3190 3192 3240
f 3238 3190 3240
f 3176 3190 3238
f 3224 3176 3238
f 3174 3176 3224
f 3223 3174 3224
f 3189 3174 3223
f 3237 3189 3223
f 3191 3189 3237
f 3239 3191 3237
f 3193 3191 3239
f 3241 3193 3239
f 3195 3193 3241
f 3243 3195 3241
f 3197 3195 3243
f 3245 3197 3243
f 3198 3197 3245
f 3246 3198 3245
f 3200 3198 3246
f 3248 3200 3246
f 3202 3200 3248
f 3250 3202 3248
f 3204 3202 3250
f 3252 3204 3250
f 3207 3204 3252
f 3255 3207 3252
f 3206 3207 3255
f 3254 3206 3255
f 3205 3206 3254
f 3253 3205 3254
f 3203 3205 3253
f 3251 3203 3253
f 3201 3203 3251
f 3249 3201 3251
f 3199 3201 3249
f 3247 3199 3249
f 3256 3257 3258
f 3259 3260 3261
f 3262 3263 3260
f 3264 3265 3263
f 3266 3267 3265
f 3268 3269 3267
f 3270 3271 3269
f 3272 3273 3271
f 3274 3275 3273
f 3276 3277 3275
f 3278 3279 3280
f 3281 3282 3278
f 3257 3261 3258
f 3260 3263 3261
f 3265 3267 3263
f 3269 3271 3267
f 3273 3275 3271
f 3277 3280 3275
f 3279 3283 3280
f 3278 3282 3279
f 3258 3261 3282
f 3263 3267 3261
f 3271 3275 3267
f 3280 3283 3275
f 3279 3282 3284
f 3261 3267 3282
f 3283 3285 3275
f 3284 3282 3286
f 3285 3287 3275
f 3286 3282 3288
f 3287 3289 3275
f 3288 3282 3290
f 3289 3291 3275
f 3290 3282 3292
f 3291 3293 3275
f 3292 3282 3294
f 3293 3295 3275
f 3282 3267 3294
f 3295 3296 3275
f 3294 3267 3297
f 3296 3298 3275
f 3297 3267 3299
f 3298 3300 3275
f 3299 3267 3301
f 3275 3300 3267
f 3301 3267 3302
f 3300 3303 3267
f 3302 3267 3304
f 3303 3305 3267
f 3304 3267 3306
f 3305 3307 3267
f 3306 3267 3308
f 3307 3308 3267
f 3309 3310 3311
f 3312 3313 3314
f 3315 3314 3316
f 3317 3316 3318
f 3319 3318 3320
f 3321 3320 3322
f 3323 3322 3324
f 3325 3324 3326
f 3327 3326 3328
f 3329 3328 3330
f 3331 3332 3333
f 3334 3331 3335
f 3311 3310 3313
f 3314 3313 3316
f 3318 3316 3320
f 3322 3320 3324
f 3326 3324 3328
f 3330 3328 3332
f 3333 3332 3336
f 3331 3333 3335
f 3310 3335 3313
f 3316 3313 3320
f 3324 3320 3328
f 3332 3328 3336
f 3333 3337 3335
f 3313 3335 3320
f 3336 3328 3338
f 3337 3339 3335
f 3338 3328 3340
f 3339 3341 3335
f 3340 3328 3342
f 3341 3343 3335
f 3342 3328 3344
f 3343 3345 3335
f 3344 3328 3346
f 3345 3347 3335
f 3346 3328 3348
f 3335 3347 3320
f 3348 3328 3349
f 3347 3350 3320
f 3349 3328 3351
f 3350 3352 3320
f 3351 3328 3353
f 3352 3354 3320
f 3328 3320 3353
f 3354 3355 3320
f 3353 3320 3356
f 3355 3357 3320
f 3356 3320 3358
f 3357 3359 3320
f 3358 3320 3360
f 3359 3361 3320
f 3360 3320 3361
f 3256 3258 3310
f 3309 3256 3310
f 3257 3256 3309
f 3311 3257 3309
f 3261 3257 3311
f 3313 3261 3311
f 3259 3261 3313
f 3312 3259 3313
f 3260 3259 3312
f 3314 3260 3312
f 3262 3260 3314
f 3315 3262 3314
f 3263 3262 3315
f 3316 3263 3315
f 3264 3263 3316
f 3317 3264 3316
f 3265 3264 3317
f 3318 3265 3317
f 3266 3265 3318
f 3319 3266 3318
f 3267 3266 3319
f 3320 3267 3319
f 3268 3267 3320
f 3321 3268 3320
f 3269 3268 3321
f 3322 3269 3321
f 3270 3269 3322
f 3323 3270 3322
f 3271 3270 3323
f 3324 3271 3323
f 3272 3271 3324
f 3325 3272 3324
f 3273 3272 3325
f 3326 3273 3325
f 3274 3273 3326
f 3327 3274 3326
f 3275 3274 3327
f 3328 3275 3327
f 3276 3275 3328
f 3329 3276 3328
f 3277 3276 3329
f 3330 3277 3329
f 3280 3277 3330
f 3332 3280 3330
f 3278 3280 3332
f 3331 3278 3332
f 3281 3278 3331
f 3334 3281 3331
f 3282 3281 3334
f 3335 3282 3334
f 3258 3282 3335
f 3310 3258 3335
f 3285 3283 3336
f 3338 3285 3336
f 3287 3285 3338
f 3340 3287 3338
f 3289 3287 3340
f 3342 3289 3340
f 3291 3289 3342
f 3344 3291 3342
f 3293 3291 3344
f 3346 3293 3344
f 3295 3293 3346
f 3348 3295 3346
f 3296 3295 3348
f 3349 3296 3348
f 3298 3296 3349
f 3351 3298 3349
f 3300 3298 3351
f 3353 3300 3351
f 3303 3300 3353
f 3356 3303 3353
f 3305 3303 3356
f 3358 3305 3356
f 3307 3305 3358
f 3360 3307 3358
f 3308 3307 3360
f 3361 3308 3360
f 3306 3308 3361
f 3359 3306 3361
f 3304 3306 3359
f 3357 3304 3359
f 3302 3304 3357
f 3355 3302 3357
f 3301 3302 3355
f 3354 3301 3355
f 3299 3301 3354
f 3352 3299 3354
f 3297 3299 3352
f 3350 3297 3352
f 3294 3297 3350
f 3347 3294 3350
f 3292 3294 3347
f 3345 3292 3347
f 3290 3292 3345
f 3343 3290 3345
f 3288 3290 3343
f 3341 3288 3343
f 3286 3288 3341
f 3339 3286 3341
f 3284 3286 3339
f 3337 3284 3339
f 3279 3284 3337
f 3333 3279 3337
f 3283 3279 3333
f 3336 3283 3333
f 3362 3363 3364
f 3365 3366 3363
f 3367 3368 3366
f 3369 3370 3371
f 3372 3373 3370
f 3374 3375 3373
f 3376 3377 3375
f 3378 3379 3377
f 3380 3381 3379
f 3382 3383 3381
f 3384 3385 3383
f 3386 3387 3385
f 3388 3389 3387
f 3390 3391 3392
f 3366 3393 3367
f 3364 3363 3394
f 3368 3395 3366
f 3371 3370 3395
f 3375 3377 3373
f 3381 3383 3379
f 3385 3387 3383
f 3392 3391 3389
f 3393 3396 3367
f 3395 3370 3366
f 3377 3379 3373
f 3383 3387 3379
f 3389 3391 3387
f 3367 3396 3391
f 3370 3373 3366
f 3387 3391 3379
f 3396 3394 3391
f 3373 3379 3366
f 3391 3394 3379
f 3366 3379 3363
f 3394 3363 3379
f 3397 3398 3399
f 3400 3399 3401
f 3402 3401 3403
f 3404 3405 3406
f 3407 3406 3408
f 3409 3408 3410
f 3411 3410 3412
f 3413 3412 3414
f 3415 3414 3416
f 3417 3416 3418
f 3419 3418 3420
f 3421 3420 3422
f 3423 3422 3424
f 3425 3426 3427
f 3401 3402 3428
f 3398 3429 3399
f 3403 3401 3430
f 3405 3430 3406
f 3410 3408 3412
f 3416 3414 3418
f 3420 3418 3422
f 3426 3424 3427
f 3428 3402 3431
f 3430 3401 3406
f 3412 3408 3414
f 3418 3414 3422
f 3424 3422 3427
f 3402 3427 3431
f 3406 3401 3408
f 3422 3414 3427
f 3431 3427 3429
f 3408 3401 3414
f 3427 3414 3429
f 3401 3399 3414
f 3429 3414 3399
f 3363 3362 3397
f 3399 3363 3397
f 3365 3363 3399
f 3400 3365 3399
f 3366 3365 3400
f 3401 3366 3400
f 3393 3366 3401
f 3428 3393 3401
f 3396 3393 3428
f 3431 3396 3428
f 3394 3396 3431
f 3429 3394 3431
f 3364 3394 3429
f 3398 3364 3429
f 3362 3364 3398
f 3397 3362 3398
f 3368 3367 3402
f 3403 3368 3402
f 3395 3368 3403
f 3430 3395 3403
f 3371 3395 3430
f 3405 3371 3430
f 3369 3371 3405
f 3404 3369 3405
f 3370 3369 3404
f 3406 3370 3404
f 3372 3370 3406
f 3407 3372 3406
f 3373 3372 3407
f 3408 3373 3407
f 3374 3373 3408
f 3409 3374 3408
f 3375 3374 3409
f 3410 3375 3409
f 3376 3375 3410
f 3411 3376 3410
f 3377 3376 3411
f 3412 3377 3411
f 3378 3377 3412
f 3413 3378 3412
f 3379 3378 3413
f 3414 3379 3413
f 3380 3379 3414
f 3415 3380 3414
f 3381 3380 3415
f 3416 3381 3415
f 3382 3381 3416
f 3417 3382 3416
f 3383 3382 3417
f 3418 3383 3417
f 3384 3383 3418
f 3419 3384 3418
f 3385 3384 3419
f 3420 3385 3419
f 3386 3385 3420
f 3421 3386 3420
f 3387 3386 3421
f 3422 3387 3421
f 3388 3387 3422
f 3423 3388 3422
f 3389 3388 3423
f 3424 3389 3423
f 3392 3389 3424
f 3426 3392 3424
f 3390 3392 3426
f 3425 3390 3426
f 3391 3390 3425
f 3427 3391 3425
f 3367 3391 3427
f 3402 3367 3427
f 3432 3433 3434
f 3435 3436 3433
f 3437 3438 3436
f 3439 3440 3438
f 3441 3442 3440
f 3443 3444 3442
f 3445 3446 3444
f 3447 3448 3446
f 3434 3433 3449
f 3436 3438 3433
f 3442 3444 3440
f 3446 3448 3444
f 3433 3438 3449
f 3444 3448 3440
f 3438 3440 3449
f 3448 3450 3440
f 3449 3440 3450
f 3451 3452 3453
f 3454 3453 3455
f 3456 3455 3457
f 3458 3457 3459
f 3460 3459 3461
f 3462 3461 3463
f 3464 3463 3465
f 3466 3465 3467
f 3452 3468 3453
f 3455 3453 3457
f 3461 3459 3463
f 3465 3463 3467
f 3453 3468 3457
f 3463 3459 3467
f 3457 3468 3459
f 3467 3459 3469
f 3468 3469 3459
f 3435 3433 3453
f 3454 3435 3453
f 3436 3435 3454
f 3455 3436 3454
f 3437 3436 3455
f 3456 3437 3455
f 3438 3437 3456
f 3457 3438 3456
f 3439 3438 3457
f 3458 3439 3457
f 3440 3439 3458
f 3459 3440 3458
f 3441 3440 3459
f 3460 3441 3459
f 3442 3441 3460
f 3461 3442 3460
f 3443 3442 3461
f 3462 3443 3461
f 3444 3443 3462
f 3463 3444 3462
f 3445 3444 3463
f 3464 3445 3463
f 3446 3445 3464
f 3465 3446 3464
f 3447 3446 3465
f 3466 3447 3465
f 3448 3447 3466
f 3467 3448 3466
f 3450 3448 3467
f 3469 3450 3467
f 3449 3450 3469
f 3468 3449 3469
f 3434 3449 3468
f 3452 3434 3468
f 3432 3434 3452
f 3451 3432 3452
f 3433 3432 3451
f 3453 3433 3451
f 3470 3471 3472
f 3473 3474 3475
f 3476 3477 3474
f 3478 3472 3479
f 3471 3480 3472
f 3474 3477 3475
f 3472 3480 3479
f 3477 3481 3475
f 3479 3480 3481
f 3475 3481 3480
f 3482 3483 3484
f 3485 3486 3487
f 3488 3487 3489
f 3490 3491 3483
f 3484 3483 3492
f 3487 3486 3489
f 3483 3491 3492
f 3489 3486 3493
f 3491 3493 3492
f 3486 3492 3493
f 3480 3471 3484
f 3492 3480 3484
f 3475 3480 3492
f 3486 3475 3492
f 3473 3475 3486
f 3485 3473 3486
f 3474 3473 3485
f 3487 3474 3485
f 3476 3474 3487
f 3488 3476 3487
f 3477 3476 3488
f 3489 3477 3488
f 3481 3477 3489
f 3493 3481 3489
f 3479 3481 3493
f 3491 3479 3493
f 3478 3479 3491
f 3490 3478 3491
f 3472 3478 3490
f 3483 3472 3490
f 3470 3472 3483
f 3482 3470 3483
f 3471 3470 3482
f 3484 3471 3482
f 3494 3495 3496
f 3497 3498 3495
f 3499 3500 3498
f 3501 3502 3500
f 3503 3504 3502
f 3505 3506 3504
f 3507 3508 3506
f 3509 3510 3508
f 3511 3512 3510
f 3513 3514 3512
f 3515 3516 3514
f 3517 3518 3516
f 3519 3520 3518
f 3519 3518 3521
f 3522 3523 3518
f 3524 3525 3523
f 3526 3527 3525
f 3528 3529 3527
f 3530 3531 3529
f 3532 3533 3531
f 3534 3535 3533
f 3536 3537 3535
f 3538 3539 3537
f 3540 3541 3539
f 3542 3543 3541
f 3544 3496 3543
f 3495 3498 3496
f 3500 3502 3498
f 3504 3506 3502
f 3508 3510 3506
f 3512 3514 3510
f 3516 3518 3514
f 3520 3545 3518
f 3521 3518 3546
f 3523 3525 3518
f 3527 3529 3525
f 3531 3533 3529
f 3535 3537 3533
f 3539 3541 3537
f 3543 3496 3541
f 3498 3502 3496
f 3506 3510 3502
f 3514 3518 3510
f 3545 3547 3518
f 3546 3518 3548
f 3525 3529 3518
f 3533 3537 3529
f 3541 3496 3537
f 3518 3547 3510
f 3548 3518 3549
f 3547 3550 3510
f 3549 3518 3551
f 3550 3552 3510
f 3551 3518 3553
f 3552 3554 3510
f 3518 3529 3553
f 3554 3555 3510
f 3553 3529 3556
f 3555 3557 3510
f 3556 3529 3558
f 3557 3559 3510
f 3558 3529 3560
f 3559 3561 3510
f 3560 3529 3562
f 3561 3563 3510
f 3562 3529 3564
f 3510 3563 3502
f 3564 3529 3565
f 3563 3566 3502
f 3565 3529 3567
f 3566 3568 3502
f 3529 3537 3567
f 3568 3569 3502
f 3567 3537 3570
f 3569 3571 3502
f 3570 3537 3572
f 3571 3573 3502
f 3572 3537 3574
f 3573 3575 3502
f 3574 3537 3576
f 3575 3577 3502
f 3576 3537 3578
f 3502 3577 3496
f 3578 3537 3579
f 3577 3580 3496
f 3579 3537 3581
f 3580 3582 3496
f 3581 3537 3583
f 3582 3584 3496
f 3583 3537 3585
f 3584 3586 3496
f 3537 3496 3585
f 3586 3587 3496
f 3585 3496 3588
f 3587 3589 3496
f 3588 3496 3589
f 3590 3591 3592
f 3593 3592 3594
f 3595 3594 3596
f 3597 3596 3598
f 3599 3598 3600
f 3601 3600 3602
f 3603 3602 3604
f 3605 3604 3606
f 3607 3606 3608
f 3609 3608 3610
f 3611 3610 3612
f 3613 3612 3614
f 3615 3614 3616
f 3615 3617 3614
f 3618 3614 3619
f 3620 3619 3621
f 3622 3621 3623
f 3624 3623 3625
f 3626 3625 3627
f 3628 3627 3629
f 3630 3629 3631
f 3632 3631 3633
f 3634 3633 3635
f 3636 3635 3637
f 3638 3637 3639
f 3640 3639 3591
f 3592 3591 3594
f 3596 3594 3598
f 3600 3598 3602
f 3604 3602 3606
f 3608 3606 3610
f 3612 3610 3614
f 3616 3614 3641
f 3617 3642 3614
f 3619 3614 3621
f 3623 3621 3625
f 3627 3625 3629
f 3631 3629 3633
f 3635 3633 3637
f 3639 3637 3591
f 3594 3591 3598
f 3602 3598 3606
f 3610 3606 3614
f 3641 3614 3643
f 3642 3644 3614
f 3621 3614 3625
f 3629 3625 3633
f 3637 3633 3591
f 3614 3606 3643
f 3644 3645 3614
f 3643 3606 3646
f 3645 3647 3614
f 3646 3606 3648
f 3647 3649 3614
f 3648 3606 3650
f 3614 3649 3625
f 3650 3606 3651
f 3649 3652 3625
f 3651 3606 3653
f 3652 3654 3625
f 3653 3606 3655
f 3654 3656 3625
f 3655 3606 3657
f 3656 3658 3625
f 3657 3606 3659
f 3658 3660 3625
f 3606 3598 3659
f 3660 3661 3625
f 3659 3598 3662
f 3661 3663 3625
f 3662 3598 3664
f 3625 3663 3633
f 3664 3598 3665
f 3663 3666 3633
f 3665 3598 3667
f 3666 3668 3633
f 3667 3598 3669
f 3668 3670 3633
f 3669 3598 3671
f 3670 3672 3633
f 3671 3598 3673
f 3672 3674 3633
f 3598 3591 3673
f 3674 3675 3633
f 3673 3591 3676
f 3675 3677 3633
f 3676 3591 3678
f 3677 3679 3633
f 3678 3591 3680
f 3679 3681 3633
f 3680 3591 3682
f 3633 3681 3591
f 3682 3591 3683
f 3681 3684 3591
f 3683 3591 3685
f 3684 3685 3591
f 3495 3494 3590
f 3592 3495 3590
f 3497 3495 3592
f 3593 3497 3592
f 3498 3497 3593
f 3594 3498 3593
f 3499 3498 3594
f 3595 3499 3594
f 3500 3499 3595
f 3596 3500 3595
f 3501 3500 3596
f 3597 3501 3596
f 3502 3501 3597
f 3598 3502 3597
f 3503 3502 3598
f 3599 3503 3598
f 3504 3503 3599
f 3600 3504 3599
f 3505 3504 3600
f 3601 3505 3600
f 3506 3505 3601
f 3602 3506 3601
f 3507 3506 3602
f 3603 3507 3602
f 3508 3507 3603
f 3604 3508 3603
f 3509 3508 3604
f 3605 3509 3604
f 3510 3509 3605
f 3606 3510 3605
f 3511 3510 3606
f 3607 3511 3606
f 3512 3511 3607
f 3608 3512 3607
f 3513 3512 3608
f 3609 3513 3608
f 3514 3513 3609
f 3610 3514 3609
f 3515 3514 3610
f 3611 3515 3610
f 3516 3515 3611
f 3612 3516 3611
f 3517 3516 3612
f 3613 3517 3612
f 3518 3517 3613
f 3614 3518 3613
f 3522 3518 3614
f 3618 3522 3614
f 3523 3522 3618
f 3619 3523 3618
f 3524 3523 3619
f 3620 3524 3619
f 3525 3524 3620
f 3621 3525 3620
f 3526 3525 3621
f 3622 3526 3621
f 3527 3526 3622
f 3623 3527 3622
f 3528 3527 3623
f 3624 3528 3623
f 3529 3528 3624
f 3625 3529 3624
f 3530 3529 3625
f 3626 3530 3625
f 3531 3530 3626
f 3627 3531 3626
f 3532 3531 3627
f 3628 3532 3627
f 3533 3532 3628
f 3629 3533 3628
f 3534 3533 3629
f 3630 3534 3629
f 3535 3534 3630
f 3631 3535 3630
f 3536 3535 3631
f 3632 3536 3631
f 3537 3536 3632
f 3633 3537 3632
f 3538 3537 3633
f 3634 3538 3633
f 3539 3538 3634
f 3635 3539 3634
f 3540 3539 3635
f 3636 3540 3635
f 3541 3540 3636
f 3637 3541 3636
f 3542 3541 3637
f 3638 3542 3637
f 3543 3542 3638
f 3639 3543 3638
f 3544 3543 3639
f 3640 3544 3639
f 3496 3544 3640
f 3591 3496 3640
f 3494 3496 3591
f 3590 3494 3591
f 3545 3520 3616
f 3641 3545 3616
f 3547 3545 3641
f 3643 3547 3641
f 3550 3547 3643
f 3646 3550 3643
f 3552 3550 3646
f 3648 3552 3646
f 3554 3552 3648
f 3650 3554 3648
f 3555 3554 3650
f 3651 3555 3650
f 3557 3555 3651
f 3653 3557 3651
f 3559 3557 3653
f 3655 3559 3653
f 3561 3559 3655
f 3657 3561 3655
f 3563 3561 3657
f 3659 3563 3657
f 3566 3563 3659
f 3662 3566 3659
f 3568 3566 3662
f 3664 3568 3662
f 3569 3568 3664
f 3665 3569 3664
f 3571 3569 3665
f 3667 3571 3665
f 3573 3571 3667
f 3669 3573 3667
f 3575 3573 3669
f 3671 3575 3669
f 3577 3575 3671
f 3673 3577 3671
f 3580 3577 3673
f 3676 3580 3673
f 3582 3580 3676
f 3678 3582 3676
f 3584 3582 3678
f 3680 3584 3678
f 3586 3584 3680
f 3682 3586 3680
f 3587 3586 3682
f 3683 3587 3682
f 3589 3587 3683
f 3685 3589 3683
f 3588 3589 3685
f 3684 3588 3685
f 3585 3588 3684
f 3681 3585 3684
f 3583 3585 3681
f 3679 3583 3681
f 3581 3583 3679
f 3677 3581 3679
f 3579 3581 3677
f 3675 3579 3677
f 3578 3579 3675
f 3674 3578 3675
f 3576 3578 3674
f 3672 3576 3674
f 3574 3576 3672
f 3670 3574 3672
f 3572 3574 3670
f 3668 3572 3670
f 3570 3572 3668
f 3666 3570 3668
f 3567 3570 3666
f 3663 3567 3666
f 3565 3567 3663
f 3661 3565 3663
f 3564 3565 3661
f 3660 3564 3661
f 3562 3564 3660
f 3658 3562 3660
f 3560 3562 3658
f 3656 3560 3658
f 3558 3560 3656
f 3654 3558 3656
f 3556 3558 3654
f 3652 3556 3654
f 3553 3556 3652
f 3649 3553 3652
f 3551 3553 3649
f 3647 3551 3649
f 3549 3551 3647
f 3645 3549 3647
f 3548 3549 3645
f 3644 3548 3645
f 3546 3548 3644
f 3642 3546 3644
f 3521 3546 3642
f 3617 3521 3642
f 3519 3521 3617
f 3615 3519 3617
f 3520 3519 3615
f 3616 3520 3615
f 3686 3687 3688
f 3689 3690 3687
f 3691 3692 3690
f 3693 3694 3692
f 3695 3696 3694
f 3697 3698 3696
f 3699 3700 3698
f 3701 3702 3703
f 3704 3705 3706
f 3707 3708 3705
f 3709 3710 3708
f 3711 3712 3710
f 3713 3714 3712
f 3715 3716 3714
f 3717 3718 3716
f 3719 3688 3720
f 3687 3690 3688
f 3694 3696 3692
f 3700 3703 3698
f 3702 3721 3703
f 3708 3710 3705
f 3712 3714 3710
f 3716 3718 3714
f 3690 3692 3688
f 3696 3698 3692
f 3703 3721 3698
f 3710 3714 3705
f 3692 3698 3688
f 3714 3718 3705
f 3698 3721 3688
f 3718 3720 3705
f 3721 3706 3688
f 3705 3720 3706
f 3688 3706 3720
f 3722 3723 3724
f 3725 3724 3726
f 3727 3726 3728
f 3729 3728 3730
f 3731 3730 3732
f 3733 3732 3734
f 3735 3734 3736
f 3737 3738 3739
f 3740 3741 3742
f 3743 3742 3744
f 3745 3744 3746
f 3747 3746 3748
f 3749 3748 3750
f 3751 3750 3752
f 3753 3752 3754
f 3755 3756 3723
f 3724 3723 3726
f 3730 3728 3732
f 3736 3734 3738
f 3739 3738 3757
f 3744 3742 3746
f 3748 3746 3750
f 3752 3750 3754
f 3726 3723 3728
f 3732 3728 3734
f 3738 3734 3757
f 3746 3742 3750
f 3728 3723 3734
f 3750 3742 3754
f 3734 3723 3757
f 3754 3742 3756
f 3757 3723 3741
f 3742 3741 3756
f 3723 3756 3741
f 3687 3686 3722
f 3724 3687 3722
f 3689 3687 3724
f 3725 3689 3724
f 3690 3689 3725
f 3726 3690 3725
f 3691 3690 3726
f 3727 3691 3726
f 3692 3691 3727
f 3728 3692 3727
f 3693 3692 3728
f 3729 3693 3728
f 3694 3693 3729
f 3730 3694 3729
f 3695 3694 3730
f 3731 3695 3730
f 3696 3695 3731
f 3732 3696 3731
f 3697 3696 3732
f 3733 3697 3732
f 3698 3697 3733
f 3734 3698 3733
f 3699 3698 3734
f 3735 3699 3734
f 3700 3699 3735
f 3736 3700 3735
f 3703 3700 3736
f 3738 3703 3736
f 3701 3703 3738
f 3737 3701 3738
f 3702 3701 3737
f 3739 3702 3737
f 3721 3702 3739
f 3757 3721 3739
f 3706 3721 3757
f 3741 3706 3757
f 3704 3706 3741
f 3740 3704 3741
f 3705 3704 3740
f 3742 3705 3740
f 3707 3705 3742
f 3743 3707 3742
f 3708 3707 3743
f 3744 3708 3743
f 3709 3708 3744
f 3745 3709 3744
f 3710 3709 3745
f 3746 3710 3745
f 3711 3710 3746
f 3747 3711 3746
f 3712 3711 3747
f 3748 3712 3747
f 3713 3712 3748
f 3749 3713 3748
f 3714 3713 3749
f 3750 3714 3749
f 3715 3714 3750
f 3751 3715 3750
f 3716 3715 3751
f 3752 3716 3751
f 3717 3716 3752
f 3753 3717 3752
f 3718 3717 3753
f 3754 3718 3753
f 3720 3718 3754
f 3756 3720 3754
f 3719 3720 3756
f 3755 3719 3756
f 3688 3719 3755
f 3723 3688 3755
f 3686 3688 3723
f 3722 3686 3723
usemtl Blanc
f 5061 5062 5063
f 5064 5065 5061
f 5066 5065 5067
f 5068 5069 5070
f 5071 5069 5068
f 5062 5069 5071
f 5072 5070 5069
f 5061 5073 5062
f 5074 5073 5061
f 5066 5075 5074
f 5075 5073 5074
f 5069 5062 5073
f 5076 5075 5067
f 5077 5078 5079
f 5077 5079 5080
f 5081 5082 5083
f 5084 5083 5082
f 5085 5086 5079
f 5087 5088 5085
f 5088 5086 5085
f 5080 5079 5086
f 5089 5090 5091
f 5092 5093 5091
f 5094 5095 5092
f 5096 5097 5098
f 5094 5098 5095
f 5095 5098 5097
f 5095 5099 5092
f 5093 5092 5099
f 5089 5091 5093
f 5100 5101 5102
f 5096 5103 5097
f 5104 5097 5103
f 5105 5106 5107
f 5105 5107 5108
f 5109 5110 5111
f 5089 5109 5112
f 5090 5089 5112
f 5111 5112 5109
f 5108 5111 5110
f 5110 5113 5108
f 5105 5108 5113
f 5114 5069 5102
f 5083 5115 5116
f 5083 5116 5081
f 5103 5117 5104
f 5118 5104 5117
f 5104 5118 5119
f 5120 5116 5121
f 5065 5074 5061
f 5063 5102 5101
f 5063 5101 5122
f 5123 5081 5120
f 5124 5121 5116
f 5125 5063 5062
f 5121 5118 5120
f 5117 5120 5118
f 5102 5063 5114
f 5126 5114 5125
f 5125 5114 5063
f 5125 5127 5126
f 5128 5126 5127
f 5128 5127 5129
f 5128 5129 5088
f 5128 5088 5087
f 5065 5066 5074
f 5066 5067 5075
f 5118 5121 5130
f 5118 5130 5131
f 5075 5100 5073
f 5076 5100 5075
f 5132 5133 5108
f 5123 5120 5117
f 5100 5102 5073
f 5133 5077 5080
f 5069 5073 5102
f 5086 5111 5080
f 5133 5080 5108
f 5134 5068 5135
f 5104 5119 5095
f 5104 5095 5097
f 5100 5064 5101
f 5076 5065 5100
f 5067 5065 5076
f 5065 5064 5100
f 5122 5101 5064
f 5126 5072 5114
f 5115 5136 5124
f 5115 5124 5116
f 5135 5072 5137
f 5118 5138 5119
f 5077 5133 5139
f 5078 5077 5139
f 5140 5139 5133
f 5133 5132 5140
f 5141 5140 5132
f 5069 5114 5072
f 5135 5142 5134
f 5143 5134 5142
f 5137 5142 5135
f 5144 5143 5142
f 5142 5136 5144
f 5087 5085 5109
f 5121 5124 5130
f 5117 5103 5145
f 5146 5145 5103
f 5146 5103 5147
f 5148 5149 5147
f 5150 5144 5136
f 5150 5136 5115
f 5083 5084 5115
f 5150 5115 5084
f 5079 5078 5139
f 5127 5091 5090
f 5139 5113 5079
f 5113 5110 5079
f 5118 5131 5138
f 5071 5143 5144
f 5151 5152 5082
f 5139 5140 5113
f 5099 5095 5138
f 5119 5138 5095
f 5132 5107 5106
f 5132 5106 5141
f 5068 5134 5143
f 5153 5149 5148
f 5099 5138 5142
f 5136 5130 5124
f 5107 5132 5108
f 5154 5155 5152
f 5155 5082 5152
f 5082 5081 5151
f 5123 5151 5081
f 5116 5120 5081
f 5152 5156 5154
f 5151 5146 5149
f 5151 5149 5152
f 5135 5070 5072
f 5108 5080 5111
f 5071 5144 5062
f 5136 5142 5130
f 5131 5130 5142
f 5131 5142 5138
f 5088 5112 5111
f 5088 5111 5086
f 5145 5146 5123
f 5151 5123 5146
f 5145 5123 5117
f 5068 5143 5071
f 5088 5090 5112
f 5146 5147 5149
f 5092 5091 5125
f 5153 5156 5149
f 5152 5149 5156
f 5070 5135 5068
f 5137 5072 5093
f 5109 5085 5110
f 5062 5144 5092
f 5085 5079 5110
f 5126 5093 5072
f 5087 5109 5128
f 5137 5093 5099
f 5142 5137 5099
f 5063 5122 5064
f 5063 5064 5061
f 5089 5126 5128
f 5126 5089 5093
f 5105 5113 5140
f 5092 5125 5062
f 5089 5128 5109
f 5105 5140 5106
f 5141 5106 5140
f 5092 5153 5094
f 5148 5094 5153
f 5088 5129 5090
f 5090 5129 5127
f 5144 5150 5154
f 5155 5154 5150
f 5154 5092 5144
f 5156 5092 5154
f 5091 5127 5125
f 5153 5092 5156
f 5147 5098 5094
f 5147 5094 5148
f 5082 5155 5084
f 5150 5084 5155
f 5103 5096 5098
f 5103 5098 5147
f 6165 6166 6167
f 6168 6169 6170
f 6169 6171 6170
f 6172 6170 6171
f 6172 6171 6173
f 6174 6173 6171
f 6175 6174 6171
f 6176 6175 6177
f 6171 6177 6175
f 6178 6179 6177
f 6179 6176 6177
f 6178 6177 6180
f 6177 6181 6180
f 6167 6166 6182
f 6182 6183 6184
f 6185 6186 6187
f 6188 6189 6190
f 6184 6190 6189
f 6191 6192 6185
f 6193 6194 6195
f 6196 6197 6198
f 6199 6200 6201
f 6202 6203 6200
f 6204 6205 6195
f 6195 6189 6204
f 6206 6184 6189
f 6207 6204 6189
f 6208 6209 6210
f 6208 6210 6211
f 6208 6211 6212
f 6213 6214 6205
f 6215 6205 6216
f 6204 6216 6205
f 6214 6195 6205
f 6217 6218 6219
f 6218 6220 6219
f 6219 6220 6221
f 6208 6219 6222
f 6221 6222 6219
f 6201 6200 6203
f 6207 6189 6188
f 6223 6224 6225
f 6226 6227 6223
f 6184 6183 6190
f 6189 6195 6194
f 6228 6194 6193
f 6194 6228 6229
f 6230 6229 6228
f 6231 6201 6203
f 6232 6233 6229
f 6234 6235 6236
f 6237 6238 6239
f 6240 6234 6241
f 6242 6241 6234
f 6243 6239 6238
f 6242 6244 6245
f 6246 6247 6248
f 6176 6200 6249
f 6250 6243 6238
f 6251 6250 6238
f 6199 6249 6200
f 6252 6253 6254
f 6255 6256 6251
f 6257 6255 6251
f 6253 6251 6254
f 6256 6254 6251
f 6258 6259 6244
f 6260 6175 6249
f 6261 6262 6263
f 6259 6264 6244
f 6264 6265 6244
f 6245 6244 6265
f 6179 6202 6176
f 6200 6176 6202
f 6262 6266 6267
f 6268 6269 6265
f 6262 6267 6263
f 6261 6263 6270
f 6271 6272 6244
f 6173 6273 6247
f 6274 6275 6276
f 6173 6277 6273
f 6244 6272 6258
f 6278 6201 6231
f 6278 6249 6201
f 6199 6201 6249
f 6231 6279 6278
f 6249 6278 6279
f 6279 6280 6249
f 6247 6273 6248
f 6280 6281 6260
f 6260 6249 6280
f 6268 6265 6264
f 6168 6170 6282
f 6170 6246 6282
f 6283 6282 6246
f 6259 6284 6264
f 6247 6246 6172
f 6170 6172 6246
f 6173 6247 6172
f 6176 6249 6175
f 6272 6271 6285
f 6286 6287 6288
f 6285 6271 6289
f 6277 6173 6174
f 6260 6277 6175
f 6174 6175 6277
f 6225 6202 6178
f 6179 6178 6202
f 6223 6225 6180
f 6178 6180 6225
f 6290 6271 6291
f 6289 6271 6290
f 6180 6292 6293
f 6180 6293 6223
f 6226 6223 6293
f 6294 6295 6296
f 6295 6297 6274
f 6295 6274 6296
f 6298 6299 6274
f 6297 6298 6274
f 6300 6270 6263
f 6301 6302 6300
f 6300 6303 6304
f 6300 6304 6301
f 6171 6305 6306
f 6171 6306 6307
f 6171 6307 6308
f 6171 6308 6309
f 6171 6309 6310
f 6171 6310 6311
f 6171 6311 6177
f 6312 6313 6314
f 6315 6316 6317
f 6318 6317 6316
f 6318 6316 6319
f 6312 6320 6321
f 6312 6321 6322
f 6312 6322 6323
f 6312 6323 6324
f 6312 6324 6325
f 6312 6325 6326
f 6312 6326 6327
f 6312 6327 6328
f 6312 6328 6329
f 6312 6329 6330
f 6330 6331 6312
f 6315 6314 6316
f 6313 6312 6332
f 6333 6332 6312
f 6331 6333 6312
f 6334 6314 6313
f 6316 6314 6334
f 6274 6335 6296
f 6336 6337 6338
f 6263 6303 6300
f 6337 6339 6335
f 6337 6335 6338
f 6294 6296 6335
f 6339 6294 6335
f 6263 6267 6303
f 6340 6341 6342
f 6343 6208 6344
f 6345 6208 6343
f 6191 6208 6345
f 6212 6344 6208
f 6346 6347 6348
f 6349 6208 6187
f 6350 6208 6349
f 6185 6187 6208
f 6351 6208 6350
f 6219 6208 6351
f 6191 6185 6208
f 6342 6341 6352
f 6238 6353 6251
f 6347 6346 6354
f 6353 6257 6251
f 6254 6355 6356
f 6352 6357 6354
f 6358 6359 6360
f 6361 6360 6359
f 6362 6254 6363
f 6252 6254 6362
f 6363 6254 6356
f 6340 6364 6341
f 6359 6365 6361
f 6366 6361 6365
f 6367 6356 6355
f 6365 6368 6366
f 6368 6369 6366
f 6370 6356 6371
f 6367 6371 6356
f 6372 6369 6368
f 6373 6374 6375
f 6376 6377 6373
f 6364 6378 6341
f 6379 6341 6380
f 6378 6380 6341
f 6375 6374 6381
f 6382 6373 6383
f 6374 6373 6382
f 6384 6381 6374
f 6384 6374 6385
f 6341 6379 6357
f 6301 6386 6387
f 6301 6304 6388
f 6386 6301 6388
f 6357 6352 6341
f 6387 6386 6389
f 6387 6389 6390
f 6387 6390 6391
f 6387 6391 6392
f 6380 6393 6379
f 6393 6394 6357
f 6393 6357 6379
f 6394 6395 6396
f 6394 6396 6357
f 6395 6397 6396
f 6397 6398 6396
f 6399 6365 6359
f 6396 6400 6357
f 6401 6402 6403
f 6404 6405 6402
f 6403 6402 6405
f 6406 6407 6408
f 6407 6348 6347
f 6401 6406 6402
f 6408 6402 6406
f 6347 6354 6357
f 6409 6410 6408
f 6404 6411 6412
f 6413 6404 6412
f 6404 6413 6405
f 6414 6415 6416
f 6411 6404 6417
f 6418 6419 6404
f 6417 6404 6419
f 6418 6404 6402
f 6410 6418 6402
f 6420 6421 6422
f 6402 6408 6410
f 6423 6424 6425
f 6407 6426 6408
f 6427 6428 6429
f 6347 6426 6407
f 6423 6425 6430
f 6428 6420 6429
f 6431 6432 6433
f 6434 6435 6436
f 6409 6408 6437
f 6426 6437 6408
f 6438 6437 6426
f 6420 6428 6421
f 6426 6435 6438
f 6434 6438 6435
f 6439 6440 6441
f 6442 6415 6414
f 6430 6443 6444
f 6416 6445 6446
f 6400 6396 6398
f 6447 6400 6398
f 6416 6415 6445
f 6447 6448 6449
f 6447 6449 6400
f 6448 6450 6449
f 6347 6357 6400
f 6358 6443 6399
f 6451 6452 6453
f 6442 6454 6415
f 6455 6456 6440
f 6439 6455 6440
f 6347 6457 6435
f 6458 6454 6442
f 6347 6459 6460
f 6454 6461 6415
f 6415 6461 6445
f 6458 6462 6454
f 6347 6435 6426
f 6463 6462 6458
f 6462 6464 6454
f 6435 6457 6436
f 6454 6464 6461
f 6465 6436 6457
f 6466 6467 6468
f 6469 6470 6471
f 6347 6472 6473
f 6347 6474 6472
f 6347 6475 6474
f 6476 6474 6477
f 6478 6479 6443
f 6464 6462 6480
f 6481 6465 6457
f 6443 6358 6482
f 6449 6347 6400
f 6443 6482 6478
f 6347 6450 6475
f 6449 6450 6347
f 6477 6474 6475
f 6358 6399 6359
f 6424 6439 6441
f 6441 6425 6424
f 6483 6423 6430
f 6446 6427 6429
f 6430 6444 6483
f 6445 6427 6446
f 6484 6485 6427
f 6485 6428 6427
f 6347 6460 6486
f 6427 6445 6484
f 6487 6488 6459
f 6347 6486 6457
f 6482 6358 6489
f 6486 6490 6457
f 6444 6443 6479
f 6360 6489 6358
f 6491 6486 6460
f 6456 6492 6493
f 6493 6494 6456
f 6451 6495 6452
f 6492 6456 6496
f 6461 6484 6445
f 6487 6459 6497
f 6472 6498 6499
f 6500 6499 6501
f 6496 6456 6502
f 6490 6481 6457
f 6502 6456 6503
f 6488 6491 6460
f 6504 6505 6506
f 6507 6503 6456
f 6507 6456 6455
f 6460 6459 6488
f 6335 6274 6399
f 6472 6476 6498
f 6474 6476 6472
f 6464 6508 6461
f 6501 6499 6498
f 6461 6508 6484
f 6484 6509 6485
f 6484 6508 6509
f 6490 6486 6510
f 6510 6486 6491
f 6499 6473 6472
f 6347 6511 6512
f 6513 6514 6508
f 6515 6512 6516
f 6514 6509 6508
f 6471 6517 6504
f 6518 6288 6399
f 6368 6365 6399
f 6347 6512 6459
f 6512 6497 6459
f 6288 6368 6399
f 6519 6518 6399
f 6399 6520 6521
f 6399 6338 6335
f 6336 6338 6399
f 6515 6497 6512
f 6522 6399 6521
f 6522 6523 6399
f 6511 6516 6512
f 6468 6524 6466
f 6336 6399 6525
f 6526 6525 6399
f 6511 6527 6528
f 6500 6529 6473
f 6499 6500 6473
f 6529 6530 6473
f 6516 6511 6528
f 6531 6440 6456
f 6532 6533 6534
f 6535 6536 6537
f 6463 6538 6462
f 6539 6540 6541
f 6542 6538 6463
f 6538 6480 6462
f 6538 6543 6480
f 6540 6544 6521
f 6544 6545 6521
f 6521 6541 6540
f 6546 6547 6536
f 6522 6521 6548
f 6545 6548 6521
f 6508 6464 6513
f 6523 6522 6548
f 6526 6399 6523
f 6505 6549 6506
f 6520 6541 6521
f 6550 6551 6552
f 6553 6552 6551
f 6554 6552 6553
f 6555 6554 6553
f 6555 6553 6547
f 6541 6520 6556
f 6557 6558 6520
f 6546 6555 6547
f 6399 6531 6520
f 6546 6536 6535
f 6535 6537 6559
f 6520 6560 6556
f 6480 6513 6464
f 6473 6561 6562
f 6560 6520 6563
f 6558 6563 6520
f 6539 6541 6556
f 6564 6565 6557
f 6566 6557 6565
f 6558 6557 6566
f 6558 6566 6563
f 6514 6567 6509
f 6494 6568 6531
f 6569 6531 6568
f 6570 6571 6542
f 6542 6571 6538
f 6571 6543 6538
f 6572 6551 6573
f 6573 6574 6572
f 6531 6456 6494
f 6569 6575 6531
f 6531 6575 6576
f 6531 6577 6578
f 6399 6443 6531
f 6430 6425 6531
f 6443 6430 6531
f 6531 6425 6441
f 6531 6441 6440
f 6579 6580 6581
f 6582 6528 6527
f 6583 6584 6585
f 6586 6506 6549
f 6576 6577 6531
f 6520 6531 6557
f 6543 6587 6480
f 6588 6531 6578
f 6588 6564 6531
f 6589 6590 6591
f 6557 6531 6564
f 6584 6592 6593
f 6594 6561 6530
f 6473 6530 6561
f 6594 6595 6561
f 6596 6586 6597
f 6598 6573 6551
f 6599 6600 6601
f 6599 6602 6600
f 6551 6550 6598
f 6603 6504 6517
f 6562 6561 6595
f 6604 6562 6605
f 6595 6605 6562
f 6250 6251 6606
f 6607 6582 6527
f 6608 6609 6610
f 6527 6572 6607
f 6611 6612 6613
f 6607 6572 6574
f 6614 6511 6347
f 6614 6551 6572
f 6611 6613 6615
f 6614 6547 6553
f 6616 6617 6618
f 6614 6537 6536
f 6614 6536 6547
f 6480 6587 6513
f 6587 6619 6513
f 6505 6504 6603
f 6513 6619 6514
f 6612 6618 6617
f 6619 6620 6514
f 6621 6549 6622
f 6549 6505 6622
f 6618 6612 6611
f 6623 6532 6534
f 6624 6625 6601
f 6624 6601 6626
f 6625 6599 6601
f 6553 6551 6614
f 6614 6572 6527
f 6614 6527 6511
f 6621 6586 6549
f 6627 6628 6614
f 6614 6347 6473
f 6451 6453 6629
f 6614 6473 6562
f 6630 6631 6632
f 6590 6629 6591
f 6453 6591 6629
f 6633 6634 6635
f 6636 6613 6600
f 6614 6637 6638
f 6614 6639 6637
f 6517 6471 6470
f 6636 6640 6613
f 6614 6562 6604
f 6641 6640 6642
f 6470 6469 6643
f 6644 6643 6469
f 6630 6632 6645
f 6646 6641 6642
f 6647 6422 6421
f 6590 6589 6648
f 6428 6649 6421
f 6602 6650 6600
f 6589 6592 6648
f 6631 6651 6652
f 6653 6654 6610
f 6505 6603 6622
f 6596 6655 6656
f 6615 6613 6640
f 6644 6452 6495
f 6636 6642 6640
f 6485 6649 6428
f 6657 6658 6659
f 6237 6660 6238
f 6650 6659 6636
f 6658 6636 6659
f 6451 6629 6661
f 6629 6590 6661
f 6662 6467 6663
f 6664 6660 6239
f 6648 6661 6590
f 6509 6665 6485
f 6237 6239 6660
f 6622 6603 6666
f 6517 6666 6603
f 6517 6470 6666
f 6470 6643 6666
f 6665 6649 6485
f 6667 6644 6495
f 6642 6636 6658
f 6667 6643 6644
f 6604 6605 6668
f 6664 6669 6670
f 6614 6604 6671
f 6668 6671 6604
f 6495 6672 6667
f 6673 6637 6639
f 6671 6639 6614
f 6666 6643 6674
f 6667 6674 6643
f 6658 6675 6642
f 6243 6676 6664
f 6239 6243 6664
f 6677 6658 6678
f 6658 6679 6678
f 6592 6589 6593
f 6591 6593 6589
f 6679 6658 6680
f 6657 6680 6658
f 6636 6600 6650
f 6584 6583 6681
f 6665 6509 6567
f 6623 6682 6532
f 6669 6664 6676
f 6683 6681 6583
f 6250 6606 6243
f 6684 6524 6685
f 6669 6676 6670
f 6665 6567 6262
f 6676 6243 6606
f 6686 6614 6687
f 6688 6686 6687
f 6567 6266 6262
f 6620 6266 6567
f 6689 6583 6585
f 6593 6585 6584
f 6687 6614 6628
f 6690 6691 6692
f 6665 6262 6261
f 6567 6514 6620
f 6693 6694 6695
f 6688 6696 6686
f 6697 6698 6699
f 6700 6701 6699
f 6697 6699 6701
f 6693 6695 6702
f 6703 6663 6467
f 6537 6614 6686
f 6701 6704 6705
f 6701 6705 6697
f 6706 6559 6686
f 6686 6559 6537
f 6707 6705 6704
f 6696 6708 6686
f 6706 6686 6708
f 6704 6709 6707
f 6662 6468 6467
f 6211 6710 6711
f 6712 6627 6713
f 6713 6714 6715
f 6709 6716 6707
f 6717 6716 6709
f 6715 6718 6719
f 6691 6720 6585
f 6715 6721 6713
f 6722 6713 6721
f 6723 6717 6724
f 6704 6724 6717
f 6704 6717 6709
f 6722 6712 6713
f 6695 6694 6713
f 6694 6725 6713
f 6725 6726 6713
f 6211 6210 6710
f 6719 6721 6715
f 6210 6727 6710
f 6714 6713 6726
f 6715 6714 6728
f 6726 6728 6714
f 6728 6718 6715
f 6729 6730 6432
f 6614 6638 6713
f 6727 6730 6729
f 6731 6433 6432
f 6614 6713 6627
f 6732 6729 6431
f 6679 6733 6678
f 6713 6638 6695
f 6734 6702 6638
f 6730 6727 6432
f 6727 6210 6432
f 6638 6637 6734
f 6673 6734 6637
f 6695 6638 6702
f 6735 6736 6737
f 6738 6737 6736
f 6432 6209 6739
f 6738 6740 6737
f 6741 6742 6743
f 6744 6745 6746
f 6735 6737 6747
f 6208 6748 6739
f 6749 6750 6751
f 6751 6752 6749
f 6737 6753 6747
f 6753 6754 6755
f 6755 6747 6753
f 6600 6613 6756
f 6737 6740 6753
f 6757 6758 6759
f 6754 6753 6740
f 6760 6761 6762
f 6761 6763 6762
f 6764 6759 6765
f 6758 6765 6759
f 6763 6766 6762
f 6353 6238 6767
f 6764 6768 6769
f 6765 6768 6764
f 6616 6770 6617
f 6534 6748 6221
f 6222 6221 6748
f 6594 6530 6326
f 6674 6667 6672
f 6751 6750 6746
f 6672 6771 6674
f 6769 6768 6772
f 6773 6772 6768
f 6774 6775 6724
f 6342 6271 6340
f 6352 6776 6342
f 6271 6342 6776
f 6271 6777 6340
f 6353 6767 6257
f 6778 6257 6767
f 6776 6352 6354
f 6354 6346 6776
f 6776 6346 6348
f 6221 6220 6534
f 6600 6756 6601
f 6220 6623 6534
f 6779 6780 6781
f 6752 6782 6749
f 6752 6617 6770
f 6770 6782 6752
f 6664 6783 6660
f 6778 6784 6257
f 6255 6257 6784
f 6784 6778 6785
f 6786 6787 6626
f 6378 6364 6777
f 6682 6778 6767
f 6787 6624 6626
f 6364 6340 6777
f 6380 6378 6777
f 6623 6220 6784
f 6785 6623 6784
f 6744 6746 6750
f 6777 6788 6393
f 6256 6789 6254
f 6789 6255 6784
f 6256 6255 6789
f 6217 6789 6218
f 6784 6218 6789
f 6393 6380 6777
f 6395 6394 6788
f 6394 6393 6788
f 6789 6217 6254
f 6219 6254 6217
f 6412 6790 6413
f 6413 6776 6405
f 6403 6405 6776
f 6401 6403 6776
f 6411 6790 6412
f 6776 6413 6790
f 6401 6776 6406
f 6407 6406 6776
f 6748 6208 6222
f 6723 6724 6791
f 6791 6724 6792
f 6348 6407 6776
f 6411 6417 6790
f 6772 6773 6793
f 6212 6211 6711
f 6790 6419 6418
f 6417 6419 6790
f 6794 6793 6773
f 6395 6788 6397
f 6398 6397 6788
f 6432 6210 6209
f 6208 6739 6209
f 6409 6790 6410
f 6437 6790 6409
f 6795 6685 6796
f 6418 6410 6790
f 6792 6797 6791
f 6612 6756 6613
f 6798 6797 6799
f 6792 6799 6797
f 6685 6795 6793
f 6800 6801 6802
f 6752 6751 6756
f 6794 6685 6793
f 6438 6790 6437
f 6434 6790 6438
f 6436 6790 6434
f 6465 6790 6436
f 6799 6802 6801
f 6799 6801 6798
f 6803 6793 6795
f 6751 6746 6756
f 6795 6796 6656
f 6398 6788 6447
f 6804 6800 6802
f 6447 6788 6448
f 6450 6448 6788
f 6775 6792 6724
f 6656 6655 6803
f 6795 6656 6803
f 6450 6788 6475
f 6805 6803 6655
f 6784 6220 6218
f 6756 6626 6601
f 6475 6788 6477
f 6596 6806 6655
f 6799 6792 6807
f 6775 6807 6792
f 6476 6477 6788
f 6596 6597 6806
f 6808 6756 6809
f 6805 6806 6810
f 6481 6790 6465
f 6490 6790 6481
f 6655 6806 6805
f 6597 6810 6806
f 6811 6812 6756
f 6510 6790 6490
f 6810 6597 6621
f 6586 6621 6597
f 6476 6788 6498
f 6498 6788 6501
f 6529 6500 6183
f 6813 6814 6815
f 6534 6816 6817
f 6818 6815 6814
f 6488 6790 6491
f 6497 6790 6487
f 6488 6487 6790
f 6801 6819 6798
f 6804 6819 6800
f 6820 6814 6813
f 6617 6752 6756
f 6491 6790 6510
f 6821 6822 6804
f 6788 6183 6501
f 6500 6501 6183
f 6183 6326 6529
f 6802 6821 6804
f 6815 6743 6813
f 6742 6813 6743
f 6528 6790 6516
f 6515 6516 6790
f 6497 6515 6790
f 6756 6746 6823
f 6815 6818 6743
f 6824 6743 6818
f 6825 6826 6821
f 6827 6632 6828
f 6612 6617 6756
f 6799 6829 6802
f 6742 6820 6813
f 6756 6830 6809
f 6807 6829 6799
f 6808 6831 6756
f 6829 6832 6802
f 6626 6756 6786
f 6833 6786 6756
f 6552 6554 6790
f 6790 6554 6555
f 6790 6555 6546
f 6535 6559 6790
f 6708 6790 6706
f 6546 6535 6790
f 6559 6706 6790
f 6832 6821 6802
f 6818 6834 6824
f 6757 6824 6834
f 6605 6595 6738
f 6530 6529 6326
f 6832 6825 6821
f 6594 6326 6595
f 6607 6790 6582
f 6598 6790 6573
f 6607 6574 6790
f 6550 6790 6598
f 6528 6582 6790
f 6835 6836 6837
f 6832 6829 6838
f 6573 6790 6574
f 6829 6839 6838
f 6840 6841 6842
f 6668 6605 6738
f 6668 6738 6671
f 6835 6842 6841
f 6639 6671 6738
f 6834 6758 6757
f 6550 6552 6790
f 6791 6797 6819
f 6798 6819 6797
f 6627 6843 6628
f 6712 6843 6627
f 6844 6845 6846
f 6631 6652 6632
f 6790 6696 6688
f 6790 6688 6687
f 6790 6687 6628
f 6790 6628 6843
f 6847 6819 6804
f 6844 6847 6804
f 6790 6708 6696
f 6848 6849 6850
f 6851 6852 6850
f 6851 6850 6853
f 6851 6853 6854
f 6851 6854 6855
f 6849 6856 6850
f 6856 6857 6850
f 6857 6377 6850
f 6376 6850 6377
f 6383 6373 6377
f 6852 6848 6850
f 6836 6858 6859
f 6712 6722 6843
f 6859 6837 6836
f 6860 6851 6855
f 6837 6842 6835
f 6861 6862 6863
f 6432 6431 6729
f 6864 6865 6866
f 6867 6868 6732
f 6869 6840 6842
f 6719 6718 6843
f 6843 6718 6728
f 6852 6870 6848
f 6642 6675 6646
f 6858 6646 6675
f 6675 6859 6858
f 6719 6843 6721
f 6722 6721 6843
f 6693 6738 6694
f 6725 6694 6738
f 6738 6843 6726
f 6681 6648 6592
f 6863 6866 6865
f 6863 6865 6861
f 6725 6738 6726
f 6780 6871 6872
f 6866 6846 6845
f 6866 6845 6864
f 6872 6781 6780
f 6873 6823 6745
f 6863 6874 6866
f 6660 6875 6238
f 6876 6874 6863
f 6639 6738 6673
f 6673 6738 6734
f 6693 6702 6738
f 6734 6738 6702
f 6735 6747 6843
f 6731 6739 6817
f 6735 6843 6736
f 6877 6580 6579
f 6728 6726 6843
f 6736 6843 6738
f 6692 6581 6580
f 6878 6879 6880
f 6581 6703 6579
f 6635 6881 6633
f 6882 6843 6755
f 6747 6755 6843
f 6883 6794 6684
f 6804 6862 6861
f 6804 6861 6865
f 6804 6865 6864
f 6804 6864 6845
f 6844 6804 6845
f 6635 6651 6881
f 6755 6760 6882
f 6754 6760 6755
f 6754 6740 6760
f 6761 6760 6740
f 6884 6766 6740
f 6761 6740 6763
f 6763 6740 6766
f 6796 6685 6524
f 6883 6684 6685
f 6885 6886 6887
f 6885 6887 6888
f 6652 6889 6632
f 6827 6828 6871
f 6890 6891 6892
f 6893 6894 6895
f 6896 6897 6898
f 6898 6893 6896
f 6895 6896 6893
f 6877 6579 6899
f 6897 6896 6900
f 6580 6690 6692
f 6901 6902 6903
f 6756 6823 6811
f 6895 6904 6896
f 6886 6905 6906
f 6907 6908 6904
f 6901 6909 6910
f 6910 6911 6901
f 6902 6901 6911
f 6903 6902 6912
f 6911 6912 6902
f 6912 6913 6903
f 6914 6885 6888
f 6888 6915 6914
f 6916 6771 6672
f 6917 6918 6909
f 6918 6910 6909
f 6877 6899 6580
f 6919 6903 6913
f 6898 6892 6893
f 6920 6892 6898
f 6894 6891 6895
f 6913 6921 6919
f 6847 6844 6922
f 6844 6846 6922
f 6923 6924 6925
f 6926 6925 6924
f 6895 6891 6927
f 6890 6927 6891
f 6916 6928 6771
f 6926 6929 6930
f 6883 6685 6794
f 6819 6847 6922
f 6926 6931 6929
f 6819 6922 6927
f 6890 6819 6927
f 6932 6926 6933
f 6930 6933 6926
f 6927 6904 6895
f 6866 6874 6934
f 6924 6935 6926
f 6936 6720 6937
f 6926 6932 6938
f 6939 6931 6926
f 6689 6585 6720
f 6935 6939 6926
f 6720 6936 6689
f 6934 6846 6866
f 6940 6923 6925
f 6683 6583 6689
f 6926 6938 6941
f 6922 6846 6942
f 6926 6901 6903
f 6915 6756 6812
f 6943 6926 6944
f 6846 6934 6942
f 6922 6942 6945
f 6946 6947 6238
f 6944 6926 6948
f 6905 6949 6950
f 6919 6926 6903
f 6950 6906 6905
f 6942 6951 6945
f 6952 6926 6921
f 6919 6921 6926
f 6925 6926 6953
f 6952 6953 6926
f 6922 6945 6927
f 6953 6940 6925
f 6899 6954 6580
f 6945 6955 6927
f 6690 6937 6691
f 6731 6432 6739
f 6927 6955 6904
f 6906 6887 6886
f 6495 6661 6672
f 6942 6956 6951
f 6945 6957 6955
f 6945 6951 6957
f 6958 6959 6960
f 6801 6800 6819
f 6961 6962 6963
f 6960 6963 6962
f 6959 6963 6960
f 6894 6893 6892
f 6891 6894 6892
f 6821 6826 6964
f 6821 6964 6822
f 6804 6822 6964
f 6965 6964 6826
f 6966 6967 6968
f 6826 6966 6968
f 6826 6968 6965
f 6966 6969 6970
f 6966 6970 6967
f 6748 6817 6739
f 6971 6970 6969
f 6972 6914 6915
f 6915 6812 6972
f 6973 6972 6812
f 6969 6974 6971
f 6812 6811 6973
f 6975 6973 6811
f 6962 6901 6976
f 6811 6823 6975
f 6873 6975 6823
f 6746 6745 6823
f 6623 6778 6682
f 6825 6977 6826
f 6817 6748 6534
f 6826 6977 6966
f 6966 6978 6969
f 6966 6977 6978
f 6979 6842 6980
f 6981 6827 6871
f 6780 6981 6871
f 6825 6982 6977
f 6983 6978 6977
f 6926 6976 6901
f 6965 6968 6964
f 6804 6964 6968
f 6968 6967 6804
f 6970 6804 6967
f 6970 6971 6804
f 6974 6804 6971
f 6984 6974 6985
f 6969 6985 6974
f 6729 6732 6868
f 6863 6862 6985
f 6985 6862 6984
f 6978 6986 6969
f 6926 6943 6976
f 6867 6633 6868
f 6969 6986 6985
f 6987 6988 6976
f 6985 6876 6863
f 6986 6876 6985
f 6683 6689 6936
f 6989 6990 6991
f 6992 6987 6976
f 6986 6993 6876
f 6976 6994 6995
f 6974 6984 6804
f 6862 6804 6984
f 6775 6774 6996
f 6997 6992 6976
f 6998 6996 6774
f 6807 6775 6999
f 6996 6999 6775
f 6976 7000 7001
f 6976 6960 6962
f 7002 7003 7004
f 7005 7006 7001
f 6976 7001 7007
f 7006 7007 7001
f 6960 6976 6958
f 7007 6958 6976
f 6901 6962 6909
f 6807 6999 6839
f 6807 6839 6829
f 7008 7009 7010
f 7011 7012 7013
f 7014 7011 7015
f 7016 7014 7017
f 7016 7017 6949
f 6779 6670 6780
f 6779 6664 6670
f 6946 6238 6875
f 6839 6999 7018
f 7019 7020 7021
f 7022 6741 7023
f 7024 6980 7025
f 6976 7026 6997
f 7027 7028 6997
f 7008 7029 7009
f 6997 7030 7027
f 7031 6874 6876
f 7026 6976 6943
f 6785 6778 6623
f 6961 6917 6962
f 6950 6949 7017
f 7026 7030 6997
f 7032 7026 6943
f 6869 6842 6979
f 7033 6979 6980
f 6944 7034 6943
f 6980 7024 7033
f 7029 7024 7025
f 7025 7009 7029
f 6909 6962 6917
f 7012 7008 7010
f 6948 7035 7036
f 7010 7013 7012
f 7013 7015 7011
f 7037 7038 7039
f 7015 7017 7014
f 7032 7030 7026
f 7040 7041 7042
f 7032 6943 7034
f 7043 6678 7044
f 7036 7034 6944
f 6948 7036 6944
f 6859 6658 6837
f 7045 7046 7047
f 6842 6837 6658
f 7047 7048 7045
f 7020 7049 7050
f 6988 7051 7052
f 7053 6988 6987
f 7019 7021 7054
f 6992 7055 6987
f 6495 6451 6661
f 6859 6675 6658
f 7053 7051 6988
f 7053 6987 7055
f 6980 6658 7056
f 6658 6980 6842
f 7028 7055 6992
f 6992 6997 7028
f 6926 7057 7058
f 7059 7060 6957
f 6678 6733 7044
f 6677 7061 7062
f 7056 6658 6677
f 7063 7057 7064
f 7065 6677 7043
f 7066 7067 7068
f 7064 7057 6941
f 7068 7023 6741
f 6677 7069 7061
f 6926 6941 7057
f 7070 6677 7065
f 7071 7058 7057
f 7070 7072 6677
f 7071 7057 7073
f 7063 7073 7057
f 6677 7074 7069
f 7069 7075 7061
f 7061 7076 7077
f 6926 7058 6948
f 7078 7079 6957
f 6678 7043 6677
f 6957 7080 7078
f 7075 7069 7074
f 6948 7058 7035
f 7081 7035 7058
f 7075 7076 7061
f 7082 6934 6874
f 7071 7081 7058
f 7083 7077 7076
f 6874 7031 7082
f 6956 6934 7082
f 7072 7074 6677
f 7084 7000 6976
f 7067 7066 6928
f 6976 7085 7084
f 7082 7086 6956
f 7087 7088 6809
f 6934 6956 6942
f 7085 6976 6995
f 6381 6384 7040
f 6808 6809 7088
f 7089 6808 7088
f 6988 7090 6976
f 6833 6756 6831
f 7089 6831 6808
f 7023 7068 7067
f 7039 7045 7037
f 7042 6375 6381
f 7038 7091 7039
f 7091 7092 7093
f 6994 7094 6995
f 7040 7042 6381
f 7090 6994 6976
f 7021 6373 6375
f 7031 6422 7082
f 6916 7095 6928
f 7095 7067 6928
f 7082 7096 7086
f 7042 7021 6375
f 7097 6995 7094
f 7046 7098 7099
f 7090 7100 6994
f 7099 7101 7046
f 7090 6988 7052
f 7048 7037 7045
f 6376 6373 7050
f 7092 7003 7093
f 7050 6373 7021
f 7000 7084 7102
f 6956 7103 6951
f 7104 7105 7102
f 6809 7106 7087
f 6956 7086 7103
f 7000 7102 7107
f 7105 7107 7102
f 7050 7004 6376
f 6951 7080 6957
f 7001 7000 7005
f 7107 7005 7000
f 7108 6825 6832
f 6196 6198 6383
f 7108 6832 6838
f 7108 6982 6825
f 7094 6994 7100
f 7109 7100 7090
f 7108 6416 6982
f 7109 7090 7052
f 6982 6983 6977
f 6991 7110 7111
f 7017 7056 6950
f 7111 6989 6991
f 6906 6950 7056
f 7112 7113 7114
f 7115 7116 7117
f 7097 7118 6995
f 6838 6414 7108
f 7115 7117 7119
f 7108 6414 6416
f 7117 7120 7119
f 7121 7119 7120
f 6416 6446 6982
f 7122 7121 7120
f 7120 7123 7122
f 6982 6446 6983
f 7124 7125 7084
f 7084 7126 7124
f 7102 7084 7104
f 7125 7104 7084
f 6446 6429 6983
f 7127 6986 6978
f 7128 7112 7114
f 6983 7127 6978
f 7118 7128 7114
f 7114 6995 7118
f 7129 7130 7131
f 7127 6993 6986
f 6384 6385 7132
f 7084 7085 7133
f 6993 7031 6876
f 7132 7040 6384
f 7134 7135 7136
f 7137 7135 7134
f 6429 7127 6983
f 7138 7139 7056
f 7056 7013 7010
f 6420 6993 7127
f 6429 6420 7127
f 6915 6888 7056
f 6420 6422 6993
f 6888 6887 7056
f 6993 6422 7031
f 7056 7017 7015
f 6691 6937 6720
f 7140 7141 7142
f 7112 7143 7113
f 7113 7143 7142
f 7085 6995 7114
f 6887 6906 7056
f 7084 7133 7126
f 7144 7145 7146
f 7147 7148 7149
f 7147 7149 7150
f 7015 7013 7056
f 7151 7152 7153
f 7154 7124 7126
f 7056 6830 6756
f 7056 7025 6980
f 7140 7142 7143
f 7155 7147 7150
f 7156 7157 7158
f 7159 7155 7150
f 7159 7150 7160
f 7056 7010 7009
f 7161 7150 7149
f 7162 7163 7133
f 7162 7133 7164
f 7165 7158 7157
f 7163 7154 7126
f 7163 7126 7133
f 7150 7161 7166
f 7150 7166 7160
f 7167 7159 7160
f 7168 7142 7141
f 6756 6915 7056
f 7169 7122 7123
f 7123 7129 7169
f 7144 7170 7131
f 7171 7172 7149
f 7151 7173 7146
f 7056 7009 7025
f 7165 7174 7153
f 7175 6830 7056
f 7056 7062 7138
f 7176 7177 7178
f 7161 7149 7172
f 7056 6677 7062
f 7179 7138 7137
f 7135 7137 7138
f 7179 7139 7138
f 7114 7113 7085
f 7142 7168 7085
f 7056 7180 7175
f 7181 7182 7183
f 7179 7184 7139
f 7184 7185 7056
f 7184 7056 7139
f 7186 7187 7085
f 7172 7188 7161
f 7172 7189 7188
f 7185 7190 7180
f 7185 7180 7056
f 7142 7085 7113
f 7191 7192 7183
f 7190 7193 7180
f 7133 7085 7164
f 7183 7192 7181
f 7194 7085 7195
f 7191 7196 7197
f 7194 7198 7164
f 7194 7164 7085
f 7199 6809 6830
f 7198 7162 7164
f 7147 7155 7200
f 7159 7200 7155
f 7201 7202 7203
f 7175 7204 6830
f 7205 7168 7206
f 7206 7168 7207
f 7202 7208 7203
f 7209 7210 7197
f 7141 7207 7168
f 7197 7210 7211
f 7212 6830 7213
f 7203 7214 7201
f 7215 7199 7212
f 7205 7085 7168
f 7204 7216 6830
f 6830 7212 7199
f 7217 7106 7199
f 7218 7219 7220
f 7193 7221 7175
f 7193 7175 7180
f 7187 7222 7223
f 7224 7220 7219
f 7221 7216 7204
f 7221 7204 7175
f 7176 7225 7177
f 7222 7226 7223
f 7213 6830 7216
f 7220 7227 6819
f 7199 7215 7217
f 7227 7220 7224
f 6727 7228 6710
f 7203 7208 7224
f 7227 7224 7208
f 7226 7229 7230
f 6809 7199 7106
f 7230 7223 7226
f 7077 7062 7061
f 7062 7135 7138
f 7231 7232 7062
f 7083 7231 7077
f 7062 7077 7231
f 7233 7234 7235
f 7135 7062 7136
f 7232 7136 7062
f 7236 6711 6710
f 7235 7237 7219
f 7238 7239 7240
f 7241 7222 7187
f 7242 7243 7244
f 7241 7187 7186
f 7244 7243 7245
f 7205 7186 7085
f 7246 7247 7229
f 7235 7248 7237
f 7249 7241 7186
f 6717 6819 7227
f 7186 7205 7249
f 7250 7249 7205
f 7227 7208 6717
f 7208 7202 6717
f 7202 7201 6717
f 7251 6717 7201
f 7206 7250 7205
f 7167 7160 7252
f 6741 7022 6742
f 7182 7181 7253
f 7254 7252 7160
f 7255 7256 7085
f 7257 7254 7219
f 7254 7257 7252
f 7258 7255 7085
f 7242 7244 7253
f 7235 7219 7254
f 7181 7242 7253
f 7257 7218 6819
f 7259 7260 7261
f 7218 7257 7219
f 7260 7259 7262
f 7233 7254 7160
f 7263 7264 7240
f 7265 7264 7263
f 7160 7166 7233
f 7254 7233 7235
f 7266 7267 7159
f 7218 7220 6819
f 7268 7259 7269
f 7270 7269 7259
f 7181 7271 7242
f 7272 7251 7214
f 7192 7271 7181
f 7251 7201 7214
f 7271 7273 7242
f 7274 7195 7256
f 6716 7272 7275
f 7214 7275 7272
f 7271 7276 7273
f 7242 7273 7243
f 7277 7274 7256
f 7278 7277 7255
f 7256 7255 7277
f 7085 7256 7195
f 7191 7211 7192
f 7191 7197 7211
f 7211 7279 7192
f 6717 7251 7272
f 7280 7281 6633
f 7192 7279 7271
f 7279 7276 7271
f 7267 7266 7282
f 7283 7284 7285
f 7284 7286 7287
f 7288 7200 7289
f 7211 7290 7279
f 7200 7267 7282
f 7200 7282 7289
f 7211 7210 7290
f 7291 7288 7289
f 7291 7289 7171
f 7246 7292 7247
f 7289 7293 7171
f 7294 7291 7171
f 7262 7259 7268
f 7148 7295 7149
f 7295 7294 7171
f 7149 7295 7171
f 7230 7229 7247
f 7296 7264 7297
f 6631 7298 6881
f 7282 7299 7300
f 6631 6645 7298
f 7301 7302 7303
f 7301 7278 7255
f 7301 7255 7302
f 7209 7119 7210
f 7119 7209 7115
f 7282 7300 7289
f 7292 7287 7286
f 7286 7247 7292
f 7293 7289 7300
f 7276 7279 7304
f 7171 7293 7172
f 7290 7304 7279
f 7304 7305 7276
f 7210 7121 7290
f 7306 7307 7308
f 7121 7210 7119
f 7122 7290 7121
f 7290 7122 7304
f 7309 7310 7306
f 7311 7309 7308
f 7306 7308 7309
f 7310 7312 7307
f 7310 7307 7306
f 7200 7159 7267
f 7148 7147 7200
f 7288 7291 7200
f 7291 7295 7200
f 7294 7295 7291
f 7148 7200 7295
f 7312 7313 7314
f 7312 7314 7307
f 7313 7315 7314
f 6881 7316 6633
f 7317 7318 7319
f 7317 7319 7320
f 7311 7308 7321
f 7314 7322 7307
f 7323 7317 7320
f 7324 7325 7326
f 7327 7328 7329
f 7326 7323 7320
f 7324 7326 7320
f 7230 7247 7330
f 7266 7325 7324
f 7266 7324 7282
f 7308 7307 7322
f 7245 7243 7331
f 7282 7324 7299
f 7331 7327 7245
f 7332 7322 7315
f 7247 7286 7330
f 7327 7331 7328
f 7319 7333 7334
f 7319 7334 7335
f 7331 7336 7337
f 7338 7238 7339
f 7319 7335 7320
f 7320 7335 7340
f 7331 7337 7328
f 6592 6584 6681
f 7336 7331 7243
f 7320 7340 7324
f 7243 7273 7336
f 7341 7342 7336
f 7324 7340 7299
f 7343 7238 7344
f 7336 7342 7337
f 7339 7345 7338
f 7346 7347 7345
f 7341 7336 7273
f 7273 7276 7341
f 7345 7347 7348
f 7317 7323 7159
f 7326 7159 7323
f 7326 7325 7159
f 7266 7159 7325
f 7346 7339 7343
f 7349 7350 7333
f 7345 7348 7338
f 7351 7338 7348
f 7333 7319 7349
f 7318 7349 7319
f 7351 7352 7338
f 7353 7338 7352
f 7354 7334 7333
f 7276 7305 7341
f 7308 7353 7321
f 7352 7321 7353
f 7350 7349 7159
f 7349 7318 7159
f 7318 7317 7159
f 7355 7356 6820
f 7338 7353 7308
f 7357 7358 7359
f 7329 7360 7361
f 7359 7362 7363
f 7344 7264 7364
f 7329 7328 7360
f 7363 7365 7359
f 7346 7345 7339
f 7343 7339 7238
f 7366 7367 7361
f 7264 7344 7238
f 7368 7259 7369
f 7370 7365 7363
f 7357 7359 7365
f 7239 7238 7338
f 7360 7366 7361
f 7350 7370 7363
f 7333 7350 7363
f 7371 7372 7373
f 7374 7375 7369
f 7258 7302 7255
f 7376 7377 7360
f 7378 7303 7258
f 7375 7374 7308
f 7379 7308 7374
f 7360 7377 7366
f 7380 7381 7258
f 7308 7379 7338
f 7239 7338 7379
f 7382 7380 7383
f 7384 7383 7380
f 7382 7385 7381
f 7382 7381 7380
f 7366 7386 7367
f 7362 7387 7363
f 7388 7389 7390
f 7362 7391 7387
f 7364 7264 7296
f 7392 7297 7264
f 7366 7393 7386
f 7385 7378 7258
f 7385 7258 7381
f 7354 7333 7363
f 7394 7264 7395
f 7265 7395 7264
f 7396 7392 7394
f 7302 7258 7303
f 7367 7386 7397
f 7238 7240 7264
f 7384 7398 7383
f 7354 7363 7387
f 7259 7261 7369
f 7376 7360 7328
f 7396 7399 7392
f 7337 7376 7328
f 7373 7400 7401
f 7376 7402 7377
f 7401 7371 7373
f 7264 7394 7392
f 7368 7369 7375
f 7377 7393 7366
f 7387 7403 7354
f 7342 7404 7337
f 7167 7252 7350
f 7159 7167 7350
f 7337 7404 7376
f 6819 6890 7365
f 7405 7297 7392
f 7404 7402 7376
f 7406 7283 7407
f 7408 7405 7392
f 7409 7410 7411
f 7412 7413 7406
f 7414 7411 7410
f 6892 7410 7409
f 7402 7415 7377
f 6599 6625 7416
f 6269 7416 7417
f 7270 7418 7417
f 7411 7414 7419
f 7420 7409 7411
f 7420 7411 7359
f 7421 7406 7422
f 7406 7407 7423
f 6599 7416 6294
f 6295 6294 7416
f 7377 7415 7393
f 7411 7362 7359
f 6295 7416 6297
f 6298 6297 7416
f 7358 7420 7359
f 6294 6339 6599
f 6336 6599 6337
f 7421 7412 7406
f 7330 7406 7413
f 6337 6599 6339
f 7424 7411 7425
f 7419 7425 7411
f 7330 7413 7426
f 6369 7427 6366
f 6372 7427 6369
f 7362 7411 7424
f 6423 6483 6503
f 6483 6444 6503
f 6444 6479 6503
f 6502 6503 6479
f 6496 6502 6479
f 6478 6496 6479
f 6489 6496 6482
f 6361 7427 6360
f 6360 6496 6489
f 7428 7429 7404
f 6482 6496 6478
f 7404 7429 7402
f 7430 7391 7424
f 7402 7431 7415
f 6494 6493 7432
f 6493 6492 7432
f 7427 7432 6492
f 6580 6954 6690
f 7424 7391 7362
f 7433 7342 7341
f 6496 7427 6492
f 7341 7305 7433
f 7434 7435 7430
f 7433 7428 7342
f 6455 6439 6503
f 6507 6455 6503
f 7365 7370 7252
f 7404 7342 7428
f 6424 6423 6503
f 6439 6424 6503
f 7358 7357 6890
f 7357 7365 6890
f 6336 6525 6599
f 7172 7293 7189
f 7422 7406 7436
f 7423 7436 7406
f 7437 7407 7283
f 6544 6540 6599
f 7438 7166 7161
f 6539 6599 6540
f 6544 6599 6545
f 7161 7188 7438
f 6545 6599 6548
f 7438 7439 7166
f 6548 6599 6523
f 7437 7283 7285
f 7287 7285 7284
f 6523 6599 6526
f 7380 7330 7384
f 7390 7298 6645
f 6526 6599 6525
f 7440 7330 7441
f 7440 7441 7442
f 7390 6645 7388
f 6539 6556 6599
f 6599 6560 6563
f 6560 6599 6556
f 7428 7174 7429
f 6566 6602 6563
f 7330 7443 7444
f 7429 7431 7402
f 7330 7258 7085
f 7188 7445 7438
f 6576 6575 7432
f 7438 7445 7439
f 6575 6569 7432
f 6569 6568 7432
f 6568 6494 7432
f 7330 7286 7284
f 7432 6588 6577
f 6578 6577 6588
f 7166 7439 7233
f 7432 6577 6576
f 7284 7283 7330
f 6630 6645 6631
f 7439 7234 7233
f 7223 7230 7330
f 6565 6564 6602
f 7085 7187 7330
f 7330 7446 7443
f 6565 6602 6566
f 6588 7432 6564
f 7187 7223 7330
f 7447 7299 7340
f 7432 6602 6564
f 7340 7448 7447
f 7299 7447 7449
f 7432 7450 6602
f 7299 7449 7300
f 6599 6563 6602
f 7426 7446 7330
f 7300 7451 7293
f 7283 7406 7330
f 6624 7417 6625
f 7300 7449 7451
f 7417 7416 6625
f 7293 7451 7189
f 6615 6641 6618
f 6611 6615 6618
f 7380 7258 7330
f 6615 6640 6641
f 6646 6616 6641
f 6616 6618 6641
f 7444 7441 7330
f 7450 6657 6659
f 7452 7453 6878
f 6650 6602 6659
f 7450 6659 6602
f 7448 7454 7447
f 7455 7451 7449
f 7044 6733 7450
f 7442 7456 7440
f 7456 7457 7330
f 7456 7330 7440
f 6680 7450 6679
f 6733 6679 7450
f 6657 7450 6680
f 7305 7169 7129
f 7305 7129 7131
f 7305 7131 7170
f 7457 7398 7330
f 7384 7330 7398
f 6787 6786 7417
f 6624 6787 7417
f 7458 7335 7334
f 7305 7170 7433
f 6782 6770 6858
f 6646 6858 6770
f 6616 6646 6770
f 7458 7334 7459
f 7173 7428 7433
f 7335 7458 7448
f 7460 7461 7462
f 6831 7417 6833
f 7458 7463 7448
f 7173 7433 7146
f 7144 7146 7433
f 7170 7144 7433
f 6786 6833 7417
f 7335 7448 7340
f 7153 7428 7151
f 7174 7428 7153
f 7173 7151 7428
f 6841 6744 6835
f 6750 6749 6835
f 6836 6835 6749
f 6840 6744 6841
f 6979 6744 6869
f 6749 6782 6836
f 6750 6835 6744
f 6858 6836 6782
f 7429 7157 7431
f 6869 6744 6840
f 7459 7464 7458
f 7157 7429 7165
f 7174 7165 7429
f 7169 7305 7304
f 6949 6905 6886
f 6949 6886 6885
f 6949 6885 6914
f 6949 6914 6972
f 7029 7008 6973
f 6975 7029 6973
f 6745 6979 6873
f 6744 6979 6745
f 6873 7024 6975
f 7304 7122 7169
f 7415 7465 7393
f 7448 7463 7454
f 6972 6973 7008
f 7011 6972 7012
f 7008 7012 6972
f 7029 6975 7024
f 7024 6873 7033
f 7014 6972 7011
f 7016 6972 7014
f 6949 6972 7016
f 7033 6873 6979
f 7450 6189 7043
f 7450 7043 7044
f 7462 7466 7467
f 7467 7460 7462
f 7070 7065 6189
f 7065 7043 6189
f 7430 7468 7469
f 7074 7072 7075
f 7469 7391 7430
f 7072 7070 7075
f 7470 7387 7391
f 7076 7075 7070
f 7231 7083 7070
f 7391 7469 7470
f 7403 7387 7470
f 7089 7088 7417
f 7471 7472 6701
f 7089 7417 6831
f 6701 7472 6704
f 7106 7417 7087
f 7087 7417 7088
f 7334 7354 7459
f 7403 7459 7354
f 7472 6724 6704
f 7471 7473 7472
f 7474 7473 7471
f 7070 6189 7232
f 7472 6774 6724
f 7472 7473 6774
f 7134 6189 7137
f 7137 6189 7179
f 7179 6189 7184
f 7184 6189 7185
f 7185 6189 7190
f 7470 7475 7403
f 7475 7476 7403
f 7477 7478 7479
f 7329 7361 7479
f 7474 7479 7480
f 6203 7481 7482
f 7483 7482 7481
f 7479 7361 7480
f 6203 6202 7484
f 7481 6203 7484
f 6224 7484 6202
f 6202 6225 6224
f 6224 6223 6227
f 7474 7480 7473
f 7473 7480 6998
f 7190 6189 7193
f 7193 6189 7221
f 7221 6189 7216
f 7216 6189 7213
f 6280 6279 7482
f 6280 7482 7483
f 7473 6998 6774
f 7213 6189 7212
f 7260 7262 7212
f 6231 6203 6279
f 7482 6279 6203
f 7215 7212 7417
f 7101 7099 6703
f 7106 7217 7417
f 7215 7417 7217
f 7367 6998 7480
f 7177 6872 7178
f 7361 7367 7480
f 6248 7485 6246
f 6283 6246 7485
f 6998 7397 6996
f 7369 7265 7239
f 6794 6773 7486
f 6998 7367 7397
f 7136 6189 7134
f 7260 7212 7261
f 7481 7484 7487
f 7488 7489 7490
f 6280 7483 7481
f 7491 7489 7488
f 7492 7489 7491
f 7493 7494 7492
f 7481 7487 6280
f 6189 7261 7212
f 7136 7232 6189
f 7231 7070 7232
f 7083 7076 7070
f 7495 7496 7497
f 7497 7498 7499
f 7499 7498 7500
f 7500 7501 7502
f 7261 6189 7369
f 7263 7239 7265
f 6820 6742 7355
f 7265 7369 6189
f 6194 7265 6189
f 6281 7503 6277
f 6277 6260 6281
f 6273 6277 7503
f 7503 7504 6273
f 6248 6273 7504
f 7240 7239 7263
f 7505 7485 6248
f 7369 7239 7374
f 7379 7374 7239
f 7500 7491 7488
f 7499 7500 7488
f 7497 7499 7488
f 7490 7506 7507
f 7508 7487 7484
f 7509 7452 7510
f 6281 6280 7511
f 6280 7487 7511
f 6281 7511 7503
f 7497 7488 7490
f 6293 7512 6226
f 7417 7212 7262
f 6224 6227 7513
f 7493 7492 7514
f 7492 7502 7514
f 7515 7514 7502
f 7513 7508 6224
f 7484 6224 7508
f 7492 7491 7500
f 7492 7500 7502
f 7467 7466 7516
f 7270 7417 7269
f 7268 7417 7262
f 7517 7518 7519
f 7517 7519 7520
f 7521 7522 7489
f 7518 7523 7524
f 7518 7524 7519
f 7521 7489 7525
f 7269 7417 7268
f 7526 7524 7523
f 7526 7523 7527
f 7527 7528 7529
f 7527 7529 7526
f 7527 7523 7518
f 7517 7528 7518
f 7527 7518 7528
f 7529 7520 7519
f 7524 7526 7519
f 7529 7519 7526
f 7530 7466 7462
f 7310 7408 7312
f 7531 7532 7408
f 7219 7237 7224
f 7533 7534 7535
f 7364 7408 7344
f 7536 7537 7538
f 7535 6716 7533
f 7343 7408 7346
f 7346 7408 7347
f 7344 7408 7343
f 7539 7537 7540
f 6716 7275 7533
f 7534 7541 7542
f 7534 7542 7535
f 7347 7408 7348
f 7348 7408 7351
f 7520 7542 7541
f 7520 7541 7517
f 7248 7235 7234
f 7310 7309 7408
f 7528 7543 7544
f 7528 7544 7529
f 7462 7537 7539
f 7543 7545 7546
f 7543 7546 7544
f 7351 7408 7352
f 7321 7408 7311
f 7352 7408 7321
f 7309 7311 7408
f 7547 7214 7203
f 7047 7101 6467
f 7462 7539 7548
f 7203 7224 7547
f 7296 7297 7408
f 7545 7549 7546
f 6194 7550 7399
f 7395 7265 6194
f 7394 7395 6194
f 6699 6698 7549
f 6698 7546 7549
f 7551 7552 7536
f 6194 7399 7394
f 7396 7394 7399
f 7553 7547 7224
f 6701 6700 7554
f 7540 7555 7539
f 7237 7553 7224
f 7405 7408 7297
f 7553 7556 7547
f 6723 6791 6819
f 6717 6723 6819
f 7252 7257 6819
f 7462 7548 7530
f 7364 7296 7408
f 7557 7416 6269
f 7557 6323 6322
f 6320 7558 6321
f 7214 7559 7275
f 7540 7560 7555
f 7555 7561 7539
f 7272 6716 6717
f 7562 7563 7564
f 7248 7565 7237
f 7248 7234 7244
f 7537 7566 7540
f 7560 7540 7567
f 7439 7253 7234
f 7253 7244 7234
f 7552 7568 7537
f 7537 7536 7552
f 7569 7570 7571
f 7533 7571 7570
f 7244 7245 7248
f 7570 7569 7572
f 7570 7572 7573
f 7248 7245 7565
f 7573 7572 7574
f 7573 7574 7575
f 7576 6684 7486
f 7575 7574 7577
f 7575 7577 7549
f 6860 7486 6773
f 7568 7567 7566
f 7568 7566 7537
f 7565 7553 7237
f 7573 7575 7570
f 7533 7570 7575
f 7533 7575 7549
f 7533 7549 7545
f 7543 7534 7545
f 7528 7517 7543
f 7517 7541 7543
f 7534 7543 7541
f 7533 7545 7534
f 7578 7579 7565
f 7566 7567 7540
f 7327 7580 7565
f 7539 7581 7582
f 6698 6705 6716
f 7535 7546 6716
f 7529 7544 7542
f 7520 7529 7542
f 7542 7546 7535
f 7546 7542 7544
f 6698 6716 7546
f 6705 6707 6716
f 6697 6705 6698
f 7560 7561 7555
f 7327 7565 7245
f 6819 7365 7252
f 7370 7350 7252
f 7581 7539 7561
f 7498 7497 7496
f 7583 7500 7498
f 7501 7500 7583
f 7515 7502 7501
f 7584 7585 7586
f 7584 7586 7587
f 7588 7498 7589
f 7585 7590 7591
f 7585 7591 7586
f 7592 7495 7593
f 7594 7595 7548
f 7582 7596 7548
f 7596 7594 7548
f 7050 7021 7020
f 7539 7582 7548
f 7597 7598 7599
f 7498 7588 7583
f 7600 7583 7588
f 7600 7501 7583
f 7501 7601 7515
f 7590 7602 7603
f 7590 7603 7591
f 7604 7462 7461
f 7605 7606 7607
f 7496 7589 7498
f 7537 7536 7608
f 7042 7054 7021
f 7602 7610 7611
f 7602 7611 7603
f 7132 7110 7040
f 7608 7536 7609
f 7537 7609 7536
f 7538 7608 7536
f 7612 7606 7605
f 7606 7613 7607
f 7613 7614 7607
f 7609 7608 7538
f 7611 7587 7586
f 7591 7603 7586
f 7611 7586 7603
f 7536 7608 7551
f 6880 6879 7615
f 7602 7590 7585
f 7584 7610 7585
f 7602 7585 7610
f 7616 7489 7494
f 7609 7617 7608
f 6879 6878 7453
f 7514 7618 7493
f 7609 7537 7608
f 7538 7619 7609
f 7489 7492 7494
f 7494 7618 7616
f 7462 7604 7538
f 7494 7493 7618
f 7537 7462 7538
f 7525 7489 7616
f 7618 7620 7616
f 7621 7622 7623
f 7621 7624 7538
f 7621 7538 7622
f 7624 7625 7619
f 7624 7619 7538
f 7626 7627 7410
f 7625 7617 7609
f 7625 7609 7619
f 7514 7515 7601
f 7580 7628 7601
f 7551 7608 7617
f 6871 6828 7178
f 7601 7501 7600
f 7626 6892 7629
f 7630 7629 6892
f 7631 7516 7466
f 7466 7632 7631
f 7626 7410 6892
f 7564 7633 7510
f 7630 7634 7635
f 7630 7635 7629
f 7580 7601 7600
f 7614 7636 7637
f 7638 7637 7636
f 7639 7471 7640
f 7587 7635 7634
f 7587 7634 7584
f 7474 7471 7641
f 7642 7641 7471
f 7639 7642 7471
f 7607 7614 7643
f 7637 7638 7644
f 6773 6768 6860
f 7645 7643 7637
f 7640 7646 7639
f 6765 6758 7647
f 7474 7641 7648
f 7648 7649 7474
f 6834 7650 6758
f 7610 7651 7652
f 7610 7652 7611
f 7521 7649 7522
f 7648 7522 7649
f 7522 7641 7642
f 7641 7522 7648
f 7651 7653 7654
f 7651 7654 7652
f 6897 6920 6898
f 7655 7622 7656
f 7538 7656 7622
f 6920 6897 6900
f 6579 7657 6899
f 7538 7604 7656
f 7655 7623 7622
f 7548 7658 7659
f 7660 7658 7548
f 6794 7486 6684
f 7661 7466 7530
f 6308 7662 6900
f 7663 6900 7662
f 7632 7466 7661
f 7588 7664 7579
f 7665 7660 7548
f 7647 6758 7650
f 7666 7556 7553
f 7663 7654 6920
f 6872 7177 6781
f 7547 7556 7667
f 7547 7667 7668
f 7665 7548 7595
f 7553 7664 7666
f 7653 6920 7654
f 6900 7663 6920
f 6269 7125 7669
f 6900 6896 7670
f 7671 6911 6269
f 6908 7670 6896
f 7667 7556 7589
f 7588 7589 7664
f 6896 6904 6908
f 7672 7673 6955
f 6917 6269 6918
f 6961 6269 6917
f 6918 6269 6910
f 6912 6911 7674
f 6910 6269 6911
f 6912 7674 6913
f 6907 6904 7675
f 7666 7589 7556
f 7664 7589 7666
f 7671 7674 6911
f 6952 6921 6271
f 6271 6913 7674
f 6913 6271 6921
f 7668 7676 7547
f 6953 6952 6271
f 7674 6291 6271
f 7225 7677 7678
f 7670 6908 6308
f 6776 6939 6935
f 6935 6924 6776
f 7668 7667 7679
f 7670 6308 6900
f 7589 7679 7667
f 6271 6776 6924
f 6923 6271 6924
f 6929 6776 6930
f 6908 6907 6308
f 7680 7479 7649
f 7474 7649 7479
f 6931 6776 6929
f 6939 6776 6931
f 7680 7681 7479
f 7478 7620 7329
f 6271 6923 6940
f 7329 7479 7478
f 7681 7477 7479
f 7525 7477 7521
f 7649 7521 7680
f 6271 6940 6953
f 7680 7521 7681
f 7681 7521 7477
f 7675 6308 6907
f 7620 7682 7329
f 6904 6955 7673
f 7401 7388 7452
f 6955 7683 7672
f 7478 7616 7620
f 6958 6269 6959
f 6904 7673 7675
f 7477 7616 7478
f 7525 7616 7477
f 7682 7327 7329
f 7620 7618 7682
f 7006 7005 6269
f 7107 6269 7005
f 7514 7682 7618
f 7628 7327 7682
f 7006 6269 7007
f 6958 7007 6269
f 7628 7580 7327
f 6963 6959 6269
f 6961 6963 6269
f 7672 7683 6309
f 7628 7682 7601
f 7034 6790 7032
f 7030 7032 6790
f 7027 7030 6790
f 7035 6790 7036
f 7673 7672 6309
f 7514 7601 7682
f 7615 6990 6880
f 7055 7028 6790
f 7028 7027 6790
f 7053 7055 6790
f 7051 7053 6790
f 7063 7064 6790
f 6310 6309 7683
f 7684 7565 7580
f 7578 7565 7684
f 7064 6941 6790
f 6776 6790 6941
f 6776 6941 6938
f 6776 6938 6932
f 6932 6933 6776
f 6933 6930 6776
f 7684 7580 7600
f 7073 6790 7071
f 7035 7081 6790
f 7071 6790 7081
f 7553 7565 7579
f 7063 6790 7073
f 7034 7036 6790
f 7104 6269 7105
f 7579 7664 7553
f 7105 6269 7107
f 7579 7578 7588
f 7100 6790 7094
f 7097 7094 6790
f 6310 7683 7060
f 7124 7154 7669
f 7104 7125 6269
f 6818 7685 6834
f 7578 7684 7588
f 7125 7124 7669
f 7600 7588 7684
f 7424 7686 7430
f 7685 6818 6814
f 7128 7118 6790
f 7118 7097 6790
f 7112 7128 6790
f 7471 6701 7640
f 7677 7687 7356
f 7100 7109 6790
f 7109 7052 6790
f 7052 7051 6790
f 7688 7689 7690
f 7689 7691 7690
f 7689 7688 7692
f 7693 7506 7689
f 7489 7689 7506
f 7490 7489 7506
f 7692 7693 7689
f 7163 7467 7154
f 7509 7510 7633
f 7495 7497 7694
f 7695 7694 7497
f 7467 7669 7154
f 7490 7507 7497
f 7143 7112 6790
f 6790 7421 7143
f 7593 7495 7694
f 7195 7467 7194
f 7696 7697 7698
f 7698 7699 7696
f 7700 7696 7699
f 7194 7467 7198
f 7198 7467 7162
f 7163 7162 7467
f 7695 7497 7507
f 7141 7140 7421
f 7140 7143 7421
f 7178 7701 7176
f 7695 7507 7694
f 7702 7694 7507
f 7229 7226 7222
f 7229 7222 7241
f 7250 7421 7249
f 7206 7421 7250
f 7241 7249 7229
f 7593 7694 7702
f 7703 7686 7424
f 7430 7686 7704
f 7246 7249 7292
f 7422 7249 7421
f 7141 7421 7207
f 7705 7706 7707
f 7708 7709 7507
f 7705 7708 7507
f 7710 7707 7706
f 7710 7706 7711
f 7698 7697 7711
f 7704 7434 7430
f 7699 7698 7690
f 7688 7690 7698
f 6251 7712 6198
f 7195 7274 7467
f 7690 7713 7714
f 7700 7699 7714
f 7690 7714 7699
f 7705 7507 7506
f 7705 7506 7706
f 7693 7706 7506
f 7277 7467 7274
f 7692 7711 7706
f 7692 7706 7693
f 7698 7711 7692
f 7698 7692 7688
f 7434 7704 7487
f 7467 7301 7303
f 7715 7716 7489
f 7716 7717 7489
f 7689 7489 7717
f 6768 6870 6860
f 7301 7467 7278
f 7277 7278 7467
f 7686 7487 7704
f 7646 7715 7489
f 7522 7646 7489
f 7718 7496 7495
f 7719 7496 7718
f 7703 7487 7686
f 7292 7249 7287
f 7229 7249 7246
f 7589 7496 7709
f 7496 7719 7709
f 6765 7720 6768
f 7495 7592 7718
f 7467 7382 7383
f 7718 7592 7719
f 7382 7467 7385
f 7424 7425 7721
f 7721 7703 7424
f 7385 7467 7378
f 7303 7378 7467
f 7710 7711 7697
f 7457 7467 7398
f 7708 7679 7709
f 7426 7413 6843
f 7722 7679 7707
f 6790 6843 7421
f 7719 7592 7709
f 7593 7702 7592
f 7702 7507 7709
f 7708 7705 7707
f 7709 7592 7702
f 7511 7414 7410
f 7714 7723 7700
f 7487 7703 7511
f 7412 7421 6843
f 7589 7709 7679
f 7414 7511 7419
f 7722 7707 7710
f 7419 7511 7425
f 7425 7511 7721
f 7678 6781 7177
f 7708 7707 7679
f 7423 7249 7436
f 7407 7249 7423
f 7207 7421 7206
f 7721 7511 7703
f 7723 7724 7696
f 7436 7249 7422
f 7285 7249 7437
f 7287 7249 7285
f 7437 7249 7407
f 7456 7442 6843
f 7696 7700 7723
f 7697 7696 7724
f 7443 6843 7444
f 7725 7724 7726
f 7723 7726 7724
f 7444 6843 7441
f 7442 7441 6843
f 7723 7714 7727
f 7723 7727 7726
f 7713 7690 7691
f 7446 6843 7443
f 7714 7713 7728
f 7691 7728 7713
f 6843 7446 7426
f 7413 7412 6843
f 7729 7727 7728
f 7714 7728 7727
f 7730 7691 7689
f 7730 7728 7691
f 7689 7717 7730
f 7729 7730 7731
f 7717 7731 7730
f 7457 7456 6843
f 7730 7729 7728
f 7049 7732 7004
f 7732 7002 7004
f 7383 7398 7467
f 7733 7731 7717
f 6871 7178 6872
f 7004 7050 7049
f 7725 7731 7734
f 7726 7729 7725
f 7727 7729 7726
f 7729 7731 7725
f 7733 7734 7731
f 7724 7735 7697
f 7735 7722 7710
f 7679 7722 7736
f 7737 7736 7722
f 7710 7697 7735
f 6882 7656 6843
f 6843 7461 7460
f 7457 6843 7467
f 7738 7739 7740
f 7737 7722 7734
f 7735 7734 7722
f 7054 7042 7041
f 7460 7467 6843
f 7724 7725 7735
f 7734 7735 7725
f 7041 7040 7110
f 7717 7716 7733
f 7631 7669 7516
f 7716 7715 7741
f 7716 7741 7733
f 7132 7111 7110
f 7669 7467 7516
f 7715 7646 7742
f 7715 7742 7741
f 6989 6880 6990
f 7582 7561 7596
f 7552 7595 7568
f 7568 7595 7567
f 7743 7744 7738
f 7644 7638 7743
f 7744 7743 7638
f 7637 7643 7614
f 7581 7561 7582
f 7567 7596 7560
f 7452 7509 7745
f 7746 7747 7748
f 7746 7748 7736
f 7749 7747 7746
f 7749 7746 7750
f 7751 7752 7749
f 7751 7749 7750
f 7753 7754 7755
f 7754 7756 7755
f 7756 7757 7755
f 7744 7755 7757
f 7744 7757 7758
f 7758 7759 7744
f 7598 7178 6828
f 7752 7751 7760
f 7742 7760 7751
f 6899 7598 6889
f 7750 7746 7751
f 7742 7751 7746
f 7742 7746 7736
f 7742 7736 7737
f 7734 7733 7737
f 7733 7741 7737
f 7742 7737 7741
f 7758 7761 7762
f 7757 7761 7758
f 7763 7762 7761
f 7764 7765 7766
f 7560 7596 7561
f 7767 7761 7756
f 7768 7761 7767
f 7757 7756 7761
f 6870 6768 7720
f 7769 7770 7771
f 7765 7769 7766
f 7771 7766 7769
f 6765 7647 7720
f 7770 7772 7773
f 7774 7775 7772
f 7759 7739 7744
f 7738 7744 7739
f 7773 7772 7776
f 7775 7776 7772
f 7621 7595 7624
f 7596 7567 7594
f 7356 7678 7677
f 7763 7777 7762
f 7625 7595 7617
f 7551 7595 7552
f 7778 7775 7779
f 7774 7779 7775
f 7773 7771 7770
f 7678 7177 7225
f 7778 7779 7780
f 7779 7781 7780
f 7760 7780 7781
f 7760 7781 7748
f 7760 7748 7747
f 7749 7752 7747
f 7760 7747 7752
f 7598 7782 7178
f 7768 7753 7626
f 7676 7559 7214
f 6828 6632 6889
f 7768 7767 7753
f 7754 7753 7767
f 6684 7576 6466
f 7754 7767 7756
f 7617 7595 7551
f 7759 7758 7762
f 7631 7632 7669
f 7594 7567 7595
f 7625 7624 7595
f 7762 7777 7759
f 7783 7759 7777
f 6882 7658 7656
f 7604 6843 7656
f 7461 6843 7604
f 7679 7736 7275
f 7533 7275 7736
f 7621 7623 7595
f 7676 7214 7547
f 7660 7665 7656
f 7658 7660 7656
f 7665 7595 7655
f 7655 7656 7665
f 7662 7740 7739
f 7662 7739 7663
f 7595 7623 7655
f 7275 7559 7679
f 7783 7663 7739
f 7759 7783 7739
f 7559 7676 7679
f 7635 7654 7629
f 7587 7611 7635
f 7611 7652 7635
f 7654 7635 7652
f 7663 7629 7654
f 7676 7668 7679
f 7736 7748 7533
f 7571 7533 7748
f 7761 7629 7763
f 7783 7777 7629
f 7768 7626 7761
f 7629 7761 7626
f 7784 6374 6382
f 7785 7769 7765
f 7783 7629 7663
f 6323 7557 6269
f 6323 6269 7669
f 7763 7629 7777
f 7786 7773 7776
f 7651 7630 7653
f 6920 7653 7630
f 7584 7634 7610
f 7651 7610 7634
f 7634 7630 7651
f 7630 6892 6920
f 6892 7409 6890
f 7420 7358 6890
f 7786 7771 7773
f 7745 7509 7787
f 7409 7420 6890
f 6955 6957 7060
f 7788 7098 7046
f 7046 7045 7788
f 7788 7045 7789
f 7039 7789 7045
f 7774 7790 7779
f 7791 7781 7779
f 7683 6955 7060
f 7059 6957 7792
f 7060 7059 6310
f 7650 6834 7685
f 7792 6310 7059
f 7792 6957 7079
f 7764 7766 7793
f 7794 7795 7079
f 7785 7765 7764
f 7796 7079 7078
f 7778 7797 7775
f 7509 7633 7787
f 7079 7796 7794
f 7798 7776 7775
f 7798 7775 7797
f 7093 7789 7039
f 7776 7798 7786
f 6293 7794 7796
f 7633 7564 7563
f 7770 7799 7772
f 7800 7774 7772
f 7078 7801 7802
f 7633 7563 7788
f 7788 7563 7098
f 7803 7512 7802
f 7701 7178 7782
f 7788 7787 7633
f 6293 7796 7512
f 7577 7760 7549
f 7742 7549 7760
f 7780 7760 7577
f 7804 7803 7801
f 6875 6783 6946
f 6947 6946 6783
f 7801 7468 7804
f 7805 7804 7468
f 7805 7468 7806
f 6875 6660 6783
f 7512 7803 7513
f 6767 6238 6947
f 7805 7513 7804
f 7657 7098 7807
f 7771 7793 7766
f 7804 7513 7803
f 7808 7764 7793
f 7599 7807 7563
f 7468 7430 7435
f 6947 6783 6682
f 6682 6783 6779
f 7806 7468 7435
f 6664 6779 6783
f 7770 7769 7799
f 7562 7599 7563
f 7597 7599 7562
f 6767 6947 6682
f 7597 7562 7782
f 7806 7508 7805
f 6781 6532 6779
f 7782 7598 7597
f 7774 7800 7790
f 6899 7599 7598
f 7791 7779 7790
f 7642 7646 7522
f 6816 6534 6533
f 7745 7453 7452
f 7809 6332 7788
f 7810 7788 6332
f 6682 6779 6532
f 6533 6532 6781
f 6879 7787 7615
f 7811 7780 7577
f 7110 7787 7812
f 7787 6879 7453
f 7813 7778 7811
f 7780 7811 7778
f 7812 7814 7020
f 7606 7815 7613
f 7816 7614 7613
f 7041 7812 7054
f 7400 7389 7401
f 7388 7401 7389
f 7098 7563 7807
f 7817 7793 7771
f 7298 7787 7810
f 7511 7410 7627
f 7788 7810 7787
f 7636 7614 7818
f 7785 7764 7808
f 7636 7818 7638
f 7819 7638 7818
f 7820 7769 7785
f 7807 6899 7657
f 7599 6899 7807
f 7813 7797 7778
f 7816 7818 7614
f 7817 7771 7786
f 7019 7812 7020
f 7820 7799 7769
f 7821 7637 7644
f 7800 7772 7799
f 7019 7054 7812
f 7657 7099 7098
f 7821 7645 7637
f 7110 7812 7041
f 7607 7643 7645
f 6579 6703 7657
f 7099 7657 6703
f 7810 7316 7298
f 7390 7787 7298
f 7791 7822 7781
f 6533 6781 7823
f 7678 7823 6781
f 6990 7787 6991
f 6991 7787 7110
f 7554 7640 6701
f 7615 7787 6990
f 6533 7823 6816
f 7824 6816 7823
f 7047 7046 7101
f 7825 7812 7787
f 7640 7554 7646
f 7642 7639 7646
f 7826 6817 7824
f 7048 7047 6467
f 7646 6699 7742
f 7549 7742 6699
f 7400 7787 7389
f 6816 7824 6817
f 6700 7646 7554
f 6699 7646 6700
f 6703 6467 7101
f 7787 7453 7745
f 7004 6850 6376
f 6853 6850 7004
f 7675 6309 6308
f 7675 7673 6309
f 7827 6608 7787
f 7748 7781 7571
f 7822 7571 7781
f 7434 7508 7435
f 7435 7508 7806
f 7373 7372 7787
f 7400 7373 7787
f 7434 7487 7508
f 7372 7827 7787
f 7828 6319 6316
f 6330 6329 7825
f 6633 6867 6634
f 7829 6315 6317
f 7093 7039 7091
f 6317 6318 7829
f 6817 7826 7830
f 6731 6817 7830
f 7831 6327 6183
f 7831 6328 6327
f 6889 6652 6651
f 6889 6651 6635
f 6889 6635 6634
f 6889 6634 6867
f 6889 6867 6732
f 6889 6732 6431
f 6889 6431 6433
f 7832 7833 7834
f 7834 7833 6233
f 6853 7004 7003
f 7834 7835 7836
f 7836 7837 7834
f 7743 7738 7838
f 7832 7834 7837
f 6631 6881 6651
f 7838 7839 7743
f 6326 6183 6327
f 7638 7819 7744
f 6467 6466 7048
f 7038 7037 6466
f 7840 7841 7842
f 7037 7048 6466
f 6433 6954 6889
f 6899 6889 6954
f 6731 6954 6433
f 7830 6954 6731
f 6760 6762 7843
f 7842 7843 6762
f 7755 7744 7844
f 7842 7845 7843
f 6232 7834 6233
f 7844 7846 7753
f 7844 7753 7755
f 6828 6889 7598
f 7627 7626 7753
f 6937 6690 6954
f 7847 7843 7845
f 6762 6766 6884
f 7504 7848 6248
f 7355 7849 7356
f 7850 7851 7834
f 7356 7849 7678
f 7823 7678 7849
f 7485 7852 6283
f 7853 7850 7834
f 7854 7835 7855
f 7505 7848 7856
f 7854 7836 7835
f 7857 7816 7613
f 7505 7852 7485
f 7851 7858 7835
f 7834 7851 7835
f 6282 6283 7852
f 7858 7859 7835
f 7860 7505 7856
f 7835 7861 7855
f 7002 7093 7003
f 7860 7852 7505
f 7861 7859 7862
f 7861 7862 7855
f 7003 7576 6853
f 6854 6853 7576
f 7606 7612 7815
f 7835 7859 7861
f 7857 7613 7815
f 7092 7576 7003
f 7863 7864 7865
f 6282 7852 7866
f 6854 7576 7486
f 7867 7868 7869
f 7864 7870 7865
f 7870 7871 7865
f 7860 7866 7852
f 7872 7863 7865
f 7873 7869 7868
f 6466 7091 7038
f 7874 7875 7605
f 7869 7873 7876
f 7091 6466 7576
f 7612 7605 7877
f 7875 7877 7605
f 6282 7878 6168
f 6169 6168 7878
f 7092 7091 7576
f 7879 7878 7866
f 6282 7866 7878
f 7486 6855 6854
f 7880 7881 7882
f 7486 6860 6855
f 7883 7876 7884
f 7884 7829 7883
f 7885 7883 7829
f 7886 7881 7887
f 7886 7887 7888
f 7874 7607 7645
f 7829 7889 7885
f 7890 7885 7889
f 7605 7607 7874
f 7891 6171 6169
f 7892 7893 7894
f 7886 7894 7881
f 7889 7116 7890
f 7816 7857 7874
f 7878 7891 6169
f 7884 7876 7873
f 7895 6305 7891
f 6171 7891 6305
f 7115 7890 7116
f 7896 7897 7898
f 7879 7895 7891
f 7879 7891 7878
f 7895 7899 6305
f 7900 7901 7902
f 7882 7902 7901
f 7903 7882 7904
f 7645 7816 7874
f 7875 7874 7857
f 7815 7875 7857
f 7877 7875 7815
f 7612 7877 7815
f 7879 7866 7860
f 7899 7895 7856
f 7860 7856 7895
f 7879 7860 7895
f 7905 7503 7511
f 7903 7906 7882
f 7503 7905 7504
f 6860 6870 6851
f 7896 7907 7897
f 7908 7905 7627
f 7905 7511 7627
f 7828 7909 7156
f 7157 7156 7909
f 7910 7896 7898
f 7821 7839 7818
f 7909 7828 7911
f 7912 7913 7914
f 7910 7915 7896
f 7916 7911 7917
f 7828 7917 7911
f 6852 6851 6870
f 7848 7504 7905
f 7918 7914 7919
f 7505 6248 7848
f 7915 7918 7919
f 7915 7919 7896
f 7908 7920 7905
f 7720 6848 6870
f 7920 7848 7905
f 7888 7887 7921
f 7720 6849 6848
f 7872 7865 7893
f 7881 7894 7893
f 7872 7893 7892
f 7867 7922 7868
f 7923 7558 7924
f 7925 7921 7887
f 7920 7856 7848
f 7922 7924 7558
f 7893 7882 7881
f 7720 7647 6849
f 7821 7818 7645
f 7868 7922 7558
f 6849 7647 6856
f 7644 7839 7821
f 6857 7685 6377
f 7899 6306 6305
f 7926 6196 6377
f 6856 7647 7650
f 7904 7882 7901
f 7927 7928 7929
f 7650 6857 6856
f 7899 7930 6307
f 7899 6307 6306
f 7931 7887 7881
f 7929 7932 7933
f 7934 7933 7932
f 7935 7900 7902
f 6308 6307 7662
f 7930 7662 6307
f 7932 7557 7934
f 7936 7934 7557
f 7557 7937 7936
f 7938 7936 7937
f 7939 7935 7902
f 7893 7939 7902
f 6385 7940 7132
f 7924 7938 7923
f 7923 7938 7937
f 7906 7941 7880
f 7941 7942 7880
f 6266 6620 7812
f 7880 7882 7906
f 7881 7880 7943
f 7942 7943 7880
f 7944 6267 7945
f 6266 7945 6267
f 7943 7946 7881
f 7831 6303 7944
f 7931 7881 7947
f 7946 7947 7881
f 6267 7944 6303
f 7947 7887 7931
f 6303 7831 6304
f 7845 7948 7949
f 7882 7893 7902
f 7950 7847 7845
f 6304 7831 6388
f 7950 7845 7949
f 6389 7951 6390
f 7948 7845 7952
f 7953 7952 7845
f 6388 6389 6386
f 7954 7913 7912
f 7919 7914 7913
f 7955 7956 7838
f 7819 7839 7956
f 7818 7816 7645
f 7819 7818 7839
f 7838 7956 7839
f 6383 7712 6382
f 7650 7685 6857
f 7740 7957 7955
f 7957 7958 7955
f 7955 7958 7959
f 7955 7959 7846
f 7955 7846 7844
f 7955 7844 7956
f 7926 6377 7685
f 7838 7738 7955
f 6383 6377 6196
f 7644 7743 7839
f 7744 7819 7956
f 7744 7956 7844
f 7927 6391 6390
f 7738 7740 7955
f 7916 7917 6570
f 7960 6570 7917
f 7939 7893 7961
f 7865 7871 7962
f 7959 7963 7846
f 7627 7846 7963
f 7964 7965 7893
f 7926 7685 6814
f 7846 7627 7753
f 7789 6587 7809
f 7966 7967 7968
f 7963 7959 7958
f 7963 7958 7969
f 6196 7926 6197
f 7969 7958 7957
f 7969 7957 7970
f 7965 7961 7893
f 7970 7957 7740
f 7970 7740 7662
f 7971 7972 7973
f 7974 7973 7972
f 6251 7926 7687
f 7969 7970 7963
f 7627 7963 7970
f 7627 7970 7662
f 7627 7662 7930
f 7899 7908 7930
f 7856 7920 7899
f 7908 7899 7920
f 7627 7930 7908
f 7975 6571 7960
f 6292 6180 6181
f 7926 6251 6198
f 6181 7794 6292
f 7792 6311 6310
f 6570 7960 6571
f 6177 7795 6181
f 6571 7975 6543
f 6181 7795 7794
f 6820 7687 6814
f 6177 6311 7795
f 7792 7079 7795
f 7809 6543 7975
f 6311 7792 7795
f 7794 6293 6292
f 6543 7809 6587
f 6227 6226 7512
f 6587 7789 6619
f 7926 6198 6197
f 7512 7513 6227
f 7802 7512 7796
f 7926 6814 7687
f 6620 6619 7814
f 7945 6266 7812
f 7513 7805 7508
f 7919 7913 7896
f 7789 7814 6619
f 7976 7977 7842
f 7814 7812 6620
f 7978 7971 7979
f 7793 7785 7808
f 7817 7786 7820
f 7980 7981 7982
f 7978 7982 7981
f 7907 7913 7983
f 7793 7817 7820
f 7785 7793 7820
f 7799 7798 7800
f 7800 7797 7790
f 7976 7842 7984
f 7985 7986 7987
f 7985 7987 7988
f 7799 7820 7786
f 7798 7799 7786
f 7797 7800 7798
f 7972 7971 7981
f 7978 7981 7971
f 7822 7791 7813
f 7790 7797 7791
f 7813 7791 7797
f 7990 7986 7985
f 7990 7991 7986
f 7980 7982 7992
f 7977 7983 7913
f 7577 7574 7811
f 7574 7572 7811
f 7813 7811 7572
f 7813 7572 7569
f 7813 7569 7571
f 7813 7571 7822
f 7967 7913 7989
f 7687 6606 6251
f 7993 7994 7995
f 7996 7995 7994
f 7996 7994 7997
f 7996 7997 7998
f 7996 7998 7999
f 8000 6319 7999
f 7986 7876 7987
f 8001 7913 7989
f 7989 7967 8001
f 7989 8002 7967
f 7913 7954 7989
f 7913 7907 7896
f 7869 7986 7991
f 8002 7968 7967
f 7991 7867 7869
f 7876 7986 7869
f 7982 8003 7992
f 6916 6672 7095
f 7067 7095 6672
f 6672 6661 7067
f 6661 6648 7067
f 7023 7067 6648
f 7022 7023 6648
f 7022 6648 6681
f 7966 7968 8004
f 8002 7989 7954
f 6742 7022 6683
f 7967 7989 7913
f 8005 7189 7451
f 8006 6653 7132
f 7913 7967 7966
f 6820 7356 7687
f 7123 7997 7129
f 8007 8008 7973
f 7189 8005 8009
f 7131 7993 7144
f 7130 7994 7131
f 7974 8007 7973
f 7993 7995 7146
f 7145 7993 7146
f 7189 8009 7188
f 7971 7973 8010
f 8008 8010 7973
f 7158 7165 7996
f 7165 7153 7995
f 7152 7995 7153
f 8006 7132 7940
f 8010 8011 7971
f 7996 6644 7158
f 7445 7188 8009
f 8012 8013 7979
f 7439 7445 7182
f 6780 6670 7176
f 7978 7979 8014
f 8013 8014 7979
f 7999 7998 7117
f 7253 7439 7182
f 8015 8016 8017
f 8018 7978 8014
f 8015 8019 8016
f 8020 8021 8019
f 7151 7146 7995
f 7966 8004 7913
f 7176 7701 6780
f 7784 6382 7712
f 8018 8022 7978
f 8005 8023 8009
f 7979 7971 8012
f 8011 8012 7971
f 6314 7873 7868
f 8004 8001 7967
f 8004 7967 7913
f 8024 8025 8026
f 8004 8017 8016
f 7978 8022 8025
f 8026 8025 8022
f 7701 6981 6780
f 8017 8004 7968
f 8024 8027 8025
f 7120 7117 7998
f 7123 7120 7997
f 7998 7997 7120
f 7865 7982 7893
f 8028 7191 7183
f 7997 7994 7129
f 7865 7962 7982
f 7183 7182 7445
f 7145 7144 7993
f 6524 7828 6796
f 6316 6334 7917
f 8001 8004 8021
f 7978 8025 7893
f 7130 7129 7994
f 7993 7131 7994
f 7152 7151 7995
f 8029 7197 7196
f 7996 7165 7995
f 7982 7978 7893
f 7197 8029 7209
f 8025 8027 7893
f 8030 8001 8031
f 7893 8027 7964
f 6827 7701 7782
f 8031 8001 8021
f 6653 6989 7111
f 8032 7982 7962
f 8004 8016 8021
f 6622 6666 7066
f 7066 7068 6622
f 7068 6741 6622
f 6621 6622 6741
f 6666 6674 7066
f 6928 7066 6674
f 6771 6928 6674
f 8032 8003 7982
f 6743 6810 6741
f 6621 6741 6810
f 8023 8005 8033
f 8009 8023 8028
f 6328 7944 7945
f 6632 6827 7562
f 7944 6328 7831
f 6593 6591 7996
f 8034 7953 7845
f 8028 7445 8009
f 8035 8036 8037
f 8036 8038 8037
f 7225 7176 6670
f 7445 8028 7183
f 7111 7132 6653
f 8001 8030 7845
f 6388 6183 6389
f 7831 6183 6388
f 8039 8040 8041
f 8034 7845 8030
f 8042 8039 8041
f 8043 8039 8042
f 8016 8019 8021
f 8044 8045 8046
f 8033 8047 8048
f 8045 8049 8046
f 8020 8050 8021
f 8040 8039 8044
f 8051 8049 8045
f 7999 7117 8000
f 8033 8048 8023
f 8050 8031 8021
f 7196 8023 8048
f 6374 8052 6385
f 6644 7996 6452
f 8028 8023 7196
f 8039 8053 8054
f 7196 7191 8028
f 8055 8053 8039
f 7842 8056 7984
f 6471 6504 7158
f 8045 8044 8039
f 8043 8055 8039
f 8057 8051 8045
f 8000 7117 7116
f 8056 7842 7841
f 8047 8058 8048
f 6453 6452 7996
f 8047 8059 8058
f 8048 8058 8029
f 6644 6469 7158
f 7158 6469 6471
f 8060 6762 6884
f 7845 7842 8001
f 6670 6676 7225
f 6676 6606 7677
f 8048 8029 7196
f 8039 8061 8045
f 7842 7913 8001
f 7156 7158 6506
f 8059 8062 8063
f 7977 7913 7842
f 6504 6506 7158
f 8059 8063 8058
f 8058 8064 8029
f 8065 8066 8037
f 8037 8067 8065
f 6762 8060 7842
f 8068 8065 8067
f 6453 7996 6591
f 6383 6198 7712
f 8065 8068 8066
f 8069 8066 8068
f 7842 8060 7840
f 7840 8060 6326
f 8062 7883 7885
f 8062 7885 8063
f 6326 6325 7840
f 7841 7840 6325
f 8070 8061 8039
f 6740 6738 6326
f 8038 8067 8037
f 8064 8058 8063
f 8057 8045 8071
f 8071 8045 8061
f 6760 7843 6882
f 7949 6882 7847
f 7948 6882 7949
f 7843 7847 6882
f 8029 8064 7209
f 8072 8061 8070
f 7847 7950 7949
f 7948 7952 6882
f 7883 8062 7987
f 7883 7987 7876
f 7897 7907 6882
f 6882 7977 7976
f 8073 8074 8054
f 7977 6882 7983
f 8063 7890 8064
f 7898 7897 7910
f 8063 7885 7890
f 7983 6882 7907
f 7115 8064 7890
f 7115 7209 8064
f 7915 7910 7952
f 8075 8076 8077
f 7910 7897 7952
f 8066 8078 8079
f 6999 6996 8080
f 8076 8037 8066
f 6882 7952 7897
f 8075 8035 8076
f 8037 8076 8035
f 8081 8082 8076
f 7397 7386 8080
f 7953 8017 7952
f 8066 8079 8076
f 8082 8077 8076
f 8083 8084 7393
f 7386 7393 8084
f 8079 6777 8081
f 8079 8081 8076
f 7914 7918 7952
f 7918 7915 7952
f 8078 8069 6788
f 8066 8069 8078
f 7912 7952 7954
f 8002 7952 7968
f 7397 8080 6996
f 6788 6777 8078
f 8079 8078 6777
f 8080 7018 6999
f 6788 8069 6183
f 6738 6595 6326
f 7968 7952 8017
f 8015 8017 7953
f 7954 7952 8002
f 7912 7914 7952
f 7858 7851 6183
f 7018 8085 6839
f 6233 7836 6229
f 8034 8050 7953
f 8030 8031 8034
f 8015 7953 8019
f 8020 8019 7953
f 8020 7953 8050
f 8085 6838 6839
f 7833 7832 6233
f 8050 8034 8031
f 8085 6414 6838
f 7837 6233 7832
f 7976 7984 6882
f 8056 7841 6882
f 6325 6882 7841
f 7837 7836 6233
f 8056 6882 7984
f 7854 6229 7836
f 6884 6740 8060
f 6740 6326 8060
f 7386 8084 8080
f 8086 7018 8080
f 7853 6183 7850
f 8087 6183 7853
f 8088 6183 8087
f 8089 8090 8091
f 7851 7850 6183
f 7855 6194 7854
f 6194 6229 7854
f 6442 6414 8085
f 8092 8093 8094
f 8054 8053 8073
f 8055 8073 8053
f 8093 8092 8095
f 8080 8084 8086
f 8096 8054 8074
f 8097 8085 7018
f 8098 8093 8099
f 8100 8099 8093
f 8086 8097 7018
f 7855 7862 6194
f 8100 8093 8095
f 8097 6442 8085
f 8084 8101 8086
f 8096 8074 8102
f 8083 8101 8084
f 8103 7548 7659
f 8086 8104 8097
f 8101 8104 8086
f 7548 8103 8105
f 8104 6458 8097
f 7530 7548 8105
f 6194 7862 7864
f 7859 7864 7862
f 6458 8104 6463
f 8106 6463 8104
f 8107 8108 8109
f 8107 8109 8100
f 6194 7864 6234
f 6458 6442 8097
f 8107 8110 8108
f 8083 7393 7465
f 7872 7892 7863
f 7864 7863 6234
f 8100 8109 8099
f 8100 8111 8107
f 8083 8112 8101
f 8113 8114 8107
f 8115 8110 8107
f 8061 8072 8071
f 7465 8112 8083
f 8114 8115 8107
f 8112 8106 8101
f 6609 6878 6880
f 8116 8113 8117
f 8107 8117 8113
f 8072 8070 8118
f 8101 8106 8104
f 8070 8119 8118
f 8116 8117 8120
f 8055 8043 7951
f 7940 6385 8052
f 6390 7951 8043
f 7431 8121 7415
f 8100 8095 8122
f 8092 8122 8095
f 8043 8042 6390
f 7927 6390 8042
f 8042 8041 7927
f 8041 8040 7927
f 7928 7927 8040
f 8111 8100 8123
f 8122 8123 8100
f 8046 7427 8044
f 7928 8040 7427
f 8044 7427 8040
f 8117 8107 8124
f 8125 8124 8107
f 8051 7427 8049
f 8124 8120 8117
f 8112 8126 8106
f 8107 8111 8125
f 8123 8125 8111
f 6878 7371 7452
f 8091 8090 8098
f 8098 8090 8093
f 8057 8071 8051
f 8089 8094 8093
f 8089 8093 8090
f 8091 6325 8089
f 6324 8089 6325
f 7465 7415 8121
f 8121 8127 7465
f 6234 7863 7892
f 7669 8094 8089
f 6324 7669 8089
f 7870 7864 7859
f 7871 7870 7859
f 7632 7661 7669
f 7465 8127 8112
f 8046 8049 7427
f 8051 8071 7427
f 8071 8072 7427
f 8094 7669 8092
f 8073 8055 7951
f 7658 6882 7659
f 8127 8126 8112
f 7659 6882 8103
f 7661 7530 6882
f 8103 6882 7530
f 8126 6542 8106
f 7916 8126 8127
f 8105 8103 7530
f 8073 7951 8074
f 6542 8126 6570
f 7916 6570 8126
f 6882 8120 7661
f 8106 6542 6463
f 8052 6374 7784
f 6882 8099 8109
f 6882 8109 8108
f 8108 8110 6882
f 8128 7427 8119
f 8072 8118 7427
f 8119 7427 8118
f 8121 7431 7909
f 7157 7909 7431
f 8110 8115 6882
f 8129 8130 8131
f 7909 7911 8121
f 8121 7911 8127
f 8113 8116 8114
f 8114 6882 8115
f 7911 7916 8127
f 8114 8116 6882
f 8132 8133 8134
f 8132 8134 8130
f 8116 8120 6882
f 8124 7661 8120
f 8092 7669 7661
f 8092 7661 8122
f 8122 7661 8123
f 8132 8130 8129
f 7447 7454 8135
f 8123 7661 8125
f 8125 7661 8124
f 8099 6882 8098
f 6325 8091 6882
f 8098 6882 8091
f 7447 8135 7449
f 7669 6324 6323
f 7455 7449 8135
f 7455 8005 7451
f 8136 8134 8133
f 7454 8137 8135
f 8130 6399 6274
f 8135 8138 7455
f 7455 8033 8005
f 8134 6519 8130
f 8138 8033 7455
f 6519 6399 8130
f 7401 7452 7371
f 6519 8134 8136
f 7464 7459 7476
f 7463 7458 7464
f 6518 6286 6288
f 7463 8139 7454
f 6519 8140 6518
f 6276 8130 6274
f 6299 8141 6275
f 7476 8142 7464
f 7888 7921 6234
f 7886 7888 6234
f 7886 6234 7894
f 7892 7894 6234
f 7280 6633 7316
f 8141 8143 6275
f 6881 7298 7316
f 7464 8144 7463
f 6275 6274 6299
f 8139 7463 8144
f 6276 6275 8145
f 8143 8145 6275
f 7371 6878 6609
f 8145 8146 6276
f 8147 8148 8149
f 8130 6276 8131
f 8146 8131 6276
f 6711 8150 8147
f 6368 6288 6287
f 8140 6286 6518
f 8151 8140 6519
f 7228 6727 8152
f 6519 8136 8151
f 7454 8139 8137
f 6287 6372 6368
f 7281 8152 6868
f 6729 6868 8152
f 8138 8135 8137
f 6868 6633 7281
f 8133 8132 7427
f 7932 7929 8131
f 8129 8131 7929
f 7928 8129 7929
f 7372 7371 6609
f 7925 6234 7921
f 7939 8024 7935
f 8153 8154 8155
f 7946 7943 6234
f 7900 6234 7901
f 8139 8156 8157
f 7901 6234 7904
f 7904 6234 7903
f 7903 6234 7906
f 7941 7906 6234
f 7947 7946 6234
f 8139 8157 8137
f 7941 6234 7942
f 8137 8158 8138
f 7942 6234 7943
f 8137 8157 8158
f 8138 8047 8033
f 8138 8158 8047
f 7947 6234 7887
f 7887 6234 7925
f 7939 7961 7965
f 7964 8027 7939
f 7965 7964 7939
f 8156 7985 8157
f 7962 7871 7859
f 8032 7962 6183
f 8156 7990 7985
f 8157 7985 7988
f 6610 6609 6989
f 7859 6183 7962
f 8157 7988 8158
f 8158 7988 8059
f 7972 6234 7974
f 7972 7992 6234
f 8158 8059 8047
f 7981 7980 7972
f 7980 7992 7972
f 6244 6234 7992
f 7928 7427 8132
f 8129 7928 8132
f 8142 7476 8159
f 7974 6234 8007
f 8007 6234 8008
f 8144 7464 8142
f 8008 6234 8010
f 8010 6234 8011
f 7932 8146 7416
f 7416 8141 6299
f 6298 7416 6299
f 8141 7416 8143
f 8160 8144 8142
f 8143 7416 8145
f 8145 7416 8146
f 8131 8146 7932
f 7827 7372 6609
f 6609 6608 7827
f 8151 8136 7427
f 8133 7427 8136
f 8140 8151 7427
f 6286 8140 7427
f 6287 6286 7427
f 6372 6287 7427
f 6496 6360 7427
f 6366 7427 6361
f 8159 8161 8142
f 7557 7932 7416
f 7388 6645 7510
f 6322 7937 7557
f 7562 7564 6632
f 6322 6321 7937
f 7923 7937 6321
f 8160 8142 8161
f 7923 6321 7558
f 8144 8160 8156
f 6312 7868 6320
f 7884 7873 6315
f 8160 7990 8156
f 8144 8156 8139
f 7960 6334 7975
f 6313 7975 6334
f 6313 6332 7809
f 7975 6313 7809
f 7809 7788 7789
f 8161 8162 8163
f 7789 7002 7814
f 7732 7814 7002
f 7093 7002 7789
f 7020 7814 7049
f 7732 7049 7814
f 8161 8163 8160
f 7558 6320 7868
f 6314 7868 6312
f 7990 8160 8163
f 7829 7884 6315
f 6608 6610 6654
f 6318 7889 7829
f 8006 8164 6653
f 8000 7116 7889
f 6318 8000 7889
f 7873 6314 6315
f 8162 8165 8163
f 6663 6581 6319
f 6663 6319 6662
f 6524 6468 7828
f 8166 8153 8149
f 7917 7828 6316
f 7960 7917 6334
f 6332 6333 7810
f 7812 7825 7945
f 6329 7945 7825
f 6253 7712 6251
f 7945 6329 6328
f 6253 6252 7712
f 7951 6389 6183
f 8150 6711 8167
f 8165 8162 8168
f 8011 6234 8012
f 8013 8012 6234
f 7900 7935 8024
f 8163 8165 7991
f 8013 6234 8014
f 8018 6234 8022
f 8014 6234 8018
f 8022 6234 8026
f 7991 8165 7867
f 7990 8163 7991
f 8062 8059 7988
f 7687 7677 6606
f 7988 7987 8062
f 6234 7900 8026
f 8169 8170 8171
f 7922 8165 8168
f 8168 7924 7922
f 8024 8026 7900
f 7867 8165 7922
f 8024 7939 8027
f 8032 8069 8003
f 8148 8147 8150
f 7459 7403 7476
f 7236 8167 6711
f 6610 6989 6653
f 7236 6710 7228
f 6729 8152 6727
f 8068 7992 8069
f 7992 8068 6244
f 8036 6244 8038
f 8035 6244 8036
f 8038 6244 8068
f 8003 8069 7992
f 8172 8159 7476
f 8172 7476 7475
f 6271 6244 8035
f 6880 6989 6609
f 8173 8174 8159
f 8173 8159 8172
f 8174 8161 8159
f 7940 8052 6363
f 6654 6653 8164
f 8067 8038 8068
f 8154 8164 6192
f 8006 6192 8164
f 8174 8173 8175
f 8176 8175 8173
f 6192 8155 8154
f 7784 7712 6252
f 8174 8162 8161
f 8155 8149 8153
f 6252 6362 7784
f 8174 8175 8162
f 8035 8075 6271
f 8177 8178 8176
f 6271 8075 8077
f 7677 7225 6676
f 6362 8052 7784
f 6362 6363 8052
f 8179 8169 8171
f 8180 8179 8171
f 7236 7228 6331
f 7940 6363 6356
f 7810 6333 6331
f 7281 7810 8152
f 6331 7228 7810
f 7316 7810 7280
f 8181 8182 8183
f 6331 8167 7236
f 8184 8185 8171
f 8170 8184 8171
f 8186 7469 7468
f 7564 7510 6645
f 7389 7787 7390
f 8186 7468 7801
f 7469 8186 8187
f 8081 6777 8082
f 8152 7810 7228
f 6356 8006 7940
f 6777 6271 8082
f 8077 8082 6271
f 6186 8006 6356
f 8032 6183 8069
f 7281 7280 7810
f 7469 8187 7470
f 8149 8148 8166
f 8187 7475 7470
f 6185 8006 6186
f 7475 8187 8172
f 8188 8189 7375
f 6192 8006 6185
f 8171 8190 8180
f 8191 8187 8186
f 7701 6827 6981
f 8164 8154 7825
f 8154 8153 6330
f 8166 8148 6330
f 6331 6330 8148
f 6331 8148 8150
f 6331 8150 8167
f 8185 8192 8171
f 6192 6191 8155
f 6345 8155 6191
f 7825 7787 6608
f 7825 6654 8164
f 6330 7825 8154
f 8155 6345 8149
f 8171 8183 8182
f 7801 8193 8194
f 8149 6345 6343
f 8183 8171 8192
f 8195 8196 8193
f 7510 7452 7388
f 6654 7825 6608
f 7801 8194 8186
f 6645 6632 7564
f 7782 7562 6827
f 8153 8166 6330
f 8197 8128 8198
f 8199 8197 8198
f 6344 8147 6343
f 8200 8199 8198
f 8186 8194 8191
f 8149 6343 8147
f 8198 8182 8200
f 8182 8181 8200
f 8187 8191 8172
f 8000 6318 6319
f 8201 7999 6319
f 7996 7999 8201
f 6711 6344 6212
f 6344 6711 8147
f 8193 8202 8194
f 6367 6355 8203
f 8204 8039 8054
f 6355 6254 8203
f 7826 7824 7830
f 7824 7823 7830
f 6954 7830 7823
f 6937 6954 7823
f 7823 7849 6937
f 7849 7355 6937
f 6936 6937 7355
f 6683 6936 7355
f 6683 7355 6742
f 6681 6683 7022
f 8193 8196 8202
f 6371 8205 6370
f 8204 8171 8182
f 8194 8202 8206
f 6367 8207 6371
f 8208 8209 8204
f 8204 8182 8198
f 6254 6219 6351
f 8194 8206 8191
f 8191 8173 8172
f 6351 8203 6254
f 8191 8206 8173
f 8204 8198 8070
f 8210 7418 7368
f 6803 6805 6824
f 6805 6810 6824
f 6743 6824 6810
f 6824 6757 6803
f 6757 6759 6803
f 6793 6803 6759
f 6772 6793 6759
f 6759 6764 6772
f 6769 6772 6764
f 8203 8207 6367
f 8070 8128 8119
f 6351 6350 8203
f 7375 8211 8188
f 8204 8070 8039
f 6350 8207 8203
f 8201 8212 7996
f 8213 8212 8201
f 8196 8214 8215
f 8204 8216 8217
f 8070 8198 8128
f 6370 6186 6356
f 8054 8096 8204
f 8196 8215 8202
f 6371 8207 8205
f 8096 8102 8204
f 8218 8204 8102
f 8219 8206 8202
f 8220 8217 8216
f 8218 8216 8204
f 8205 8207 6349
f 6350 6349 8207
f 7418 7270 7368
f 8219 8202 8215
f 6370 8205 6186
f 8217 8221 8204
f 6349 6187 8205
f 6186 8205 6187
f 8206 8219 8176
f 7259 7368 7270
f 8222 7156 8223
f 8206 8176 8173
f 8222 8224 7156
f 8225 8211 7375
f 8226 7375 8227
f 8221 8217 8228
f 8220 8228 8217
f 8223 7156 6506
f 8176 8219 8177
f 8228 8229 8221
f 8214 8230 8215
f 8231 8232 8233
f 8214 6392 8230
f 8215 8230 8234
f 8209 8190 8171
f 8171 8204 8209
f 8215 8234 8219
f 8204 8232 8208
f 8235 8208 8232
f 8235 8232 8231
f 8234 8177 8219
f 6796 7828 8224
f 8175 8176 8178
f 8236 8233 8232
f 8168 8175 8178
f 7938 8178 7936
f 8237 8232 8238
f 8236 8232 8239
f 8237 8239 8232
f 8175 8168 8162
f 8223 6596 8222
f 8233 8236 8240
f 8239 8240 8236
f 8241 7375 8242
f 8222 6596 8224
f 7933 8230 6392
f 8240 8243 8233
f 8226 8227 8244
f 8223 6506 6596
f 8233 8245 8231
f 6392 6391 7927
f 6392 7927 7929
f 6392 7929 7933
f 8246 8242 7375
f 8247 8246 7375
f 8212 6585 6593
f 7933 7934 8230
f 8230 7934 8234
f 6593 7996 8212
f 8234 7936 8177
f 8226 8247 7375
f 8248 8245 8249
f 8233 8249 8245
f 8234 7934 7936
f 8201 6319 8213
f 8250 8249 8243
f 8233 8243 8249
f 8178 8177 7936
f 6585 8212 8213
f 8213 8251 6585
f 8250 8248 8249
f 8178 7938 7924
f 7924 8168 8178
f 8251 8213 6319
f 6692 8251 6319
f 8232 8221 8252
f 7375 8189 8253
f 7096 7082 6422
f 8221 8232 8204
f 8253 8254 7375
f 8221 8229 8252
f 8255 8252 8229
f 8232 8252 8238
f 8255 8238 8252
f 7802 7796 7078
f 6581 6692 6319
f 7828 6662 6319
f 7803 7802 7801
f 8256 8257 8258
f 8188 8259 8189
f 8256 8260 8257
f 7080 7103 8261
f 6662 7828 6468
f 7156 8224 7828
f 8257 8262 8263
f 7080 8261 8195
f 8263 8264 8257
f 8195 7078 7080
f 8193 7801 7078
f 8265 8262 8266
f 8257 8264 8258
f 8265 8263 8262
f 8262 8260 6166
f 8257 8260 8262
f 8261 8267 8195
f 8268 8266 8262
f 6166 8268 8262
f 8269 8270 8271
f 7078 8195 8193
f 8269 8272 8270
f 8267 8261 8273
f 8271 8274 8275
f 7532 7531 8189
f 8272 6165 8270
f 8276 8277 8259
f 8196 8195 8267
f 6165 6167 8270
f 8273 8278 8267
f 8274 8279 8275
f 8225 8280 8211
f 8273 8281 8278
f 8279 8274 6206
f 8267 8278 8214
f 8271 8270 8274
f 8276 8259 8282
f 8267 8214 8196
f 6167 6182 8270
f 7532 8259 8277
f 6302 6301 8281
f 6182 6184 8274
f 6182 8274 8270
f 8283 8282 8188
f 8259 8188 8282
f 6184 6206 8274
f 6387 8278 8281
f 8281 6301 6387
f 8284 8285 7531
f 6392 8278 6387
f 6193 6195 8286
f 8189 8259 7532
f 6392 8214 8278
f 6195 6214 8286
f 7322 8227 7375
f 6207 8286 6204
f 6229 6230 8287
f 8286 6190 8287
f 7080 6951 7103
f 6213 6205 8286
f 6216 6204 8286
f 7308 7322 7375
f 6215 6216 8286
f 6422 6647 7096
f 6205 6215 8286
f 8188 8211 8280
f 6207 6188 8286
f 8224 6596 6656
f 6214 6213 8286
f 8283 8188 8280
f 7086 8288 7103
f 6188 6190 8286
f 7103 8288 8261
f 8287 6190 8088
f 7332 8289 7322
f 8088 8087 8287
f 8290 7086 7096
f 6228 6193 8286
f 8286 8287 6230
f 8290 7096 6647
f 7314 7315 7322
f 8288 7086 8290
f 8241 8225 7375
f 6229 8287 8291
f 6232 6229 8291
f 7322 8289 8227
f 8244 8227 8289
f 6421 6649 8292
f 6421 8292 6647
f 6228 8286 6230
f 6647 8292 8293
f 7853 8291 8087
f 8287 8087 8291
f 6647 8293 8290
f 8290 8294 8288
f 8291 7834 6232
f 8290 8293 8294
f 8291 7853 7834
f 8288 8294 8273
f 8281 8273 8294
f 8088 6190 6183
f 7859 7858 6183
f 8288 8273 8261
f 6649 6665 6261
f 8292 6649 6261
f 7951 6183 8260
f 8189 8285 8295
f 8292 6270 8293
f 8292 6261 6270
f 6684 6466 6524
f 8189 7531 8285
f 8293 6270 6302
f 8179 8180 7432
f 8179 7432 8169
f 6270 6300 6302
f 8296 8295 8297
f 8285 8297 8295
f 8284 8297 8285
f 8293 6302 8294
f 8296 8298 8295
f 8294 6302 8281
f 8199 8200 7427
f 8170 8169 7427
f 6506 6586 6596
f 8190 7432 8180
f 8299 8253 8300
f 8184 8170 7427
f 8185 8184 7427
f 8199 7427 8197
f 8128 8197 7427
f 6703 6581 6663
f 8185 7427 8192
f 8200 8181 7427
f 8181 8183 7427
f 8192 7427 8183
f 8216 8218 8260
f 8260 8218 7951
f 8102 8074 7951
f 8300 8253 8301
f 8102 7951 8218
f 8220 8216 8260
f 8220 8260 8228
f 8229 8228 8260
f 8190 8209 7432
f 7427 8169 7432
f 8208 8235 7432
f 8231 7432 8235
f 8208 7432 8209
f 8295 8253 8189
f 6656 6796 8224
f 8253 8302 8301
f 8245 8248 8231
f 7432 8231 8248
f 6691 6585 8251
f 8251 6692 6691
f 8301 8303 8300
f 8299 8300 8303
f 8248 8250 7432
f 8243 8260 8250
f 8240 8260 8243
f 8239 8237 8260
f 8238 8260 8237
f 8229 8260 8255
f 8255 8260 8238
f 8295 8304 8253
f 7450 7432 8256
f 7432 8250 8260
f 8258 7450 8256
f 8240 8239 8260
f 8256 7432 8260
f 6182 6166 6183
f 8304 8295 8298
f 8265 7450 8263
f 8258 8263 7450
f 8253 8304 8302
f 8298 8302 8304
f 8263 8258 8264
f 7450 8265 8266
f 8266 8268 7450
f 6165 8272 6166
f 8305 8306 8307
f 8260 6183 6166
f 8272 8269 6166
f 8271 7450 8269
f 8275 6189 8271
f 8268 6166 8269
f 7450 8268 8269
f 7450 8271 6189
f 8305 8299 8306
f 8308 8306 8299
f 8279 6189 8275
f 6206 6189 8279
f 8299 8303 8308
f 8309 7368 8310
f 7375 8310 7368
f 8309 8311 7368
f 8312 8313 8305
f 8314 8312 8305
f 8307 8314 8305
f 8315 8313 8316
f 8312 8316 8313
f 7375 8254 8310
f 7368 8317 8318
f 8318 8319 7368
f 8210 7368 8319
f 8315 8320 8313
f 8310 8254 7550
f 8321 7368 8311
f 8313 8254 8305
f 8254 8253 8299
f 8254 8299 8305
f 8322 8254 8320
f 7399 7550 7392
f 8254 7392 7550
f 7392 8254 7408
f 8322 7408 8254
f 8313 8320 8254
f 7368 8323 8324
f 8321 8323 7368
f 8324 8317 7368
f 8325 8326 8327
f 8328 8327 8326
f 8329 8326 8325
f 8327 8330 8325
f 8331 8328 8326
f 8332 8325 8330
f 8333 8325 8334
f 8335 8334 8325
f 8336 8325 8337
f 8325 8333 8338
f 8335 8325 8332
f 8337 8325 8338
f 8339 8331 8326
f 8325 8340 8329
f 8325 8336 8340
f 8341 8326 8329
f 8341 6236 8326
f 6236 6235 8326
f 8339 8326 6235
f 8342 6241 6242
f 6242 6245 8342
f 8343 6240 6241
f 6245 6265 8342
f 8344 6240 8343
f 6241 8342 8343
f 6265 8344 8343
f 6265 8343 8342
f 6258 6272 8345
f 6284 6259 8345
f 8346 6284 8345
f 6258 8345 6259
f 8346 8347 6264
f 6268 6264 8347
f 6264 6284 8346
f 8345 6272 6285
f 8345 6285 8348
f 6285 6289 8348
f 8348 8349 8350
f 8346 8345 8348
f 8346 8348 8350
f 6291 8349 8348
f 6291 8348 6290
f 6289 6290 8348
f 8350 8347 8346
f 6291 7674 8349
f 7674 7671 8350
f 7674 8350 8349
f 8347 8350 7671
f 7671 6268 8347
f 8327 8328 7417
f 6269 7417 8328
f 8344 6269 8328
f 8344 6265 6269
f 6269 6268 7671
f 8319 8327 8210
f 7418 8210 8327
f 7418 8327 7417
f 8297 8284 7408
f 8241 8226 8225
f 7332 7315 8282
f 7313 7312 7532
f 7312 7408 7532
f 8225 8226 8280
f 8280 8289 8283
f 8289 7332 8283
f 8282 8283 7332
f 8276 8282 7315
f 8277 8276 7315
f 7315 7313 8277
f 8289 8280 8244
f 8242 8226 8241
f 8242 8246 8226
f 8244 8280 8226
f 8246 8247 8226
f 7532 8277 7313
f 8284 7531 7408
f 8301 8302 7408
f 8297 7408 8296
f 8296 7408 8298
f 8298 7408 8302
f 8303 7408 8308
f 8306 7408 8307
f 8308 7408 8306
f 8314 8307 7408
f 8301 7408 8303
f 8315 8316 7408
f 8312 7408 8316
f 8312 8314 7408
f 8319 8318 8327
f 8317 8327 8318
f 6194 8323 7550
f 8311 7550 8321
f 8309 8310 7550
f 8309 7550 8311
f 7408 8322 8320
f 8320 8315 7408
f 6194 8327 8324
f 8323 6194 8324
f 8321 7550 8323
f 8317 8324 8327
f 8332 8330 6194
f 6194 8330 8327
f 8328 8331 8344
f 8331 8339 8344
f 6235 8344 8339
f 8338 8333 8337
f 8333 8334 6234
f 6194 6234 8334
f 8334 8335 6194
f 8335 8332 6194
f 6234 8337 8333
f 6240 8344 6234
f 6244 6242 6234
f 6235 6234 8344
f 8341 8329 6234
f 6234 8329 8340
f 8340 8336 6234
f 8337 6234 8336
f 6234 6236 8341
f 8351 8352 8353
f 8359 8360 8361
f 8362 8361 8360
f 8363 8362 8360
f 8363 8360 8364
f 8363 8364 8365
f 8366 8367 8365
f 8352 8368 8369
f 8353 8352 8369
f 8369 8367 8366
f 8367 8369 8368
f 8370 8365 8367
f 8363 8365 8370
f 8371 8372 8373
f 8371 8373 8374
f 8359 8361 8374
f 8361 8375 8374
f 8371 8374 8375
f 8376 8377 8378
f 8379 8378 8377
f 8380 8378 8379
f 8378 8381 8376
f 8382 8376 8383
f 8384 8382 8383
f 8385 8386 8387
f 8388 8387 8389
f 8377 8388 8389
f 8387 8384 8390
f 8387 8390 8385
f 8382 8384 8388
f 8387 8388 8384
f 8382 8388 8376
f 8377 8376 8388
f 8383 8391 8384
f 8384 8391 8390
f 8395 8390 8391
f 8353 8369 8391
f 8389 8387 8386
f 8383 8351 8353
f 8383 8353 8391
f 8383 8376 8381
f 8389 8404 8377
f 8351 8383 8352
f 8381 8352 8383
f 8407 8381 8378
f 8407 8368 8381
f 8359 8374 8411
f 8386 8385 8420
f 8421 8422 8385
f 8429 8421 8390
f 8429 8390 8395
f 8420 8385 8422
f 8385 8390 8421
f 8366 8429 8369
f 8395 8369 8429
f 8437 8420 8422
f 8429 8366 8421
f 8421 8366 8422
f 8395 8391 8369
f 8437 8440 8420
f 8441 8407 8378
f 8442 8379 8404
f 8377 8404 8379
f 8378 8443 8441
f 8352 8381 8368
f 8404 8444 8442
f 8380 8379 8442
f 8443 8378 8380
f 8367 8368 8441
f 8407 8441 8368
f 8448 8449 8380
f 8448 8380 8442
f 8380 8449 8443
f 8367 8441 8449
f 8443 8449 8441
f 8449 8453 8367
f 8373 8372 8461
f 8373 8462 8374
f 8463 8464 8374
f 8464 8411 8374
f 8375 8467 8371
f 8372 8371 8461
f 8467 8461 8371
f 8473 8474 8475
f 8476 8475 8474
f 8473 8475 8478
f 8479 8478 8475
f 8480 8478 8481
f 8479 8481 8478
f 8509 8510 8511
f 8742 8743 8744
f 8745 8746 8747
f 8744 8748 8742
f 8747 8749 8750
f 8750 8744 8743
f 8755 8756 8757
f 8758 8756 8755
f 8759 8760 8761
f 8761 8763 8764
f 8756 8758 8763
f 8764 8763 8758
f 8755 8757 8758
f 8757 8776 8758
f 8764 8758 8790
f 8793 8794 8795
f 8796 8797 8798
f 8795 8798 8793
f 8798 8809 8796
f 8809 8813 8814
f 8798 8815 8809
f 8745 8817 8818
f 8748 8819 8820
f 8823 8746 8824
f 8823 8824 8825
f 8826 8749 8746
f 8826 8746 8823
f 8746 8745 8824
f 8749 8747 8746
f 8744 8750 8749
f 8830 8820 8819
f 8819 8831 8830
f 8823 8832 8826
f 8825 8832 8823
f 8481 8835 8836
f 8475 8835 8479
f 8479 8835 8481
f 8837 8836 8835
f 8838 8826 8839
f 8840 8837 8841
f 8837 8840 8842
f 8843 8842 8840
f 8819 8748 8839
f 8462 8373 8461
f 8463 8374 8462
f 8839 8832 8819
f 8461 8852 8462
f 8832 8853 8819
f 8852 8857 8462
f 8839 8826 8832
f 8853 8832 8825
f 8463 8462 8857
f 8858 8830 8831
f 8838 8839 8744
f 8748 8744 8839
f 8831 8859 8858
f 8862 8863 8375
f 8863 8467 8375
f 8863 8862 8866
f 8863 8866 8467
f 8866 8867 8467
f 8853 8831 8819
f 8744 8749 8838
f 8826 8838 8749
f 8869 8870 8871
f 8872 8873 8874
f 8875 8874 8873
f 8873 8870 8875
f 8876 8875 8870
f 8795 8877 8878
f 8879 8795 8878
f 8870 8869 8876
f 8879 8878 8815
f 8880 8815 8878
f 8881 8874 8875
f 8882 8813 8815
f 8882 8815 8880
f 8881 8875 8876
f 8815 8798 8879
f 8873 8872 8883
f 8884 8883 8872
f 8813 8809 8815
f 8885 8814 8813
f 8795 8879 8798
f 8818 8814 8885
f 8763 8761 8760
f 8759 8887 8760
f 8890 8760 8887
f 8892 8893 8894
f 8790 8897 8898
f 8790 8887 8764
f 8764 8759 8761
f 8476 8913 8475
f 8835 8841 8837
f 8915 8916 8917
f 8916 8918 8917
f 8916 8915 8919
f 8920 8921 8922
f 8917 8918 8923
f 8759 8764 8887
f 8880 8878 8924
f 8924 8925 8880
f 8926 8924 8878
f 8824 8818 8885
f 8927 8885 8813
f 8927 8813 8882
f 8885 8927 8824
f 8825 8824 8927
f 8882 8880 8925
f 8927 8882 8925
f 8943 8894 8944
f 8953 8954 8897
f 8790 8758 8776
f 8757 8955 8776
f 8956 8790 8776
f 8890 8887 8943
f 8898 8943 8887
f 8898 8954 8943
f 8958 8959 8960
f 8960 8961 8953
f 8887 8790 8898
f 8898 8897 8954
f 8963 8959 8958
f 8961 8960 8959
f 8943 8954 8894
f 8968 8969 8970
f 8970 8892 8971
f 8954 8961 8971
f 8954 8971 8894
f 8961 8959 8970
f 8961 8970 8971
f 8959 8963 8968
f 8959 8968 8970
f 8954 8953 8961
f 8975 8968 8976
f 8963 8976 8968
f 8890 8943 8944
f 8969 8968 8977
f 8975 8977 8968
f 8892 8970 8969
f 8969 8978 8979
f 8969 8979 8892
f 8977 8980 8978
f 8977 8978 8969
f 8975 8976 8980
f 8975 8980 8977
f 8978 8981 8979
f 8980 8982 8978
f 8976 8984 8980
f 8963 8985 8976
f 8958 8985 8963
f 8984 8976 8986
f 8985 8986 8976
f 8818 8824 8745
f 8820 8742 8748
f 8881 8994 8995
f 8874 8881 8995
f 8881 8876 8858
f 8876 8830 8858
f 8825 8927 8853
f 8925 9000 8927
f 9000 8853 8927
f 8411 9003 8926
f 8924 8926 9008
f 9003 9008 8926
f 9000 8859 8853
f 8831 8853 8859
f 9000 8925 8994
f 9000 8994 8859
f 8925 8924 9008
f 8925 9008 8994
f 8994 9008 8995
f 8411 8857 9003
f 8881 8858 8859
f 8881 8859 8994
f 9003 8857 9008
f 9019 9020 9021
f 9024 9021 9020
f 9025 9021 9024
f 8893 8944 8894
f 9020 8760 9024
f 9021 9025 9038
f 8862 8375 9041
f 8995 9008 8857
f 9038 8866 9021
f 9041 9019 8866
f 9021 8866 9019
f 8411 8464 8857
f 8464 8463 8857
f 8874 8995 8852
f 8852 8995 8857
f 8361 9041 8375
f 8866 8862 9041
f 8892 8979 8893
f 9048 8893 8979
f 8944 9024 8890
f 8894 8971 8892
f 8760 8890 9024
f 8944 9025 9024
f 8893 9048 9025
f 8893 9025 8944
f 8979 9060 9048
f 9060 9061 9048
f 9061 9038 9025
f 9025 9048 9061
f 9060 9081 9061
f 9081 9038 9061
f 8981 8978 8982
f 9060 8979 8981
f 8982 8980 8984
f 8981 9087 9060
f 9090 8743 8742
f 9091 9092 8903
f 8820 9094 8742
f 8817 8745 8747
f 9090 9096 8743
f 8750 8743 9096
f 9097 8818 8817
f 9108 9109 8817
f 9109 9110 8817
f 9108 8747 8750
f 8747 9108 8817
f 9126 9127 9128
f 9090 9128 9127
f 9096 9090 9127
f 8742 9128 9090
f 8750 9096 9108
f 9127 9142 9096
f 9108 9096 9142
f 9143 9127 9126
f 9127 9143 9145
f 9127 9145 9142
f 9145 9109 9142
f 9109 9108 9142
f 9164 9165 9166
f 9143 9166 9165
f 9167 9164 9166
f 9126 9166 9143
f 9109 9145 9168
f 9145 9143 9165
f 8876 8869 9169
f 9094 9169 9170
f 9170 9169 8869
f 9170 9126 9094
f 8830 8876 9169
f 8871 9164 9167
f 9167 8869 8871
f 8873 8883 8870
f 9174 8870 8883
f 8871 8870 9174
f 9175 8884 9176
f 9176 9177 9175
f 8919 9178 9179
f 8830 9169 8820
f 9094 8820 9169
f 8867 9179 9180
f 9180 9176 8852
f 9176 8872 8852
f 8874 8852 8872
f 9128 8742 9094
f 9177 9180 9179
f 8869 9167 9170
f 9177 9176 9180
f 9128 9094 9126
f 9167 9166 9170
f 9126 9170 9166
f 8852 8461 9180
f 9180 8461 8867
f 8467 8867 8461
f 8872 9176 8884
f 9186 9187 8921
f 8922 8921 9031
f 8955 9196 8776
f 9196 9197 8776
f 8956 8776 9197
f 9197 9198 8956
f 9199 8956 9198
f 8809 9200 8796
f 9187 9031 8921
f 8809 8814 9200
f 8796 9199 9198
f 8796 9198 8797
f 9205 8798 8797
f 8793 8798 9205
f 9207 9208 8897
f 8960 9209 8958
f 9209 8985 8958
f 8790 8956 9211
f 8790 9211 8897
f 9207 8897 9211
f 9213 9214 9215
f 9219 9220 9221
f 9215 9222 9213
f 9223 9224 9200
f 9200 9213 8796
f 8796 9213 9222
f 9200 8814 9223
f 8814 8818 9223
f 9092 9228 9229
f 9230 9229 9228
f 9231 9229 9230
f 9165 9230 9228
f 9165 9228 9234
f 9231 9230 9165
f 9234 9236 9237
f 9238 9215 9219
f 9239 9221 9220
f 9234 9219 9215
f 9215 9214 9234
f 9236 9234 9214
f 9222 9238 9221
f 9222 9221 9240
f 9221 9239 9241
f 9221 9241 9240
f 9222 9215 9238
f 9240 9241 9199
f 8956 9199 9241
f 9222 9240 9199
f 9199 8796 9222
f 9241 9243 8956
f 9110 9237 9236
f 9110 9236 9244
f 9236 9214 9224
f 9236 9224 9244
f 9214 9213 9224
f 9237 9168 9234
f 8920 9246 8921
f 9247 8921 9248
f 8921 8510 9186
f 9246 9248 8921
f 9237 9110 9168
f 9109 9168 9110
f 9097 8817 9110
f 9110 9244 9097
f 9223 9097 9244
f 9244 9224 9223
f 9213 9200 9224
f 9255 9165 9247
f 9165 9164 9247
f 9097 9223 8818
f 8904 8903 9092
f 9255 9247 9248
f 9255 9231 9165
f 9282 9092 9283
f 9282 8904 9092
f 9229 9283 9092
f 9300 9301 9302
f 9303 9304 9305
f 9302 9301 9305
f 9301 9306 9305
f 9303 9305 9306
f 9310 9311 9312
f 9313 9310 9312
f 9314 9312 9311
f 9311 9315 9314
f 9316 9314 9315
f 9317 9318 9300
f 9301 9300 9318
f 9300 9302 9317
f 9323 9303 9306
f 9306 9324 9323
f 9318 9324 9301
f 9305 9304 9328
f 9329 9330 9328
f 9313 9312 9338
f 9323 9328 9304
f 9323 9304 9303
f 9310 9313 9338
f 9310 9338 9339
f 9328 9323 9329
f 9341 9342 9329
f 9341 9329 9323
f 9343 9329 9342
f 9344 9343 9342
f 9344 9342 9345
f 9344 9345 9346
f 9338 9347 8877
f 9339 9338 8877
f 8877 9347 9346
f 9348 9346 9347
f 9344 9346 9348
f 8883 8884 9356
f 8883 9356 9174
f 9174 9356 8871
f 9164 8871 9356
f 9168 9145 9165
f 9165 9234 9168
f 8806 9186 8510
f 9360 9361 9362
f 9361 9356 8884
f 9255 9248 9231
f 9370 9231 9248
f 9229 9231 9370
f 9310 9339 9311
f 8877 8794 9339
f 9341 9376 9342
f 9341 9323 9377
f 9324 9377 9323
f 9306 9301 9324
f 9379 9380 9305
f 9305 9328 9379
f 9330 9379 9328
f 9343 9382 9329
f 8797 9315 8794
f 9311 9339 8794
f 8955 9338 9196
f 9380 9317 9302
f 9302 9305 9380
f 9317 9380 9318
f 9379 9318 9380
f 8877 8795 8794
f 9377 9376 9341
f 9330 9329 9382
f 9426 9348 9347
f 9312 9196 9338
f 9347 9338 9426
f 9442 9330 9443
f 9324 9330 9442
f 9382 9443 9330
f 9318 9379 9324
f 9379 9330 9324
f 9324 9442 9377
f 9442 9444 9377
f 9376 9377 9445
f 9444 9445 9377
f 8797 9198 9315
f 9311 8794 9315
f 9314 9197 9312
f 9346 8360 8877
f 8917 9448 8915
f 8915 9448 8919
f 9175 9361 8884
f 9362 9178 9360
f 9362 9177 9178
f 9179 9178 9177
f 9175 9177 9362
f 8919 9450 8916
f 9450 8919 9179
f 8918 8916 9081
f 9457 9081 8916
f 9081 9087 8918
f 8916 9450 9457
f 9179 8867 9450
f 9457 9450 8867
f 9060 9087 9081
f 9457 9038 9081
f 9457 8867 9038
f 8866 9038 8867
f 8842 8843 9459
f 8843 8923 9460
f 8843 9460 9459
f 9460 8923 8918
f 9461 9459 9462
f 9459 9460 9462
f 8842 9459 9461
f 9462 9460 9087
f 9343 8370 9382
f 8918 9087 9460
f 8982 9461 9462
f 8982 9462 8981
f 9462 9087 8981
f 8756 9426 8757
f 9426 9338 8757
f 8984 9461 8982
f 8806 8510 8807
f 9506 8510 9507
f 8509 9507 8510
f 8903 9005 9091
f 8807 8510 9506
f 8835 8475 8913
f 8843 8840 8841
f 8476 9512 8913
f 9512 9239 9220
f 9220 8913 9512
f 9091 8511 8510
f 9316 9315 9198
f 8794 9205 8797
f 8841 9448 8917
f 9178 8919 9360
f 9205 8794 8793
f 9175 9362 9361
f 8955 8757 9338
f 9312 9197 9196
f 8841 8917 8923
f 8923 8843 8841
f 9197 9314 9198
f 9316 9198 9314
f 9360 8919 9448
f 8877 8359 8878
f 8360 9346 9345
f 8365 8364 9342
f 8365 9376 9525
f 9342 9376 8365
f 8763 8760 8756
f 9426 8756 8760
f 9442 9443 9534
f 9535 9534 9443
f 9537 9444 9534
f 9535 9443 9382
f 9382 8453 9535
f 9444 9537 9445
f 9442 9534 9444
f 9376 9445 9525
f 9545 9525 9445
f 8386 8420 8440
f 8389 8386 9546
f 8440 9546 8386
f 8389 9546 8404
f 8444 8404 9546
f 8448 8442 8444
f 8448 8444 8440
f 9546 8440 8444
f 8926 8878 8359
f 8411 8926 8359
f 8877 8360 8359
f 8364 8360 9345
f 9345 9342 8364
f 9554 8366 9525
f 8365 9525 8366
f 8437 8422 9554
f 8422 8366 9554
f 8370 8367 8453
f 8453 9382 8370
f 8363 8370 9344
f 9343 9344 8370
f 9348 8362 9344
f 8363 9344 8362
f 8361 8362 9426
f 9348 9426 8362
f 8760 9020 9426
f 9019 9041 9020
f 9426 9020 8361
f 9041 8361 9020
f 9221 9238 9219
f 9211 8956 9243
f 8474 9211 9243
f 9545 9445 9537
f 8453 8449 9535
f 9534 9535 8449
f 8449 8448 9534
f 9554 9534 8448
f 8440 8437 8448
f 9554 8448 8437
f 9512 8476 9243
f 8474 9243 8476
f 9241 9239 9512
f 9241 9512 9243
f 9534 9554 9537
f 9525 9545 9554
f 9537 9554 9545
f 8481 8836 8480
f 8473 8478 9208
f 9208 9207 8473
f 8474 8473 9207
f 9207 9211 8474
f 8478 8480 9577
f 9577 9208 8478
f 9209 9577 8480
f 8480 9578 9209
f 8953 8897 9208
f 8960 8953 9577
f 9208 9577 8953
f 9577 9209 8960
f 9578 8480 8836
f 8836 8837 9584
f 8836 9584 9578
f 8837 8842 9584
f 9589 9590 9584
f 9590 9591 9584
f 9209 9578 9591
f 9578 9584 9591
f 9584 8842 9589
f 9461 9589 8842
f 8985 9209 9591
f 8986 8985 9590
f 9591 9590 8985
f 9589 8984 9590
f 8986 9590 8984
f 9589 9461 8984
f 9603 9604 9091
f 8511 9091 8561
f 9604 8561 9091
f 9659 9603 9091
f 9005 9659 9091
